SOD,ISB_E_m,P_ISB_m2,NL_count,isb_reinitialized
0.0,+1.783957,1.520287,0,0
60.0,+1.323814,0.737295,0,0
120.0,+1.284450,0.486020,0,0
180.0,+1.303431,0.325418,0,0
240.0,+1.521227,0.247880,0,0
300.0,+1.429132,0.199576,0,0
360.0,+1.414085,0.173370,0,0
420.0,+1.378437,0.149988,0,0
480.0,+1.333387,0.130572,0,0
540.0,+1.372576,0.115288,0,0
600.0,+1.370403,0.102897,0,0
660.0,+1.404876,0.093367,0,0
720.0,+1.427365,0.085955,0,0
780.0,+1.467409,0.078733,0,0
840.0,+1.420268,0.072682,0,0
900.0,+1.435419,0.067570,0,0
960.0,+1.483363,0.062972,0,0
1020.0,+1.520777,0.058767,0,0
1080.0,+1.512276,0.055006,0,0
1140.0,+1.528317,0.052040,0,0
1200.0,+1.548044,0.049404,0,0
1260.0,+1.554610,0.046397,0,0
1320.0,+1.542826,0.043910,0,0
1380.0,+1.525211,0.041986,0,0
1440.0,+1.527772,0.039905,0,0
1500.0,+1.559803,0.038024,0,0
1560.0,+1.568491,0.036290,0,0
1620.0,+1.598932,0.034693,0,0
1680.0,+1.597412,0.033383,0,0
1740.0,+1.593354,0.032000,0,0
1800.0,+1.604069,0.031058,0,0
1860.0,+1.603917,0.030177,0,0
1920.0,+1.603374,0.029389,0,0
1980.0,+1.611837,0.028643,0,0
2040.0,+1.594855,0.027933,0,0
2100.0,+1.585032,0.027255,0,0
2160.0,+1.605206,0.026145,0,0
2220.0,+1.645165,0.025224,0,0
2280.0,+1.647391,0.024129,0,0
2340.0,+1.661441,0.023341,0,0
2400.0,+1.655959,0.022830,0,0
2460.0,+1.650616,0.022357,0,0
2520.0,+1.650073,0.021668,0,0
2580.0,+1.637153,0.021244,0,0
2640.0,+1.653445,0.020842,0,0
2700.0,+1.650369,0.020458,0,0
2760.0,+1.650245,0.020087,0,0
2820.0,+1.642990,0.019728,0,0
2880.0,+1.639597,0.019380,0,0
2940.0,+1.637347,0.018818,0,0
3000.0,+1.631627,0.018310,0,0
3060.0,+1.637158,0.017821,0,0
3120.0,+1.644683,0.017527,0,0
3180.0,+1.654306,0.017202,0,0
3240.0,+1.658812,0.016926,0,0
3300.0,+1.657753,0.016529,0,0
3360.0,+1.670988,0.016178,0,0
3420.0,+1.666966,0.015947,0,0
3480.0,+1.674503,0.015604,0,0
3540.0,+1.663973,0.015340,0,0
3600.0,+1.671775,0.015020,0,0
3660.0,+1.674606,0.014818,0,0
3720.0,+1.663718,0.014622,0,0
3780.0,+1.668341,0.014432,0,0
3840.0,+1.669435,0.014122,0,0
3900.0,+1.676338,0.013940,0,0
3960.0,+1.677512,0.013765,0,0
4020.0,+1.675656,0.013526,0,0
4080.0,+1.676410,0.013347,0,0
4140.0,+1.668137,0.013179,0,0
4200.0,+1.676030,0.012913,0,0
4260.0,+1.680818,0.012687,0,0
4320.0,+1.685365,0.012473,0,0
4380.0,+1.673258,0.012268,0,0
4440.0,+1.673153,0.012137,0,0
4500.0,+1.677789,0.012009,0,0
4560.0,+1.671517,0.011883,0,0
4620.0,+1.674837,0.011681,0,0
4680.0,+1.680737,0.011554,0,0
4740.0,+1.684845,0.011433,0,0
4800.0,+1.685234,0.011257,0,0
4860.0,+1.677053,0.011143,0,0
4920.0,+1.682274,0.010978,0,0
4980.0,+1.684948,0.010720,0,0
5040.0,+1.691469,0.010597,0,0
5100.0,+1.700561,0.010488,0,0
5160.0,+1.699237,0.010387,0,0
5220.0,+1.703113,0.010292,0,0
5280.0,+1.704382,0.010156,0,0
5340.0,+1.703372,0.010054,0,0
5400.0,+1.718924,0.009909,0,0
5460.0,+1.719416,0.009780,0,0
5520.0,+1.709296,0.009697,0,0
5580.0,+1.705032,0.009617,0,0
5640.0,+1.707911,0.009467,0,0
5700.0,+1.707208,0.009330,0,0
5760.0,+1.711263,0.009214,0,0
5820.0,+1.714780,0.009114,0,0
5880.0,+1.718783,0.009012,0,0
5940.0,+1.721288,0.008915,0,0
6000.0,+1.727855,0.008815,0,0
6060.0,+1.729625,0.008721,0,0
6120.0,+1.718920,0.008625,0,0
6180.0,+1.720061,0.008534,0,0
6240.0,+1.715938,0.008449,0,0
6300.0,+1.715800,0.008344,0,0
6360.0,+1.714422,0.008251,0,0
6420.0,+1.711446,0.008169,0,0
6480.0,+1.709345,0.008093,0,0
6540.0,+1.705477,0.008020,0,0
6600.0,+1.714683,0.007949,0,0
6660.0,+1.712548,0.007880,0,0
6720.0,+1.709659,0.007737,0,0
6780.0,+1.704518,0.007646,0,0
6840.0,+1.702587,0.007574,0,0
6900.0,+1.713363,0.007511,0,0
6960.0,+1.717546,0.007463,0,0
7020.0,+1.721457,0.007404,0,0
7080.0,+1.724588,0.007347,0,0
7140.0,+1.726637,0.007263,0,0
7200.0,+1.731474,0.007205,0,0
7260.0,+1.737206,0.007150,0,0
7320.0,+1.736306,0.007090,0,0
7380.0,+1.736073,0.007036,0,0
7440.0,+1.740790,0.006984,0,0
7500.0,+1.743192,0.006936,0,0
7560.0,+1.746636,0.006888,0,0
7620.0,+1.747384,0.006845,0,0
7680.0,+1.754205,0.006745,0,0
7740.0,+1.751308,0.006685,0,0
7800.0,+1.754573,0.006638,0,0
7860.0,+1.754704,0.006599,0,0
7920.0,+1.756886,0.006561,0,0
7980.0,+1.750640,0.006525,0,0
8040.0,+1.751228,0.006489,0,0
8100.0,+1.756153,0.006453,0,0
8160.0,+1.755445,0.006330,0,0
8220.0,+1.758173,0.006245,0,0
8280.0,+1.751419,0.006138,0,0
8340.0,+1.754370,0.006097,0,0
8400.0,+1.752275,0.006041,0,0
8460.0,+1.750335,0.005998,0,0
8520.0,+1.754603,0.005969,0,0
8580.0,+1.753722,0.005955,0,0
8640.0,+1.756738,0.005940,0,0
8700.0,+1.756880,0.005927,0,0
8760.0,+1.759582,0.005901,0,0
8820.0,+1.759792,0.005876,0,0
8880.0,+1.752178,0.005853,0,0
8940.0,+1.761168,0.005770,0,0
9000.0,+1.763753,0.005735,0,0
9060.0,+1.768133,0.005715,0,0
9120.0,+1.768908,0.005702,0,0
9180.0,+1.768183,0.005646,0,0
9240.0,+1.765412,0.005616,0,0
9300.0,+1.767963,0.005599,0,0
9360.0,+1.767472,0.005571,0,0
9420.0,+1.774098,0.005550,0,0
9480.0,+1.768899,0.005534,0,0
9540.0,+1.771816,0.005522,0,0
9600.0,+1.774317,0.005511,0,0
9660.0,+1.781027,0.005501,0,0
9720.0,+1.779094,0.005491,0,0
9780.0,+1.784088,0.005480,0,0
9840.0,+1.788418,0.005409,0,0
9900.0,+1.785231,0.005390,0,0
9960.0,+1.785362,0.005364,0,0
10020.0,+1.792617,0.005331,0,0
10080.0,+1.788212,0.005313,0,0
10140.0,+1.784312,0.005134,0,0
10200.0,+1.784104,0.005090,0,0
10260.0,+1.782028,0.005057,0,0
10320.0,+1.777982,0.005029,0,0
10380.0,+1.780971,0.005019,0,0
10440.0,+1.780806,0.005015,0,0
10500.0,+1.782389,0.005014,0,0
10560.0,+1.784876,0.004987,0,0
10620.0,+1.789516,0.004977,0,0
10680.0,+1.790288,0.004972,0,0
10740.0,+1.795942,0.004964,0,0
10800.0,+1.796658,0.004960,0,0
10860.0,+1.797396,0.004950,0,0
10920.0,+1.796068,0.004935,0,0
10980.0,+1.796222,0.004899,0,0
11040.0,+1.795153,0.004867,0,0
11100.0,+1.793597,0.004855,0,0
11160.0,+1.790577,0.004832,0,0
11220.0,+1.794030,0.004825,0,0
11280.0,+1.792687,0.004823,0,0
11340.0,+1.791014,0.004829,0,0
11400.0,+1.791213,0.004828,0,0
11460.0,+1.793228,0.004828,0,0
11520.0,+1.793353,0.004825,0,0
11580.0,+1.794737,0.004813,0,0
11640.0,+1.793109,0.004815,0,0
11700.0,+1.790682,0.004818,0,0
11760.0,+1.793873,0.004793,0,0
11820.0,+1.793513,0.004778,0,0
11880.0,+1.793746,0.004771,0,0
11940.0,+1.796748,0.004769,0,0
12000.0,+1.795714,0.004763,0,0
12060.0,+1.800596,0.004766,0,0
12120.0,+1.800589,0.004769,0,0
12180.0,+1.808390,0.004751,0,0
12240.0,+1.803681,0.004769,0,0
12300.0,+1.803076,0.004788,0,0
12360.0,+1.800519,0.004808,0,0
12420.0,+1.799717,0.004827,0,0
12480.0,+1.796253,0.004846,0,0
12540.0,+1.797670,0.004850,0,0
12600.0,+1.801638,0.004851,0,0
12660.0,+1.802521,0.004854,0,0
12720.0,+1.803774,0.004850,0,0
12780.0,+1.800843,0.004852,0,0
12840.0,+1.800656,0.004765,0,0
12900.0,+1.796221,0.004747,0,0
12960.0,+1.793703,0.004741,0,0
13020.0,+1.790321,0.004698,0,0
13080.0,+1.787535,0.004697,0,0
13140.0,+1.788606,0.004508,0,0
13200.0,+1.787000,0.004507,0,0
13260.0,+1.779664,0.004451,0,0
13320.0,+1.783288,0.004444,0,0
13380.0,+1.786377,0.004445,0,0
13440.0,+1.792209,0.004430,0,0
13500.0,+1.793845,0.004436,0,0
13560.0,+1.790425,0.004448,0,0
13620.0,+1.794795,0.004459,0,0
13680.0,+1.795812,0.004468,0,0
13740.0,+1.798873,0.004478,0,0
13800.0,+1.796134,0.004490,0,0
13860.0,+1.796571,0.004496,0,0
13920.0,+1.795560,0.004505,0,0
13980.0,+1.794093,0.004514,0,0
14040.0,+1.791012,0.004482,0,0
14100.0,+1.794051,0.004481,0,0
14160.0,+1.795974,0.004487,0,0
14220.0,+1.796619,0.004494,0,0
14280.0,+1.801634,0.004501,0,0
14340.0,+1.802944,0.004457,0,0
14400.0,+1.798154,0.004456,0,0
14460.0,+1.797289,0.004462,0,0
14520.0,+1.794190,0.004470,0,0
14580.0,+1.792793,0.004472,0,0
14640.0,+1.792327,0.004476,0,0
14700.0,+1.789956,0.004480,0,0
14760.0,+1.793895,0.004491,0,0
14820.0,+1.795512,0.004498,0,0
14880.0,+1.802913,0.004474,0,0
14940.0,+1.798270,0.004480,0,0
15000.0,+1.797610,0.004489,0,0
15060.0,+1.796119,0.004501,0,0
15120.0,+1.797705,0.004512,0,0
15180.0,+1.799009,0.004523,0,0
15240.0,+1.798859,0.004557,0,0
15300.0,+1.798245,0.004591,0,0
15360.0,+1.797723,0.004614,0,0
15420.0,+1.795227,0.004646,0,0
15480.0,+1.793359,0.004678,0,0
15540.0,+1.795050,0.004710,0,0
15600.0,+1.793070,0.004733,0,0
15660.0,+1.791420,0.004755,0,0
15720.0,+1.789455,0.004777,0,0
15780.0,+1.790020,0.004798,0,0
15840.0,+1.789391,0.004810,0,0
15900.0,+1.790099,0.004829,0,0
15960.0,+1.788816,0.004848,0,0
16020.0,+1.785707,0.004869,0,0
16080.0,+1.782037,0.004886,0,0
16140.0,+1.781174,0.004904,0,0
16200.0,+1.778892,0.004921,0,0
16260.0,+1.776417,0.004937,0,0
16320.0,+1.773013,0.004953,0,0
16380.0,+1.771284,0.004937,0,0
16440.0,+1.771093,0.004934,0,0
16500.0,+1.773845,0.004927,0,0
16560.0,+1.773661,0.004935,0,0
16620.0,+1.771624,0.004935,0,0
16680.0,+1.768959,0.004949,0,0
16740.0,+1.766472,0.004950,0,0
16800.0,+1.760550,0.004916,0,0
16860.0,+1.761001,0.004903,0,0
16920.0,+1.762401,0.004896,0,0
16980.0,+1.762035,0.004907,0,0
17040.0,+1.765627,0.004922,0,0
17100.0,+1.762325,0.004937,0,0
17160.0,+1.762313,0.004948,0,0
17220.0,+1.761599,0.004963,0,0
17280.0,+1.759751,0.004978,0,0
17340.0,+1.764358,0.004974,0,0
17400.0,+1.763257,0.004991,0,0
17460.0,+1.760813,0.004928,0,0
17520.0,+1.753718,0.004928,0,0
17580.0,+1.755748,0.004935,0,0
17640.0,+1.753521,0.004946,0,0
17700.0,+1.753222,0.004961,0,0
17760.0,+1.749939,0.004928,0,0
17820.0,+1.750352,0.004930,0,0
17880.0,+1.754376,0.004939,0,0
17940.0,+1.753558,0.004953,0,0
18000.0,+1.746948,0.004956,0,0
18060.0,+1.744457,0.004961,0,0
18120.0,+1.739594,0.004958,0,0
18180.0,+1.738024,0.004899,0,0
18240.0,+1.740602,0.004878,0,0
18300.0,+1.738688,0.004880,0,0
18360.0,+1.736168,0.004891,0,0
18420.0,+1.737805,0.004908,0,0
18480.0,+1.734229,0.004918,0,0
18540.0,+1.731902,0.004933,0,0
18600.0,+1.730794,0.004948,0,0
18660.0,+1.727682,0.004963,0,0
18720.0,+1.726604,0.004979,0,0
18780.0,+1.722289,0.004993,0,0
18840.0,+1.724088,0.005007,0,0
18900.0,+1.723348,0.005017,0,0
18960.0,+1.722953,0.005026,0,0
19020.0,+1.722190,0.005035,0,0
19080.0,+1.716490,0.005043,0,0
19140.0,+1.714954,0.005050,0,0
19200.0,+1.713044,0.005014,0,0
19260.0,+1.716493,0.004941,0,0
19320.0,+1.719161,0.004895,0,0
19380.0,+1.718029,0.004883,0,0
19440.0,+1.716148,0.004890,0,0
19500.0,+1.722005,0.004880,0,0
19560.0,+1.720544,0.004889,0,0
19620.0,+1.719194,0.004888,0,0
19680.0,+1.712236,0.004887,0,0
19740.0,+1.714942,0.004892,0,0
19800.0,+1.712094,0.004899,0,0
19860.0,+1.710135,0.004903,0,0
19920.0,+1.708341,0.004893,0,0
19980.0,+1.703623,0.004892,0,0
20040.0,+1.701940,0.004895,0,0
20100.0,+1.697381,0.004896,0,0
20160.0,+1.695126,0.004896,0,0
20220.0,+1.692775,0.004897,0,0
20280.0,+1.693405,0.004883,0,0
20340.0,+1.689604,0.004876,0,0
20400.0,+1.684203,0.004862,0,0
20460.0,+1.685189,0.004777,0,0
20520.0,+1.685794,0.004749,0,0
20580.0,+1.688391,0.004739,0,0
20640.0,+1.684088,0.004737,0,0
20700.0,+1.683889,0.004739,0,0
20760.0,+1.680973,0.004742,0,0
20820.0,+1.678150,0.004745,0,0
20880.0,+1.675395,0.004748,0,0
20940.0,+1.670065,0.004718,0,0
21000.0,+1.668431,0.004635,0,0
21060.0,+1.665753,0.004604,0,0
21120.0,+1.661983,0.004596,0,0
21180.0,+1.660321,0.004598,0,0
21240.0,+1.653402,0.004571,0,0
21300.0,+1.648560,0.004484,0,0
21360.0,+1.648375,0.004456,0,0
21420.0,+1.646173,0.004452,0,0
21480.0,+1.637477,0.004450,0,0
21540.0,+1.633748,0.004439,0,0
21600.0,+1.634880,0.004427,0,0
21660.0,+1.636383,0.004434,0,0
21720.0,+1.634309,0.004447,0,0
21780.0,+1.633527,0.004464,0,0
21840.0,+1.632859,0.004466,0,0
21900.0,+1.634313,0.004477,0,0
21960.0,+1.629750,0.004492,0,0
22020.0,+1.631291,0.004509,0,0
22080.0,+1.627777,0.004425,0,0
22140.0,+1.627781,0.004411,0,0
22200.0,+1.629387,0.004416,0,0
22260.0,+1.631290,0.004423,0,0
22320.0,+1.634376,0.004437,0,0
22380.0,+1.631979,0.004450,0,0
22440.0,+1.630239,0.004465,0,0
22500.0,+1.629299,0.004481,0,0
22560.0,+1.629267,0.004496,0,0
22620.0,+1.628859,0.004511,0,0
22680.0,+1.626615,0.004529,0,0
22740.0,+1.621404,0.004540,0,0
22800.0,+1.621094,0.004551,0,0
22860.0,+1.616076,0.004562,0,0
22920.0,+1.609487,0.004520,0,0
22980.0,+1.604921,0.004520,0,0
23040.0,+1.602631,0.004525,0,0
23100.0,+1.604180,0.004535,0,0
23160.0,+1.602739,0.004546,0,0
23220.0,+1.600033,0.004556,0,0
23280.0,+1.598199,0.004566,0,0
23340.0,+1.598657,0.004575,0,0
23400.0,+1.596049,0.004583,0,0
23460.0,+1.595195,0.004592,0,0
23520.0,+1.591972,0.004600,0,0
23580.0,+1.590343,0.004607,0,0
23640.0,+1.589815,0.004614,0,0
23700.0,+1.597523,0.004488,0,0
23760.0,+1.600786,0.004456,0,0
23820.0,+1.602100,0.004446,0,0
23880.0,+1.605380,0.004448,0,0
23940.0,+1.606650,0.004446,0,0
24000.0,+1.609119,0.004437,0,0
24060.0,+1.611156,0.004442,0,0
24120.0,+1.609710,0.004449,0,0
24180.0,+1.606815,0.004457,0,0
24240.0,+1.606896,0.004333,0,0
24300.0,+1.602082,0.004287,0,0
24360.0,+1.598917,0.004267,0,0
24420.0,+1.603618,0.004271,0,0
24480.0,+1.602576,0.004284,0,0
24540.0,+1.600151,0.004290,0,0
24600.0,+1.598022,0.004296,0,0
24660.0,+1.598929,0.004307,0,0
24720.0,+1.600258,0.004320,0,0
24780.0,+1.600835,0.004337,0,0
24840.0,+1.600202,0.004272,0,0
24900.0,+1.599696,0.004272,0,0
24960.0,+1.602325,0.004279,0,0
25020.0,+1.603551,0.004281,0,0
25080.0,+1.604227,0.004288,0,0
25140.0,+1.604014,0.004298,0,0
25200.0,+1.605496,0.004283,0,0
25260.0,+1.602935,0.004289,0,0
25320.0,+1.607505,0.004293,0,0
25380.0,+1.607126,0.004303,0,0
25440.0,+1.607733,0.004273,0,0
25500.0,+1.608491,0.004271,0,0
25560.0,+1.607566,0.004183,0,0
25620.0,+1.609619,0.004165,0,0
25680.0,+1.608870,0.004164,0,0
25740.0,+1.607438,0.004174,0,0
25800.0,+1.606919,0.004162,0,0
25860.0,+1.603851,0.004169,0,0
25920.0,+1.605147,0.004182,0,0
25980.0,+1.607533,0.004199,0,0
26040.0,+1.606100,0.004207,0,0
26100.0,+1.604012,0.004223,0,0
26160.0,+1.602874,0.004241,0,0
26220.0,+1.599784,0.004255,0,0
26280.0,+1.598959,0.004260,0,0
26340.0,+1.599507,0.004268,0,0
26400.0,+1.598447,0.004280,0,0
26460.0,+1.594745,0.004286,0,0
26520.0,+1.595321,0.004295,0,0
26580.0,+1.599832,0.004304,0,0
26640.0,+1.604723,0.004300,0,0
26700.0,+1.601358,0.004305,0,0
26760.0,+1.602366,0.004311,0,0
26820.0,+1.599734,0.004331,0,0
26880.0,+1.602783,0.004303,0,0
26940.0,+1.604883,0.004301,0,0
27000.0,+1.602425,0.004310,0,0
27060.0,+1.605016,0.004315,0,0
27120.0,+1.605923,0.004330,0,0
27180.0,+1.607497,0.004344,0,0
27240.0,+1.609048,0.004360,0,0
27300.0,+1.611470,0.004376,0,0
27360.0,+1.610885,0.004285,0,0
27420.0,+1.610163,0.004278,0,0
27480.0,+1.611729,0.004265,0,0
27540.0,+1.609805,0.004279,0,0
27600.0,+1.611137,0.004290,0,0
27660.0,+1.612389,0.004301,0,0
27720.0,+1.615450,0.004315,0,0
27780.0,+1.615879,0.004321,0,0
27840.0,+1.617156,0.004320,0,0
27900.0,+1.617928,0.004329,0,0
27960.0,+1.620856,0.004346,0,0
28020.0,+1.618923,0.004357,0,0
28080.0,+1.622964,0.004368,0,0
28140.0,+1.621737,0.004380,0,0
28200.0,+1.622867,0.004386,0,0
28260.0,+1.621835,0.004397,0,0
28320.0,+1.619982,0.004405,0,0
28380.0,+1.625421,0.004391,0,0
28440.0,+1.626459,0.004394,0,0
28500.0,+1.628162,0.004386,0,0
28560.0,+1.627135,0.004388,0,0
28620.0,+1.629428,0.004312,0,0
28680.0,+1.628567,0.004298,0,0
28740.0,+1.630302,0.004291,0,0
28800.0,+1.633476,0.004297,0,0
28860.0,+1.637743,0.004298,0,0
28920.0,+1.636292,0.004301,0,0
28980.0,+1.639837,0.004306,0,0
29040.0,+1.639534,0.004276,0,0
29100.0,+1.640276,0.004258,0,0
29160.0,+1.643486,0.004233,0,0
29220.0,+1.642781,0.004221,0,0
29280.0,+1.636944,0.004112,0,0
29340.0,+1.638318,0.004071,0,0
29400.0,+1.642372,0.004054,0,0
29460.0,+1.638980,0.004037,0,0
29520.0,+1.637441,0.003910,0,0
29580.0,+1.631447,0.003879,0,0
29640.0,+1.627433,0.003878,0,0
29700.0,+1.629869,0.003879,0,0
29760.0,+1.625835,0.003815,0,0
29820.0,+1.626265,0.003804,0,0
29880.0,+1.624644,0.003797,0,0
29940.0,+1.621412,0.003803,0,0
30000.0,+1.621529,0.003816,0,0
30060.0,+1.618615,0.003714,0,0
30120.0,+1.621649,0.003705,0,0
30180.0,+1.619874,0.003699,0,0
30240.0,+1.616803,0.003687,0,0
30300.0,+1.615929,0.003655,0,0
30360.0,+1.616826,0.003639,0,0
30420.0,+1.614977,0.003643,0,0
30480.0,+1.616174,0.003656,0,0
30540.0,+1.618243,0.003671,0,0
30600.0,+1.618727,0.003687,0,0
30660.0,+1.617029,0.003703,0,0
30720.0,+1.616739,0.003682,0,0
30780.0,+1.618362,0.003691,0,0
30840.0,+1.621550,0.003703,0,0
30900.0,+1.619167,0.003700,0,0
30960.0,+1.614964,0.003643,0,0
31020.0,+1.615861,0.003651,0,0
31080.0,+1.612773,0.003628,0,0
31140.0,+1.610657,0.003628,0,0
31200.0,+1.615294,0.003631,0,0
31260.0,+1.613049,0.003621,0,0
31320.0,+1.617347,0.003625,0,0
31380.0,+1.618987,0.003636,0,0
31440.0,+1.623488,0.003630,0,0
31500.0,+1.623458,0.003626,0,0
31560.0,+1.623092,0.003634,0,0
31620.0,+1.624715,0.003647,0,0
31680.0,+1.629029,0.003632,0,0
31740.0,+1.627573,0.003637,0,0
31800.0,+1.627759,0.003621,0,0
31860.0,+1.628008,0.003626,0,0
31920.0,+1.632965,0.003628,0,0
31980.0,+1.632896,0.003639,0,0
32040.0,+1.630310,0.003646,0,0
32100.0,+1.629066,0.003656,0,0
32160.0,+1.625755,0.003666,0,0
32220.0,+1.626168,0.003675,0,0
32280.0,+1.626977,0.003684,0,0
32340.0,+1.625875,0.003692,0,0
32400.0,+1.624097,0.003640,0,0
32460.0,+1.624425,0.003574,0,0
32520.0,+1.624718,0.003530,0,0
32580.0,+1.628336,0.003513,0,0
32640.0,+1.626783,0.003482,0,0
32700.0,+1.630239,0.003455,0,0
32760.0,+1.631930,0.003459,0,0
32820.0,+1.633854,0.003470,0,0
32880.0,+1.633745,0.003469,0,0
32940.0,+1.635727,0.003483,0,0
33000.0,+1.637718,0.003476,0,0
33060.0,+1.633762,0.003480,0,0
33120.0,+1.629441,0.003490,0,0
33180.0,+1.631792,0.003502,0,0
33240.0,+1.629268,0.003516,0,0
33300.0,+1.632257,0.003520,0,0
33360.0,+1.633083,0.003530,0,0
33420.0,+1.632410,0.003540,0,0
33480.0,+1.630334,0.003551,0,0
33540.0,+1.629088,0.003517,0,0
33600.0,+1.627155,0.003517,0,0
33660.0,+1.626479,0.003440,0,0
33720.0,+1.629463,0.003427,0,0
33780.0,+1.628055,0.003430,0,0
33840.0,+1.629175,0.003433,0,0
33900.0,+1.631610,0.003436,0,0
33960.0,+1.634842,0.003366,0,0
34020.0,+1.629526,0.003334,0,0
34080.0,+1.629796,0.003294,0,0
34140.0,+1.629579,0.003295,0,0
34200.0,+1.631369,0.003296,0,0
34260.0,+1.629422,0.003314,0,0
34320.0,+1.630679,0.003261,0,0
34380.0,+1.627215,0.003257,0,0
34440.0,+1.627311,0.003267,0,0
34500.0,+1.630537,0.003276,0,0
34560.0,+1.631717,0.003289,0,0
34620.0,+1.631471,0.003309,0,0
34680.0,+1.633014,0.003330,0,0
34740.0,+1.632757,0.003351,0,0
34800.0,+1.631048,0.003372,0,0
34860.0,+1.636157,0.003374,0,0
34920.0,+1.642665,0.003385,0,0
34980.0,+1.643568,0.003400,0,0
35040.0,+1.645732,0.003417,0,0
35100.0,+1.645742,0.003434,0,0
35160.0,+1.648940,0.003451,0,0
35220.0,+1.648786,0.003467,0,0
35280.0,+1.650117,0.003441,0,0
35340.0,+1.648494,0.003444,0,0
35400.0,+1.647338,0.003455,0,0
35460.0,+1.647016,0.003471,0,0
35520.0,+1.650364,0.003488,0,0
35580.0,+1.655387,0.003473,0,0
35640.0,+1.660988,0.003439,0,0
35700.0,+1.662180,0.003444,0,0
35760.0,+1.656205,0.003438,0,0
35820.0,+1.659837,0.003447,0,0
35880.0,+1.661604,0.003461,0,0
35940.0,+1.660014,0.003477,0,0
36000.0,+1.659503,0.003494,0,0
36060.0,+1.661642,0.003510,0,0
36120.0,+1.665419,0.003526,0,0
36180.0,+1.665148,0.003447,0,0
36240.0,+1.659568,0.003431,0,0
36300.0,+1.656865,0.003432,0,0
36360.0,+1.658165,0.003443,0,0
36420.0,+1.659587,0.003457,0,0
36480.0,+1.657438,0.003424,0,0
36540.0,+1.653483,0.003358,0,0
36600.0,+1.652097,0.003348,0,0
36660.0,+1.650451,0.003300,0,0
36720.0,+1.647287,0.003262,0,0
36780.0,+1.644771,0.003270,0,0
36840.0,+1.643282,0.003287,0,0
36900.0,+1.643460,0.003306,0,0
36960.0,+1.644617,0.003327,0,0
37020.0,+1.642636,0.003348,0,0
37080.0,+1.644752,0.003369,0,0
37140.0,+1.647449,0.003389,0,0
37200.0,+1.648974,0.003409,0,0
37260.0,+1.654070,0.003417,0,0
37320.0,+1.656353,0.003431,0,0
37380.0,+1.654778,0.003445,0,0
37440.0,+1.658043,0.003461,0,0
37500.0,+1.654899,0.003476,0,0
37560.0,+1.652772,0.003424,0,0
37620.0,+1.654094,0.003413,0,0
37680.0,+1.655095,0.003420,0,0
37740.0,+1.651749,0.003430,0,0
37800.0,+1.650454,0.003444,0,0
37860.0,+1.652339,0.003466,0,0
37920.0,+1.651278,0.003483,0,0
37980.0,+1.651257,0.003505,0,0
38040.0,+1.655639,0.003333,0,0
38100.0,+1.647923,0.003320,0,0
38160.0,+1.651175,0.003332,0,0
38220.0,+1.651722,0.003357,0,0
38280.0,+1.653376,0.003385,0,0
38340.0,+1.655098,0.003401,0,0
38400.0,+1.656932,0.003427,0,0
38460.0,+1.658159,0.003453,0,0
38520.0,+1.658682,0.003480,0,0
38580.0,+1.659311,0.003505,0,0
38640.0,+1.660132,0.003530,0,0
38700.0,+1.660430,0.003556,0,0
38760.0,+1.661412,0.003581,0,0
38820.0,+1.662105,0.003606,0,0
38880.0,+1.663423,0.003601,0,0
38940.0,+1.661316,0.003616,0,0
39000.0,+1.657808,0.003634,0,0
39060.0,+1.659422,0.003653,0,0
39120.0,+1.658477,0.003674,0,0
39180.0,+1.658686,0.003690,0,0
39240.0,+1.654091,0.003656,0,0
39300.0,+1.652635,0.003658,0,0
39360.0,+1.652630,0.003669,0,0
39420.0,+1.656114,0.003650,0,0
39480.0,+1.656690,0.003664,0,0
39540.0,+1.657977,0.003681,0,0
39600.0,+1.661279,0.003699,0,0
39660.0,+1.665050,0.003718,0,0
39720.0,+1.667072,0.003735,0,0
39780.0,+1.664298,0.003751,0,0
39840.0,+1.664000,0.003673,0,0
39900.0,+1.662532,0.003652,0,0
39960.0,+1.664844,0.003628,0,0
40020.0,+1.660634,0.003624,0,0
40080.0,+1.660405,0.003626,0,0
40140.0,+1.662827,0.003643,0,0
40200.0,+1.660728,0.003593,0,0
40260.0,+1.660527,0.003579,0,0
40320.0,+1.662138,0.003584,0,0
40380.0,+1.659967,0.003589,0,0
40440.0,+1.657589,0.003607,0,0
40500.0,+1.658439,0.003609,0,0
40560.0,+1.655841,0.003622,0,0
40620.0,+1.656092,0.003638,0,0
40680.0,+1.658854,0.003638,0,0
40740.0,+1.655468,0.003637,0,0
40800.0,+1.657162,0.003651,0,0
40860.0,+1.658580,0.003670,0,0
40920.0,+1.655507,0.003691,0,0
40980.0,+1.653768,0.003710,0,0
41040.0,+1.656434,0.003719,0,0
41100.0,+1.659028,0.003732,0,0
41160.0,+1.657518,0.003753,0,0
41220.0,+1.651871,0.003771,0,0
41280.0,+1.651427,0.003785,0,0
41340.0,+1.647566,0.003774,0,0
41400.0,+1.645859,0.003739,0,0
41460.0,+1.645268,0.003745,0,0
41520.0,+1.644835,0.003759,0,0
41580.0,+1.645764,0.003776,0,0
41640.0,+1.645011,0.003793,0,0
41700.0,+1.641666,0.003809,0,0
41760.0,+1.632387,0.003825,0,0
41820.0,+1.634063,0.003840,0,0
41880.0,+1.633312,0.003854,0,0
41940.0,+1.629283,0.003867,0,0
42000.0,+1.627813,0.003889,0,0
42060.0,+1.625267,0.003911,0,0
42120.0,+1.620637,0.003928,0,0
42180.0,+1.619806,0.003936,0,0
42240.0,+1.619225,0.003818,0,0
42300.0,+1.614163,0.003819,0,0
42360.0,+1.609801,0.003825,0,0
42420.0,+1.607761,0.003828,0,0
42480.0,+1.608203,0.003849,0,0
42540.0,+1.602338,0.003860,0,0
42600.0,+1.599385,0.003878,0,0
42660.0,+1.590951,0.003899,0,0
42720.0,+1.585372,0.003921,0,0
42780.0,+1.582017,0.003943,0,0
42840.0,+1.582710,0.003887,0,0
42900.0,+1.578805,0.003871,0,0
42960.0,+1.580921,0.003862,0,0
43020.0,+1.578814,0.003879,0,0
43080.0,+1.575760,0.003900,0,0
43140.0,+1.577184,0.003920,0,0
43200.0,+1.577088,0.003940,0,0
43260.0,+1.579271,0.003955,0,0
43320.0,+1.578819,0.003891,0,0
43380.0,+1.575307,0.003898,0,0
43440.0,+1.576896,0.003869,0,0
43500.0,+1.574946,0.003874,0,0
43560.0,+1.577118,0.003891,0,0
43620.0,+1.576411,0.003857,0,0
43680.0,+1.568997,0.003843,0,0
43740.0,+1.563574,0.003853,0,0
43800.0,+1.561827,0.003866,0,0
43860.0,+1.559609,0.003888,0,0
43920.0,+1.557255,0.003912,0,0
43980.0,+1.555555,0.003935,0,0
44040.0,+1.554312,0.003958,0,0
44100.0,+1.552110,0.003980,0,0
44160.0,+1.550820,0.004002,0,0
44220.0,+1.548792,0.004024,0,0
44280.0,+1.542982,0.004044,0,0
44340.0,+1.541105,0.004064,0,0
44400.0,+1.537351,0.004083,0,0
44460.0,+1.537420,0.004095,0,0
44520.0,+1.535791,0.004111,0,0
44580.0,+1.532881,0.004127,0,0
44640.0,+1.532983,0.004143,0,0
44700.0,+1.530767,0.004159,0,0
44760.0,+1.527316,0.004174,0,0
44820.0,+1.524348,0.004180,0,0
44880.0,+1.523170,0.004192,0,0
44940.0,+1.521988,0.004205,0,0
45000.0,+1.520623,0.004219,0,0
45060.0,+1.512968,0.004109,0,0
45120.0,+1.510434,0.004102,0,0
45180.0,+1.506225,0.004109,0,0
45240.0,+1.507184,0.004121,0,0
45300.0,+1.499680,0.004136,0,0
45360.0,+1.495563,0.004151,0,0
45420.0,+1.492301,0.004166,0,0
45480.0,+1.491864,0.004181,0,0
45540.0,+1.494074,0.003932,0,0
45600.0,+1.490809,0.003895,0,0
45660.0,+1.491366,0.003898,0,0
45720.0,+1.491261,0.003916,0,0
45780.0,+1.489314,0.003939,0,0
45840.0,+1.487169,0.003964,0,0
45900.0,+1.482908,0.003989,0,0
45960.0,+1.480549,0.004014,0,0
46020.0,+1.477313,0.004040,0,0
46080.0,+1.474379,0.004064,0,0
46140.0,+1.472130,0.004088,0,0
46200.0,+1.474331,0.004109,0,0
46260.0,+1.470847,0.004131,0,0
46320.0,+1.472308,0.004140,0,0
46380.0,+1.470334,0.004157,0,0
46440.0,+1.468157,0.004175,0,0
46500.0,+1.468239,0.004194,0,0
46560.0,+1.463889,0.004213,0,0
46620.0,+1.461638,0.004232,0,0
46680.0,+1.459797,0.004251,0,0
46740.0,+1.460579,0.004268,0,0
46800.0,+1.458985,0.004286,0,0
46860.0,+1.457402,0.004303,0,0
46920.0,+1.461384,0.004042,0,0
46980.0,+1.461788,0.003984,0,0
47040.0,+1.460454,0.003978,0,0
47100.0,+1.449823,0.003946,0,0
47160.0,+1.445825,0.003953,0,0
47220.0,+1.443748,0.003973,0,0
47280.0,+1.444448,0.003999,0,0
47340.0,+1.442122,0.004026,0,0
47400.0,+1.439875,0.004053,0,0
47460.0,+1.439560,0.004081,0,0
47520.0,+1.439443,0.004108,0,0
47580.0,+1.438471,0.004135,0,0
47640.0,+1.436751,0.004160,0,0
47700.0,+1.436063,0.004186,0,0
47760.0,+1.435790,0.004211,0,0
47820.0,+1.436563,0.004131,0,0
47880.0,+1.433533,0.004114,0,0
47940.0,+1.431691,0.004120,0,0
48000.0,+1.428949,0.004029,0,0
48060.0,+1.426405,0.003996,0,0
48120.0,+1.423516,0.004001,0,0
48180.0,+1.422706,0.004023,0,0
48240.0,+1.418348,0.004051,0,0
48300.0,+1.417639,0.004082,0,0
48360.0,+1.416325,0.004025,0,0
48420.0,+1.413572,0.004037,0,0
48480.0,+1.410575,0.004011,0,0
48540.0,+1.412015,0.004020,0,0
48600.0,+1.413273,0.004001,0,0
48660.0,+1.413583,0.004011,0,0
48720.0,+1.410518,0.004035,0,0
48780.0,+1.409430,0.004065,0,0
48840.0,+1.410040,0.004096,0,0
48900.0,+1.409224,0.004128,0,0
48960.0,+1.408374,0.004160,0,0
49020.0,+1.405973,0.004191,0,0
49080.0,+1.402671,0.004221,0,0
49140.0,+1.400690,0.004245,0,0
49200.0,+1.398449,0.004273,0,0
49260.0,+1.398950,0.004291,0,0
49320.0,+1.394668,0.004316,0,0
49380.0,+1.396282,0.004342,0,0
49440.0,+1.395757,0.004367,0,0
49500.0,+1.394982,0.004393,0,0
49560.0,+1.392015,0.004419,0,0
49620.0,+1.391567,0.004445,0,0
49680.0,+1.391146,0.004470,0,0
49740.0,+1.390282,0.004495,0,0
49800.0,+1.387837,0.004342,0,0
49860.0,+1.386325,0.004332,0,0
49920.0,+1.385121,0.004349,0,0
49980.0,+1.380658,0.004344,0,0
50040.0,+1.380016,0.004355,0,0
50100.0,+1.376180,0.004376,0,0
50160.0,+1.375801,0.004401,0,0
50220.0,+1.372800,0.004426,0,0
50280.0,+1.372405,0.004453,0,0
50340.0,+1.372396,0.004478,0,0
50400.0,+1.370007,0.004437,0,0
50460.0,+1.364633,0.004443,0,0
50520.0,+1.364564,0.004452,0,0
50580.0,+1.359752,0.004483,0,0
50640.0,+1.358233,0.004490,0,0
50700.0,+1.356934,0.004507,0,0
50760.0,+1.354371,0.004499,0,0
50820.0,+1.352306,0.004509,0,0
50880.0,+1.350042,0.004527,0,0
50940.0,+1.349525,0.004544,0,0
51000.0,+1.348426,0.004557,0,0
51060.0,+1.346546,0.004580,0,0
51120.0,+1.345947,0.004602,0,0
51180.0,+1.348572,0.004619,0,0
51240.0,+1.349283,0.004644,0,0
51300.0,+1.348009,0.004669,0,0
51360.0,+1.348810,0.004607,0,0
51420.0,+1.351565,0.004613,0,0
51480.0,+1.350442,0.004632,0,0
51540.0,+1.348114,0.004655,0,0
51600.0,+1.347412,0.004671,0,0
51660.0,+1.343738,0.004695,0,0
51720.0,+1.344653,0.004719,0,0
51780.0,+1.344600,0.004743,0,0
51840.0,+1.345218,0.004768,0,0
51900.0,+1.341540,0.004793,0,0
51960.0,+1.335690,0.004810,0,0
52020.0,+1.333342,0.004831,0,0
52080.0,+1.333614,0.004853,0,0
52140.0,+1.333797,0.004876,0,0
52200.0,+1.331737,0.004902,0,0
52260.0,+1.329580,0.004927,0,0
52320.0,+1.328952,0.004949,0,0
52380.0,+1.326160,0.004963,0,0
52440.0,+1.322609,0.004978,0,0
52500.0,+1.319497,0.004992,0,0
52560.0,+1.319944,0.005014,0,0
52620.0,+1.318967,0.005039,0,0
52680.0,+1.317665,0.005065,0,0
52740.0,+1.317475,0.005091,0,0
52800.0,+1.315763,0.005117,0,0
52860.0,+1.314579,0.005143,0,0
52920.0,+1.314550,0.005169,0,0
52980.0,+1.312666,0.005186,0,0
53040.0,+1.313270,0.005212,0,0
53100.0,+1.312352,0.005237,0,0
53160.0,+1.312902,0.005242,0,0
53220.0,+1.312710,0.005277,0,0
53280.0,+1.309961,0.005303,0,0
53340.0,+1.310180,0.005332,0,0
53400.0,+1.309729,0.005362,0,0
53460.0,+1.309143,0.005398,0,0
53520.0,+1.306836,0.005435,0,0
53580.0,+1.305748,0.005474,0,0
53640.0,+1.303243,0.005513,0,0
53700.0,+1.302270,0.005537,0,0
53760.0,+1.301035,0.005571,0,0
53820.0,+1.298729,0.005607,0,0
53880.0,+1.296714,0.005642,0,0
53940.0,+1.297455,0.005675,0,0
54000.0,+1.300087,0.005712,0,0
54060.0,+1.299729,0.005749,0,0
54120.0,+1.300387,0.005783,0,0
54180.0,+1.298076,0.005817,0,0
54240.0,+1.298568,0.005852,0,0
54300.0,+1.298943,0.005886,0,0
54360.0,+1.297992,0.005920,0,0
54420.0,+1.298445,0.005950,0,0
54480.0,+1.295819,0.005982,0,0
54540.0,+1.295602,0.006014,0,0
54600.0,+1.295139,0.006044,0,0
54660.0,+1.295758,0.006066,0,0
54720.0,+1.296436,0.006094,0,0
54780.0,+1.296520,0.006118,0,0
54840.0,+1.295808,0.006142,0,0
54900.0,+1.293694,0.006164,0,0
54960.0,+1.292703,0.006186,0,0
55020.0,+1.293760,0.006207,0,0
55080.0,+1.294006,0.006229,0,0
55140.0,+1.293474,0.006252,0,0
55200.0,+1.292658,0.006266,0,0
55260.0,+1.292106,0.006284,0,0
55320.0,+1.290555,0.006300,0,0
55380.0,+1.292339,0.006321,0,0
55440.0,+1.290528,0.006339,0,0
55500.0,+1.288949,0.006355,0,0
55560.0,+1.285999,0.006332,0,0
55620.0,+1.287838,0.006340,0,0
55680.0,+1.281726,0.006294,0,0
55740.0,+1.279194,0.006292,0,0
55800.0,+1.278587,0.006301,0,0
55860.0,+1.277106,0.006317,0,0
55920.0,+1.278503,0.006334,0,0
55980.0,+1.276978,0.006345,0,0
56040.0,+1.280239,0.006364,0,0
56100.0,+1.281496,0.006382,0,0
56160.0,+1.282281,0.006401,0,0
56220.0,+1.282141,0.006419,0,0
56280.0,+1.282405,0.006436,0,0
56340.0,+1.282831,0.006452,0,0
56400.0,+1.282743,0.006467,0,0
56460.0,+1.281850,0.006453,0,0
56520.0,+1.286692,0.006459,0,0
56580.0,+1.282537,0.006407,0,0
56640.0,+1.284292,0.006402,0,0
56700.0,+1.283828,0.006407,0,0
56760.0,+1.286247,0.006417,0,0
56820.0,+1.290075,0.006429,0,0
56880.0,+1.291863,0.006441,0,0
56940.0,+1.293108,0.006452,0,0
57000.0,+1.296439,0.006422,0,0
57060.0,+1.296312,0.006399,0,0
57120.0,+1.293287,0.006403,0,0
57180.0,+1.299400,0.006369,0,0
57240.0,+1.295611,0.006365,0,0
57300.0,+1.295539,0.006362,0,0
57360.0,+1.292645,0.006364,0,0
57420.0,+1.292597,0.006363,0,0
57480.0,+1.296707,0.006341,0,0
57540.0,+1.298145,0.006334,0,0
57600.0,+1.302009,0.006344,0,0
57660.0,+1.302047,0.006346,0,0
57720.0,+1.301026,0.006350,0,0
57780.0,+1.301570,0.006359,0,0
57840.0,+1.306673,0.006368,0,0
57900.0,+1.308130,0.006364,0,0
57960.0,+1.307714,0.006368,0,0
58020.0,+1.309123,0.006375,0,0
58080.0,+1.310205,0.006373,0,0
58140.0,+1.310722,0.006375,0,0
58200.0,+1.312982,0.006378,0,0
58260.0,+1.314787,0.006382,0,0
58320.0,+1.317617,0.006386,0,0
58380.0,+1.321893,0.006389,0,0
58440.0,+1.320922,0.006395,0,0
58500.0,+1.317398,0.006238,0,0
58560.0,+1.312585,0.006204,0,0
58620.0,+1.317422,0.006204,0,0
58680.0,+1.316260,0.006214,0,0
58740.0,+1.315096,0.006231,0,0
58800.0,+1.314930,0.006250,0,0
58860.0,+1.311092,0.006250,0,0
58920.0,+1.314031,0.006266,0,0
58980.0,+1.314096,0.006283,0,0
59040.0,+1.313088,0.006301,0,0
59100.0,+1.312379,0.006296,0,0
59160.0,+1.312998,0.006291,0,0
59220.0,+1.313208,0.006307,0,0
59280.0,+1.312290,0.006324,0,0
59340.0,+1.312820,0.006318,0,0
59400.0,+1.311723,0.006327,0,0
59460.0,+1.316609,0.006306,0,0
59520.0,+1.315059,0.006294,0,0
59580.0,+1.314002,0.006271,0,0
59640.0,+1.315127,0.006281,0,0
59700.0,+1.314091,0.006292,0,0
59760.0,+1.315575,0.006278,0,0
59820.0,+1.317274,0.006290,0,0
59880.0,+1.325455,0.006243,0,0
59940.0,+1.329427,0.006176,0,0
60000.0,+1.328560,0.006159,0,0
60060.0,+1.326114,0.006158,0,0
60120.0,+1.326837,0.006166,0,0
60180.0,+1.328743,0.006151,0,0
60240.0,+1.329038,0.006164,0,0
60300.0,+1.332980,0.006150,0,0
60360.0,+1.332726,0.006163,0,0
60420.0,+1.333789,0.006136,0,0
60480.0,+1.330342,0.006113,0,0
60540.0,+1.327811,0.006120,0,0
60600.0,+1.330578,0.006129,0,0
60660.0,+1.329631,0.006139,0,0
60720.0,+1.329531,0.006121,0,0
60780.0,+1.329458,0.006130,0,0
60840.0,+1.330858,0.006138,0,0
60900.0,+1.331695,0.006145,0,0
60960.0,+1.334126,0.006152,0,0
61020.0,+1.334217,0.006176,0,0
61080.0,+1.334985,0.006200,0,0
61140.0,+1.335510,0.006191,0,0
61200.0,+1.332046,0.006178,0,0
61260.0,+1.332337,0.006199,0,0
61320.0,+1.329751,0.006220,0,0
61380.0,+1.336019,0.006213,0,0
61440.0,+1.336431,0.006227,0,0
61500.0,+1.335295,0.006220,0,0
61560.0,+1.336697,0.006239,0,0
61620.0,+1.338869,0.006232,0,0
61680.0,+1.340279,0.006230,0,0
61740.0,+1.337308,0.006224,0,0
61800.0,+1.335699,0.006219,0,0
61860.0,+1.335026,0.006240,0,0
61920.0,+1.335220,0.006260,0,0
61980.0,+1.332356,0.006259,0,0
62040.0,+1.334069,0.006279,0,0
62100.0,+1.334482,0.006295,0,0
62160.0,+1.333650,0.006313,0,0
62220.0,+1.332391,0.006307,0,0
62280.0,+1.333984,0.006319,0,0
62340.0,+1.334140,0.006314,0,0
62400.0,+1.332922,0.006330,0,0
62460.0,+1.338315,0.006335,0,0
62520.0,+1.341772,0.006350,0,0
62580.0,+1.344779,0.006364,0,0
62640.0,+1.347245,0.006373,0,0
62700.0,+1.350293,0.006361,0,0
62760.0,+1.350178,0.006363,0,0
62820.0,+1.352756,0.006346,0,0
62880.0,+1.356873,0.006356,0,0
62940.0,+1.358036,0.006344,0,0
63000.0,+1.364642,0.006354,0,0
63060.0,+1.365952,0.006364,0,0
63120.0,+1.368869,0.006376,0,0
63180.0,+1.369471,0.006388,0,0
63240.0,+1.375861,0.006376,0,0
63300.0,+1.380833,0.006365,0,0
63360.0,+1.380651,0.006375,0,0
63420.0,+1.382987,0.006383,0,0
63480.0,+1.382340,0.006390,0,0
63540.0,+1.384333,0.006397,0,0
63600.0,+1.385586,0.006403,0,0
63660.0,+1.386465,0.006409,0,0
63720.0,+1.393822,0.006393,0,0
63780.0,+1.391614,0.006378,0,0
63840.0,+1.394965,0.006381,0,0
63900.0,+1.392777,0.006363,0,0
63960.0,+1.397450,0.006350,0,0
64020.0,+1.401403,0.006339,0,0
64080.0,+1.405246,0.006287,0,0
64140.0,+1.409682,0.006253,0,0
64200.0,+1.415041,0.006243,0,0
64260.0,+1.413627,0.006223,0,0
64320.0,+1.420446,0.006212,0,0
64380.0,+1.417845,0.006206,0,0
64440.0,+1.420625,0.006190,0,0
64500.0,+1.417322,0.006175,0,0
64560.0,+1.419950,0.006160,0,0
64620.0,+1.421076,0.006146,0,0
64680.0,+1.422715,0.006131,0,0
64740.0,+1.427071,0.006116,0,0
64800.0,+1.430218,0.006101,0,0
64860.0,+1.433913,0.006085,0,0
64920.0,+1.440399,0.006061,0,0
64980.0,+1.440979,0.006039,0,0
65040.0,+1.444061,0.006024,0,0
65100.0,+1.446060,0.006005,0,0
65160.0,+1.445544,0.005988,0,0
65220.0,+1.435776,0.005921,0,0
65280.0,+1.435441,0.005808,0,0
65340.0,+1.445751,0.005765,0,0
65400.0,+1.447859,0.005744,0,0
65460.0,+1.446552,0.005715,0,0
65520.0,+1.448477,0.005688,0,0
65580.0,+1.449773,0.005686,0,0
65640.0,+1.443087,0.005660,0,0
65700.0,+1.446173,0.005641,0,0
65760.0,+1.454689,0.005618,0,0
65820.0,+1.454603,0.005605,0,0
65880.0,+1.453226,0.005596,0,0
65940.0,+1.454728,0.005589,0,0
66000.0,+1.458263,0.005582,0,0
66060.0,+1.457443,0.005560,0,0
66120.0,+1.458033,0.005541,0,0
66180.0,+1.461092,0.005451,0,0
66240.0,+1.459063,0.005423,0,0
66300.0,+1.459155,0.005411,0,0
66360.0,+1.461580,0.005406,0,0
66420.0,+1.466967,0.005389,0,0
66480.0,+1.467288,0.005362,0,0
66540.0,+1.466493,0.005350,0,0
66600.0,+1.465625,0.005345,0,0
66660.0,+1.465616,0.005344,0,0
66720.0,+1.470209,0.005345,0,0
66780.0,+1.469556,0.005219,0,0
66840.0,+1.474224,0.005196,0,0
66900.0,+1.480979,0.005187,0,0
66960.0,+1.480165,0.005187,0,0
67020.0,+1.482093,0.005187,0,0
67080.0,+1.485611,0.005188,0,0
67140.0,+1.485229,0.005189,0,0
67200.0,+1.491654,0.005190,0,0
67260.0,+1.490755,0.005190,0,0
67320.0,+1.493324,0.005190,0,0
67380.0,+1.492549,0.005189,0,0
67440.0,+1.493606,0.005188,0,0
67500.0,+1.498179,0.005185,0,0
67560.0,+1.501996,0.005182,0,0
67620.0,+1.501288,0.005168,0,0
67680.0,+1.505531,0.005145,0,0
67740.0,+1.506378,0.005132,0,0
67800.0,+1.506998,0.005127,0,0
67860.0,+1.509690,0.005105,0,0
67920.0,+1.507571,0.005097,0,0
67980.0,+1.504858,0.005090,0,0
68040.0,+1.506952,0.005084,0,0
68100.0,+1.506748,0.005045,0,0
68160.0,+1.505490,0.005030,0,0
68220.0,+1.510018,0.004923,0,0
68280.0,+1.508243,0.004909,0,0
68340.0,+1.508540,0.004881,0,0
68400.0,+1.509791,0.004868,0,0
68460.0,+1.503926,0.004842,0,0
68520.0,+1.500274,0.004833,0,0
68580.0,+1.502032,0.004817,0,0
68640.0,+1.500663,0.004813,0,0
68700.0,+1.501000,0.004784,0,0
68760.0,+1.499977,0.004779,0,0
68820.0,+1.496377,0.004778,0,0
68880.0,+1.499619,0.004761,0,0
68940.0,+1.498525,0.004754,0,0
69000.0,+1.493711,0.004753,0,0
69060.0,+1.490388,0.004753,0,0
69120.0,+1.491688,0.004753,0,0
69180.0,+1.495615,0.004731,0,0
69240.0,+1.500201,0.004705,0,0
69300.0,+1.498840,0.004699,0,0
69360.0,+1.494305,0.004685,0,0
69420.0,+1.493142,0.004596,0,0
69480.0,+1.489802,0.004574,0,0
69540.0,+1.483505,0.004501,0,0
69600.0,+1.479966,0.004419,0,0
69660.0,+1.482053,0.004406,0,0
69720.0,+1.476249,0.004400,0,0
69780.0,+1.472937,0.004404,0,0
69840.0,+1.473217,0.004412,0,0
69900.0,+1.477297,0.004421,0,0
69960.0,+1.477718,0.004431,0,0
70020.0,+1.482556,0.004433,0,0
70080.0,+1.484252,0.004435,0,0
70140.0,+1.483279,0.004438,0,0
70200.0,+1.482626,0.004442,0,0
70260.0,+1.483513,0.004433,0,0
70320.0,+1.485570,0.004434,0,0
70380.0,+1.489438,0.004437,0,0
70440.0,+1.492324,0.004440,0,0
70500.0,+1.493976,0.004437,0,0
70560.0,+1.492700,0.004406,0,0
70620.0,+1.491428,0.004398,0,0
70680.0,+1.493267,0.004391,0,0
70740.0,+1.487797,0.004343,0,0
70800.0,+1.492302,0.004337,0,0
70860.0,+1.497840,0.004320,0,0
70920.0,+1.496430,0.004304,0,0
70980.0,+1.500634,0.004294,0,0
71040.0,+1.499738,0.004271,0,0
71100.0,+1.497016,0.004257,0,0
71160.0,+1.503226,0.004241,0,0
71220.0,+1.501641,0.004242,0,0
71280.0,+1.500894,0.004241,0,0
71340.0,+1.502874,0.004244,0,0
71400.0,+1.505566,0.004248,0,0
71460.0,+1.508437,0.004233,0,0
71520.0,+1.512693,0.004228,0,0
71580.0,+1.511424,0.004233,0,0
71640.0,+1.507359,0.004233,0,0
71700.0,+1.507276,0.004188,0,0
71760.0,+1.497966,0.004173,0,0
71820.0,+1.498573,0.004172,0,0
71880.0,+1.495551,0.004171,0,0
71940.0,+1.497227,0.004169,0,0
72000.0,+1.499038,0.004171,0,0
72060.0,+1.500967,0.004153,0,0
72120.0,+1.501812,0.004152,0,0
72180.0,+1.501505,0.004155,0,0
72240.0,+1.501466,0.004158,0,0
72300.0,+1.492844,0.004144,0,0
72360.0,+1.494482,0.004144,0,0
72420.0,+1.497743,0.004125,0,0
72480.0,+1.497554,0.004055,0,0
72540.0,+1.503135,0.004042,0,0
72600.0,+1.502280,0.004040,0,0
72660.0,+1.497470,0.004045,0,0
72720.0,+1.496395,0.003995,0,0
72780.0,+1.496576,0.003994,0,0
72840.0,+1.494913,0.003987,0,0
72900.0,+1.490166,0.003966,0,0
72960.0,+1.488368,0.003966,0,0
73020.0,+1.486714,0.003974,0,0
73080.0,+1.488194,0.003972,0,0
73140.0,+1.485479,0.003972,0,0
73200.0,+1.486748,0.003955,0,0
73260.0,+1.483607,0.003955,0,0
73320.0,+1.479242,0.003957,0,0
73380.0,+1.482326,0.003903,0,0
73440.0,+1.473954,0.003893,0,0
73500.0,+1.472779,0.003894,0,0
73560.0,+1.472147,0.003883,0,0
73620.0,+1.470292,0.003880,0,0
73680.0,+1.468008,0.003872,0,0
73740.0,+1.465727,0.003876,0,0
73800.0,+1.462090,0.003882,0,0
73860.0,+1.462625,0.003843,0,0
73920.0,+1.464019,0.003843,0,0
73980.0,+1.464012,0.003822,0,0
74040.0,+1.465186,0.003795,0,0
74100.0,+1.470919,0.003779,0,0
74160.0,+1.472854,0.003770,0,0
74220.0,+1.470717,0.003773,0,0
74280.0,+1.466468,0.003782,0,0
74340.0,+1.460796,0.003792,0,0
74400.0,+1.461627,0.003733,0,0
74460.0,+1.465691,0.003730,0,0
74520.0,+1.466636,0.003735,0,0
74580.0,+1.464371,0.003744,0,0
74640.0,+1.462906,0.003755,0,0
74700.0,+1.460146,0.003765,0,0
74760.0,+1.462647,0.003739,0,0
74820.0,+1.462935,0.003741,0,0
74880.0,+1.453284,0.003612,0,0
74940.0,+1.452152,0.003577,0,0
75000.0,+1.450184,0.003546,0,0
75060.0,+1.444731,0.003546,0,0
75120.0,+1.445238,0.003559,0,0
75180.0,+1.446396,0.003576,0,0
75240.0,+1.447327,0.003587,0,0
75300.0,+1.445732,0.003598,0,0
75360.0,+1.443942,0.003610,0,0
75420.0,+1.440764,0.003623,0,0
75480.0,+1.438463,0.003636,0,0
75540.0,+1.438219,0.003650,0,0
75600.0,+1.437980,0.003665,0,0
75660.0,+1.435611,0.003676,0,0
75720.0,+1.437516,0.003689,0,0
75780.0,+1.442567,0.003691,0,0
75840.0,+1.441680,0.003578,0,0
75900.0,+1.434166,0.003569,0,0
75960.0,+1.433418,0.003574,0,0
76020.0,+1.430268,0.003587,0,0
76080.0,+1.426320,0.003605,0,0
76140.0,+1.418485,0.003623,0,0
76200.0,+1.415092,0.003629,0,0
76260.0,+1.412706,0.003644,0,0
76320.0,+1.407428,0.003650,0,0
76380.0,+1.405547,0.003660,0,0
76440.0,+1.405855,0.003673,0,0
76500.0,+1.407884,0.003578,0,0
76560.0,+1.411822,0.003571,0,0
76620.0,+1.405803,0.003468,0,0
76680.0,+1.405467,0.003453,0,0
76740.0,+1.404155,0.003425,0,0
76800.0,+1.398475,0.003386,0,0
76860.0,+1.399000,0.003395,0,0
76920.0,+1.393318,0.003411,0,0
76980.0,+1.392920,0.003437,0,0
77040.0,+1.392596,0.003465,0,0
77100.0,+1.391128,0.003484,0,0
77160.0,+1.390050,0.003505,0,0
77220.0,+1.390723,0.003530,0,0
77280.0,+1.391819,0.003555,0,0
77340.0,+1.390632,0.003580,0,0
77400.0,+1.392253,0.003603,0,0
77460.0,+1.390061,0.003612,0,0
77520.0,+1.389628,0.003538,0,0
77580.0,+1.387179,0.003533,0,0
77640.0,+1.385172,0.003545,0,0
77700.0,+1.384500,0.003565,0,0
77760.0,+1.383203,0.003589,0,0
77820.0,+1.379210,0.003552,0,0
77880.0,+1.374026,0.003542,0,0
77940.0,+1.374838,0.003555,0,0
78000.0,+1.372020,0.003574,0,0
78060.0,+1.370017,0.003590,0,0
78120.0,+1.373417,0.003590,0,0
78180.0,+1.374994,0.003604,0,0
78240.0,+1.374749,0.003623,0,0
78300.0,+1.373715,0.003536,0,0
78360.0,+1.371061,0.003541,0,0
78420.0,+1.369427,0.003556,0,0
78480.0,+1.367431,0.003463,0,0
78540.0,+1.364995,0.003470,0,0
78600.0,+1.362760,0.003459,0,0
78660.0,+1.362516,0.003466,0,0
78720.0,+1.360369,0.003416,0,0
78780.0,+1.358921,0.003403,0,0
78840.0,+1.358389,0.003414,0,0
78900.0,+1.359507,0.003408,0,0
78960.0,+1.359440,0.003397,0,0
79020.0,+1.358713,0.003408,0,0
79080.0,+1.358573,0.003427,0,0
79140.0,+1.358447,0.003448,0,0
79200.0,+1.358367,0.003470,0,0
79260.0,+1.356382,0.003492,0,0
79320.0,+1.355950,0.003487,0,0
79380.0,+1.352174,0.003501,0,0
79440.0,+1.351163,0.003475,0,0
79500.0,+1.354455,0.003453,0,0
79560.0,+1.355881,0.003458,0,0
79620.0,+1.352282,0.003471,0,0
79680.0,+1.349806,0.003491,0,0
79740.0,+1.347559,0.003510,0,0
79800.0,+1.349798,0.003530,0,0
79860.0,+1.349815,0.003550,0,0
79920.0,+1.350028,0.003570,0,0
79980.0,+1.350617,0.003483,0,0
80040.0,+1.355347,0.003480,0,0
80100.0,+1.353890,0.003491,0,0
80160.0,+1.353568,0.003508,0,0
80220.0,+1.350665,0.003527,0,0
80280.0,+1.350246,0.003548,0,0
80340.0,+1.348630,0.003567,0,0
80400.0,+1.342303,0.003518,0,0
80460.0,+1.345172,0.003526,0,0
80520.0,+1.347741,0.003542,0,0
80580.0,+1.344549,0.003425,0,0
80640.0,+1.340572,0.003427,0,0
80700.0,+1.337632,0.003437,0,0
80760.0,+1.339097,0.003456,0,0
80820.0,+1.342537,0.003478,0,0
80880.0,+1.343998,0.003501,0,0
80940.0,+1.341069,0.003524,0,0
81000.0,+1.338137,0.003546,0,0
81060.0,+1.338925,0.003568,0,0
81120.0,+1.338970,0.003589,0,0
81180.0,+1.337595,0.003609,0,0
81240.0,+1.339046,0.003629,0,0
81300.0,+1.338112,0.003567,0,0
81360.0,+1.337484,0.003572,0,0
81420.0,+1.335733,0.003499,0,0
81480.0,+1.338465,0.003510,0,0
81540.0,+1.337805,0.003515,0,0
81600.0,+1.341213,0.003530,0,0
81660.0,+1.339846,0.003548,0,0
81720.0,+1.344220,0.003511,0,0
81780.0,+1.344826,0.003515,0,0
81840.0,+1.345323,0.003535,0,0
81900.0,+1.344405,0.003524,0,0
81960.0,+1.345204,0.003544,0,0
82020.0,+1.343559,0.003568,0,0
82080.0,+1.344562,0.003593,0,0
82140.0,+1.343051,0.003609,0,0
82200.0,+1.341121,0.003624,0,0
82260.0,+1.340971,0.003645,0,0
82320.0,+1.340072,0.003662,0,0
82380.0,+1.339742,0.003679,0,0
82440.0,+1.338639,0.003701,0,0
82500.0,+1.339226,0.003723,0,0
82560.0,+1.341177,0.003739,0,0
82620.0,+1.341587,0.003756,0,0
82680.0,+1.341491,0.003775,1,0
82740.0,+1.340314,0.003767,1,0
82800.0,+1.330052,0.003166,1,0
82860.0,+1.329385,0.003179,1,0
82920.0,+1.326858,0.003195,1,0
82980.0,+1.327722,0.003212,1,0
83040.0,+1.327971,0.003180,1,0
83100.0,+1.327156,0.003181,1,0
83160.0,+1.328041,0.003191,1,0
83220.0,+1.329132,0.003171,1,0
83280.0,+1.325896,0.003168,1,0
83340.0,+1.328493,0.003102,1,0
83400.0,+1.331093,0.003101,1,0
83460.0,+1.329506,0.003104,1,0
83520.0,+1.326638,0.003120,1,0
83580.0,+1.327587,0.003142,1,0
83640.0,+1.323932,0.003167,1,0
83700.0,+1.322798,0.003170,1,0
83760.0,+1.329148,0.003183,1,0
83820.0,+1.331076,0.003201,1,0
83880.0,+1.330122,0.003136,1,0
83940.0,+1.329257,0.003081,1,0
84000.0,+1.326137,0.003075,1,0
84060.0,+1.326668,0.003079,1,0
84120.0,+1.327100,0.003091,1,0
84180.0,+1.329530,0.003113,1,0
84240.0,+1.333057,0.003139,1,0
84300.0,+1.330357,0.003153,1,0
84360.0,+1.329688,0.003131,1,0
84420.0,+1.327852,0.003138,1,0
84480.0,+1.328015,0.003152,1,0
84540.0,+1.331134,0.003153,1,0
84600.0,+1.330733,0.003166,1,0
84660.0,+1.330872,0.003186,1,0
84720.0,+1.330761,0.003186,1,0
84780.0,+1.331258,0.003174,1,0
84840.0,+1.329910,0.003190,1,0
84900.0,+1.332469,0.003163,1,0
84960.0,+1.334426,0.003175,1,0
85020.0,+1.335279,0.003195,1,0
85080.0,+1.337188,0.003218,1,0
85140.0,+1.335302,0.003241,1,0
85200.0,+1.335697,0.003265,1,0
85260.0,+1.338450,0.003288,1,0
85320.0,+1.341969,0.003291,1,0
85380.0,+1.343225,0.003304,1,0
85440.0,+1.343864,0.003324,1,0
85500.0,+1.345497,0.003344,1,0
85560.0,+1.349108,0.003358,1,0
85620.0,+1.349617,0.003365,1,0
85680.0,+1.348978,0.003379,1,0
85740.0,+1.352137,0.003398,1,0
85800.0,+1.350599,0.003417,1,0
85860.0,+1.353573,0.003376,1,0
85920.0,+1.354919,0.003390,1,0
85980.0,+1.353222,0.003407,1,0
86040.0,+1.355373,0.003411,1,0
86100.0,+1.357110,0.003363,1,0
86160.0,+1.362101,0.003335,1,0
86220.0,+1.363000,0.003341,1,0
86280.0,+1.359979,0.003351,1,0
86340.0,+1.362625,0.003363,1,0
