SOD,n_sats,NL_count,WL_count,err3D,code_rms,phase_rms
0.0,8,0,0,1057.678,2846.19,959.155
30.0,8,0,0,7680.116,1868.74,4443.481
60.0,8,0,0,29432.412,5435.97,10337.839
90.0,8,0,0,47072.577,15135.05,8186.075
120.0,8,0,0,64734.630,23111.05,8114.494
150.0,8,0,0,45339.320,31105.31,8975.108
180.0,8,0,0,37836.069,22128.41,3871.381
210.0,8,0,0,24881.596,18469.28,6322.186
240.0,8,0,0,21391.068,12183.04,2110.154
270.0,8,0,0,9472.344,10316.19,5956.056
300.0,8,0,0,8178.403,4678.69,991.396
330.0,7,0,0,7182.478,3853.51,640.767
360.0,7,0,0,5368.662,3669.25,1250.395
390.0,7,0,0,5468.777,2306.97,188.294
420.0,7,0,0,4694.068,2476.29,865.556
450.0,7,0,0,4381.993,1775.91,406.536
480.0,8,0,0,4260.774,1545.24,182.175
510.0,8,0,0,4427.583,1549.67,1542.178
540.0,8,0,0,4675.657,1379.15,461.093
570.0,7,0,0,4932.228,1490.74,312.609
600.0,7,0,0,5105.147,1590.14,197.795
630.0,7,0,0,4542.907,1830.76,336.010
660.0,7,0,0,4505.872,1371.81,110.513
690.0,7,0,0,4264.330,1591.94,137.515
720.0,7,0,0,4531.730,1670.78,230.998
750.0,7,0,0,4043.946,1714.45,260.650
780.0,7,0,0,3605.423,1589.08,244.255
810.0,7,0,0,4068.905,1816.73,299.274
840.0,7,0,0,3891.828,1673.00,114.623
870.0,7,0,0,4101.318,1860.56,123.294
900.0,7,0,0,3795.606,1855.29,172.829
930.0,7,0,0,4294.340,2224.76,260.323
960.0,7,0,0,4756.876,2143.82,239.410
990.0,8,0,0,3982.451,2014.81,382.410
1020.0,8,0,0,3656.441,1707.56,171.076
1050.0,8,0,0,3325.339,1911.97,183.964
1080.0,8,0,0,2758.151,1551.79,300.629
1110.0,8,0,0,2603.149,1675.15,90.221
1140.0,8,0,0,2519.139,1878.36,53.631
1170.0,8,0,0,2255.222,1493.04,142.529
1200.0,8,0,0,2179.927,1935.01,50.234
1230.0,8,0,0,2170.954,1879.06,35.300
1260.0,8,0,0,1955.521,1486.95,119.406
1290.0,8,0,0,2035.430,1794.67,57.905
1320.0,8,0,0,2119.596,1856.37,53.735
1350.0,8,0,0,1928.655,1510.82,109.041
1380.0,8,0,0,1948.429,1871.80,24.945
1410.0,8,0,0,1672.052,1601.63,152.923
1440.0,8,0,0,1412.412,1613.09,144.215
1470.0,7,0,0,1633.496,2135.44,129.580
1500.0,7,0,0,1277.754,1492.18,186.947
1530.0,7,0,0,1178.005,1805.70,51.760
1560.0,7,0,0,1071.547,1691.38,57.243
1590.0,7,0,0,1143.162,2110.72,45.933
1620.0,7,0,2,1075.378,2077.68,35.489
1650.0,7,0,2,1150.406,2054.19,51.492
1680.0,7,0,2,1170.086,2147.87,22.379
1710.0,7,0,2,1043.595,2293.38,61.094
1740.0,7,0,2,1360.340,2294.74,168.198
1770.0,7,0,2,1185.436,1880.05,78.461
1800.0,7,0,2,1144.894,2043.54,15.666
1830.0,7,0,2,1301.574,2099.37,101.387
1860.0,7,0,2,1331.144,2325.81,31.159
1890.0,7,0,2,1278.675,2086.60,14.257
1920.0,6,0,2,1118.723,1753.89,71.337
1950.0,6,0,2,920.171,1424.65,98.172
1980.0,6,0,2,1011.998,2188.77,64.730
2010.0,6,0,2,951.090,1909.15,25.223
2040.0,6,0,2,829.550,1740.57,59.437
2070.0,6,0,2,847.536,1891.98,23.985
2100.0,6,0,2,826.360,1676.80,10.329
2130.0,6,0,2,913.228,2255.31,64.514
2160.0,6,0,2,984.516,2327.64,56.864
2190.0,6,0,2,1168.639,2340.50,125.318
2220.0,6,0,2,1215.958,2196.72,56.225
2250.0,7,0,2,1171.078,1909.64,17.932
2280.0,7,0,2,1130.634,1916.36,16.786
2310.0,7,0,2,908.583,1543.07,103.037
2340.0,7,0,2,904.737,1934.11,28.092
2370.0,7,0,2,971.358,2282.83,69.189
2400.0,7,0,2,748.926,1500.01,114.450
2430.0,7,0,2,678.350,1728.02,26.972
2460.0,8,0,2,606.007,1888.48,34.712
2490.0,8,0,2,554.548,2002.28,24.000
2520.0,9,0,2,460.630,1976.87,57.971
2550.0,9,0,2,409.324,1967.95,36.779
2580.0,9,0,2,321.277,2194.78,68.888
2610.0,9,0,2,352.562,2509.40,34.149
2640.0,9,0,2,405.730,2850.07,43.931
2670.0,9,0,2,532.017,2613.53,97.960
2700.0,9,0,2,415.698,2024.20,67.955
2730.0,9,0,2,579.400,2985.12,121.900
2760.0,9,0,2,625.730,2399.95,53.475
2790.0,9,0,2,554.812,2047.77,32.189
2820.0,9,0,2,381.296,1605.22,101.127
2850.0,9,0,2,405.913,2190.57,31.818
2880.0,9,0,2,341.899,1996.17,37.180
2910.0,9,0,2,402.262,2568.06,59.667
2940.0,9,0,2,331.360,2069.29,52.796
2970.0,9,0,2,254.042,2020.98,62.858
3000.0,9,0,2,213.922,1776.89,32.988
3030.0,9,0,2,203.095,1933.02,18.245
3060.0,9,0,2,178.452,2333.02,25.474
3090.0,9,0,2,182.125,2462.93,23.473
3120.0,9,0,2,198.159,2468.26,33.564
3150.0,9,0,2,225.218,2421.15,40.041
3180.0,9,0,2,231.849,2079.35,21.763
3210.0,9,0,2,216.211,1908.69,10.603
3240.0,9,0,2,236.213,2005.45,35.222
3270.0,9,0,2,261.695,2128.64,40.400
3300.0,9,0,2,251.018,1884.99,12.198
3330.0,9,0,2,223.117,2157.07,22.617
3360.0,9,0,2,202.223,2051.91,15.890
3390.0,8,0,2,178.751,2169.81,20.899
3420.0,8,0,2,183.031,2266.80,16.374
3450.0,8,0,2,168.998,2056.06,13.591
3480.0,8,0,2,194.786,2322.94,45.856
3510.0,8,0,2,129.671,1653.55,78.566
3540.0,8,0,2,133.064,2216.69,16.061
3570.0,8,0,2,165.778,2377.37,58.857
3600.0,8,0,2,152.646,1934.39,11.839
3630.0,8,0,2,270.881,2933.24,187.551
3660.0,8,0,2,177.543,1523.47,114.667
3690.0,8,0,2,176.591,2218.20,15.807
3720.0,8,0,2,210.383,2319.53,67.238
3750.0,7,0,2,196.498,2117.19,16.173
3780.0,7,0,2,158.619,1845.51,49.417
3810.0,7,0,2,140.826,1847.22,23.532
3840.0,7,0,2,106.150,1775.95,44.162
3870.0,7,0,2,111.615,2254.24,28.762
3900.0,7,0,2,141.121,2465.35,60.396
3930.0,7,0,2,146.725,2133.52,14.667
3960.0,7,0,2,106.252,1748.24,63.242
3990.0,7,0,2,103.594,2128.25,5.362
4020.0,7,0,2,70.986,1850.48,57.181
4050.0,7,0,2,60.344,2053.28,23.312
4080.0,7,0,2,59.511,2178.88,12.930
4110.0,7,0,2,60.543,2009.93,16.668
4140.0,7,0,2,75.873,2400.29,63.323
4170.0,7,0,2,84.557,2097.85,20.367
4200.0,7,0,2,76.190,1947.17,12.232
4230.0,7,0,2,88.873,2169.24,43.366
4260.0,7,0,2,77.373,1964.07,35.354
4290.0,7,0,2,69.515,2076.89,54.712
4320.0,7,0,2,69.045,2109.43,17.601
4350.0,7,0,2,77.442,2374.50,62.497
4380.0,7,0,2,71.757,1917.14,16.669
4410.0,7,0,2,70.966,2258.92,24.826
4440.0,7,0,2,111.687,2633.41,96.695
4470.0,7,0,2,108.371,2119.54,14.626
4500.0,7,0,2,86.276,1956.72,35.478
4530.0,7,0,2,129.650,2622.79,101.483
4560.0,7,0,2,156.395,2252.15,52.185
4590.0,7,0,2,122.912,1860.97,52.307
4620.0,7,0,2,128.990,2052.36,25.962
4650.0,7,0,2,126.916,1993.75,14.098
4680.0,7,0,2,93.532,1593.32,53.179
4710.0,7,0,2,80.480,1870.77,22.872
4740.0,7,0,2,97.177,2109.01,35.973
4770.0,7,0,2,86.490,1863.32,25.080
4800.0,7,0,2,68.358,1774.86,44.115
4830.0,7,0,2,78.785,1957.24,25.550
4860.0,7,0,2,81.611,2189.38,22.308
4890.0,7,0,2,87.542,2191.83,26.068
4920.0,7,0,2,70.825,1774.14,45.786
4950.0,7,0,2,60.774,1820.95,26.694
4980.0,7,0,2,56.153,1721.43,46.874
5010.0,7,0,2,59.711,1829.08,26.223
5040.0,7,0,2,58.136,2266.50,60.880
5070.0,7,0,2,59.175,1751.63,16.130
5100.0,7,0,2,62.101,1672.86,42.801
5130.0,7,0,2,60.794,1849.71,22.929
5160.0,7,0,2,60.289,1927.97,42.893
5190.0,7,0,2,62.381,1998.67,37.081
5220.0,7,0,2,61.641,1871.35,21.078
5250.0,7,0,2,58.864,1764.70,26.149
5280.0,7,0,2,59.039,1635.38,46.844
5310.0,7,0,2,59.784,1886.49,23.779
5340.0,7,0,2,59.654,1945.37,45.661
5370.0,7,0,2,68.965,1561.99,70.707
5400.0,7,0,2,70.092,1922.12,19.618
5430.0,7,0,2,62.208,1961.38,43.540
5460.0,7,0,2,84.807,1282.63,90.059
5490.0,7,0,2,104.334,1600.16,66.714
5520.0,7,0,2,105.031,1568.59,21.256
5550.0,7,0,2,104.880,1601.76,21.804
5580.0,7,0,2,99.727,1715.90,30.084
5610.0,7,0,2,107.690,1621.53,38.299
5640.0,7,0,2,123.529,1511.02,60.702
5670.0,7,0,2,129.350,1955.55,34.046
5700.0,7,0,2,118.787,1939.57,49.856
5730.0,7,0,2,149.557,1068.55,113.170
5760.0,7,0,2,117.989,2350.39,122.944
5790.0,7,0,2,143.433,1289.89,96.232
5820.0,7,0,2,141.242,1652.97,28.283
5850.0,7,0,2,145.123,1304.20,31.839
5880.0,7,0,2,160.344,1304.02,62.005
5910.0,7,0,2,150.835,1776.00,51.224
5940.0,7,0,2,130.497,1928.68,85.776
5970.0,7,0,2,103.309,2292.95,120.543
6000.0,7,0,2,104.935,1675.98,25.058
6030.0,7,0,2,95.646,1604.03,58.104
6060.0,7,0,2,89.327,1892.82,57.261
6090.0,7,0,2,107.037,1213.70,63.509
6120.0,7,0,2,114.201,1338.25,29.135
6150.0,7,0,2,94.275,2138.59,101.454
6180.0,7,0,2,82.723,1896.68,73.831
6210.0,7,0,2,68.654,1966.58,102.538
6240.0,7,0,2,55.110,2279.99,163.957
6270.0,7,0,2,56.094,1360.14,33.618
6300.0,7,0,2,55.573,1872.59,119.602
6330.0,7,0,2,59.777,2026.73,98.415
6360.0,7,0,2,59.877,1476.92,50.151
6390.0,7,0,2,55.838,946.88,77.276
6420.0,7,0,2,56.079,1596.73,52.043
6450.0,7,0,2,56.724,1585.51,30.498
6480.0,7,0,2,57.429,1721.86,86.169
6510.0,7,0,2,57.942,1619.22,47.152
6540.0,7,0,2,64.687,2026.46,123.819
6570.0,7,0,2,63.001,1472.44,38.204
6600.0,7,0,2,58.622,1087.49,62.835
6630.0,7,0,2,59.285,1117.04,50.912
6660.0,7,0,2,58.261,1846.40,108.448
6690.0,7,0,2,58.497,1453.33,49.648
6720.0,7,0,2,58.702,1284.31,36.557
6750.0,7,0,2,59.400,1664.71,69.387
6780.0,7,0,2,65.412,1951.31,146.480
6810.0,7,0,2,66.186,1410.53,65.062
6840.0,7,0,2,75.296,1779.90,136.230
6870.0,7,0,2,74.134,1325.56,63.376
6900.0,7,0,2,84.361,1730.18,140.334
6930.0,7,0,2,86.868,1394.64,91.843
6960.0,7,0,2,82.723,1177.86,61.005
6990.0,7,0,2,80.817,1216.41,64.226
7020.0,7,0,2,79.827,1377.29,63.477
7050.0,7,0,2,72.522,1040.60,57.168
7080.0,7,0,2,74.197,1392.16,76.153
7110.0,7,0,2,70.136,1126.88,46.168
7140.0,7,0,2,70.705,1323.09,56.930
7170.0,7,0,2,74.751,1578.78,92.509
7200.0,7,0,2,77.087,1482.02,85.677
7230.0,7,0,2,94.400,1973.69,212.151
7260.0,7,0,2,93.050,1161.08,80.163
7290.0,7,0,2,96.203,1437.81,102.716
7320.0,7,0,2,114.544,1884.06,206.045
7350.0,7,0,2,127.077,1720.49,172.410
7380.0,7,0,2,122.559,1032.46,94.035
7410.0,7,0,2,134.716,1615.50,171.991
7440.0,7,0,2,137.539,1399.18,123.986
7470.0,7,0,2,144.646,1283.92,149.755
7500.0,7,0,2,151.373,1316.24,155.729
7530.0,7,0,2,168.212,1675.80,220.775
7560.0,7,0,2,172.499,1281.49,160.677
7590.0,7,0,2,174.022,1162.15,149.405
7620.0,7,0,2,188.317,1575.61,215.523
7650.0,7,0,1,194.177,1565.05,172.654
7680.0,7,0,1,194.318,1572.02,152.883
7710.0,7,0,1,191.375,1203.74,150.213
7740.0,7,0,1,177.657,939.13,137.354
7770.0,7,0,1,180.247,1450.57,150.599
7800.0,7,0,1,174.617,1389.58,124.494
7830.0,7,0,1,175.558,1801.26,137.183
7860.0,7,0,1,188.782,1665.46,189.229
7890.0,7,0,1,197.379,1736.42,174.267
7920.0,7,0,1,188.080,1341.46,142.805
7950.0,7,0,1,184.581,1297.25,142.319
7980.0,7,0,1,184.618,998.78,151.786
8010.0,7,0,1,187.426,1534.62,148.807
8040.0,7,0,1,190.454,1616.05,153.160
8070.0,7,0,1,186.317,2020.68,127.014
8100.0,7,0,1,186.665,1774.49,136.039
8130.0,7,0,1,197.422,1935.97,186.814
8160.0,7,0,1,193.756,2246.85,136.583
8190.0,7,0,1,193.847,1936.32,141.464
8220.0,7,0,1,188.041,1267.18,131.400
8250.0,7,0,1,187.393,1583.49,131.559
8280.0,7,0,1,178.331,1557.20,120.121
8310.0,6,0,1,184.357,1189.66,128.447
8340.0,6,0,1,181.984,894.27,100.125
8370.0,6,0,1,185.006,909.11,116.214
8400.0,6,0,1,181.042,723.69,102.791
8430.0,6,0,1,176.904,653.70,101.268
8460.0,6,0,1,174.645,738.40,100.077
8490.0,6,0,1,177.204,995.90,111.712
8520.0,6,0,1,175.973,810.96,101.321
8550.0,6,0,1,172.808,630.76,99.740
8580.0,6,0,1,170.355,641.24,99.210
8610.0,6,0,1,170.865,784.36,105.885
8640.0,6,0,1,168.940,729.56,102.211
8670.0,6,0,1,166.835,825.24,102.645
8700.0,6,0,1,172.686,1009.19,137.800
8730.0,6,0,1,174.803,985.76,125.087
8760.0,6,0,1,173.560,656.41,114.278
8790.0,6,0,1,174.678,774.37,120.804
8820.0,7,0,1,182.323,1473.48,202.956
8850.0,7,0,1,186.494,1403.22,198.729
8880.0,7,0,1,181.724,1225.86,192.555
8910.0,7,0,1,186.829,1341.78,194.000
8940.0,7,0,1,182.533,968.42,192.249
8970.0,7,0,1,182.310,963.65,179.984
9000.0,7,0,1,186.087,1065.36,187.196
9030.0,7,0,1,196.220,1398.14,222.230
9060.0,7,0,1,190.383,1263.98,219.988
9090.0,7,0,1,189.005,1143.47,192.623
9120.0,7,0,1,187.887,1352.45,188.460
9150.0,7,0,1,182.246,1315.12,196.187
9180.0,7,0,1,179.424,1125.29,171.820
9210.0,7,0,1,175.576,1037.94,171.045
9240.0,7,0,1,170.199,1384.61,170.544
9270.0,7,0,1,165.811,1007.79,152.146
9300.0,7,0,1,162.183,954.06,142.582
9330.0,7,0,1,159.554,1419.35,133.647
9360.0,7,0,1,152.956,1292.32,167.225
9390.0,7,0,1,145.164,1321.74,162.609
9420.0,7,0,1,139.100,1286.81,125.664
9450.0,7,0,1,134.401,1430.59,103.032
9480.0,7,0,1,132.214,1421.55,72.402
9510.0,7,0,1,132.094,1354.99,74.028
9540.0,7,0,1,130.094,1345.68,74.918
9570.0,7,0,1,127.687,1598.93,73.527
9600.0,7,0,1,127.334,1242.03,85.869
9630.0,7,0,1,125.580,1287.18,77.487
9660.0,7,0,1,121.100,1253.11,107.026
9690.0,7,0,1,119.351,1062.20,69.821
9720.0,7,0,1,117.752,1107.73,70.018
9750.0,7,0,1,116.517,1084.69,68.687
9780.0,7,0,1,115.363,1290.14,68.287
9810.0,7,0,1,112.594,1395.08,91.653
9840.0,7,0,1,110.617,1320.07,67.509
9870.0,7,0,1,109.240,1202.91,61.868
9900.0,7,0,1,107.675,1224.42,60.485
9930.0,7,0,1,107.171,1190.43,83.553
9960.0,7,0,1,105.920,1184.54,63.495
9990.0,7,0,1,104.028,1361.50,95.144
10020.0,7,0,1,101.931,1602.31,57.341
10050.0,7,0,1,100.405,1533.59,57.870
10080.0,7,0,1,99.248,1126.23,57.856
10110.0,7,0,1,98.068,1495.32,87.328
10140.0,7,0,1,97.339,1700.34,55.185
10170.0,7,0,1,96.050,1825.20,56.729
10200.0,7,0,1,94.469,1491.03,91.760
10230.0,7,0,1,93.661,1298.12,79.466
10260.0,7,0,1,92.941,1532.46,113.137
10290.0,7,0,1,91.872,1477.10,73.180
10320.0,7,0,1,90.396,1265.50,88.953
10350.0,7,0,0,90.185,2106.71,69.393
10380.0,7,0,0,89.949,2721.32,68.742
10410.0,7,0,0,89.322,2225.34,75.640
10440.0,7,0,0,87.955,2314.30,58.555
10470.0,7,0,0,87.684,2641.06,57.414
10500.0,7,0,0,85.952,2244.07,75.143
10530.0,7,0,0,86.680,2871.44,88.847
10560.0,7,0,0,85.554,2746.40,60.500
10590.0,7,0,0,83.896,2566.26,46.663
10620.0,7,0,0,83.754,2562.11,52.951
10650.0,7,0,0,81.798,2315.49,55.212
10680.0,7,0,0,81.611,3223.49,37.679
10710.0,7,0,0,82.972,3698.72,133.523
10740.0,7,0,0,84.073,3419.01,89.991
10770.0,7,0,0,84.746,3330.17,72.553
10800.0,7,0,0,85.445,3543.68,79.737
10830.0,7,0,0,84.024,3075.82,101.291
10860.0,7,0,0,86.116,3718.52,109.288
10890.0,7,0,0,85.977,3536.64,75.516
10920.0,7,0,0,86.110,3560.50,65.985
10950.0,7,0,0,86.280,3772.80,69.943
10980.0,7,0,0,87.827,3850.19,95.958
11010.0,7,0,0,90.021,3959.92,120.228
11040.0,7,0,0,90.514,3975.38,108.012
11070.0,7,0,0,91.623,3756.22,106.419
11100.0,7,0,0,91.288,3629.24,107.753
11130.0,7,0,0,90.295,3724.99,111.374
11160.0,7,0,0,90.484,3598.20,104.645
11190.0,7,0,0,90.340,3853.91,102.015
11220.0,7,0,0,92.798,3979.45,120.665
11250.0,7,0,0,93.851,4037.07,110.666
11280.0,7,0,0,94.675,4169.72,115.875
11310.0,7,0,0,92.891,3344.87,138.478
11340.0,7,0,0,93.893,4241.16,118.106
11370.0,7,0,0,93.849,4059.94,121.322
11400.0,7,0,0,92.341,3965.49,139.545
11430.0,7,0,0,91.284,4253.52,111.229
11460.0,6,0,0,91.291,3006.36,80.357
11490.0,5,0,0,89.306,1745.18,116.635
11520.0,5,0,0,90.071,1976.11,71.775
11550.0,5,0,0,88.921,1661.64,93.078
11580.0,5,0,0,91.450,2171.94,101.973
11610.0,5,0,0,92.252,1710.22,80.656
11640.0,5,0,0,92.547,1931.32,81.911
11670.0,5,0,0,91.753,2300.21,89.270
11700.0,5,0,0,90.753,1647.27,92.742
11730.0,5,0,0,86.644,1438.87,170.112
11760.0,5,0,0,86.886,2135.29,66.975
11790.0,5,0,0,86.344,1792.04,75.233
11820.0,6,0,0,87.961,2976.34,124.674
11850.0,8,0,0,86.214,3905.17,148.555
11880.0,8,0,0,86.787,4298.83,119.294
11910.0,8,0,0,86.120,4406.78,134.202
11940.0,7,0,0,85.954,2992.11,121.028
11970.0,7,0,0,84.183,2961.11,143.731
12000.0,7,0,0,84.037,3184.46,113.613
12030.0,7,0,0,89.804,3781.33,123.554
12060.0,8,0,0,85.409,3930.63,190.524
12090.0,8,0,0,88.855,4693.14,105.938
12120.0,8,0,0,88.115,4048.15,129.380
12150.0,8,0,0,86.466,3964.60,136.881
12180.0,8,0,0,89.639,4176.48,103.951
12210.0,8,0,0,86.375,3689.36,156.853
12240.0,8,0,0,87.886,4849.92,105.151
12270.0,8,0,0,87.331,4430.86,121.514
12300.0,8,0,0,86.158,4436.99,124.216
12330.0,8,0,0,85.140,4027.74,118.896
12360.0,7,0,0,85.118,3180.04,97.036
12390.0,7,0,0,84.392,3073.72,102.485
12420.0,7,0,0,85.052,3265.02,81.950
12450.0,7,0,0,88.285,3578.78,76.418
12480.0,7,0,0,86.648,3127.65,108.739
12510.0,7,0,0,83.327,2752.56,135.193
12540.0,7,0,0,81.738,3328.07,103.134
12570.0,7,0,0,82.244,3348.06,69.477
12600.0,7,0,0,82.283,3139.34,72.446
12630.0,7,0,0,79.681,3044.26,108.221
12660.0,7,0,0,79.502,2849.30,64.507
12690.0,7,0,0,79.545,3267.28,59.253
12720.0,7,0,0,79.499,3067.90,56.003
12750.0,7,0,0,77.182,3359.46,88.851
12780.0,7,0,0,74.654,3388.16,92.072
12810.0,8,0,0,75.731,6133.38,32.587
12840.0,8,0,0,74.426,5833.95,56.687
12870.0,8,0,0,73.227,5831.42,48.997
12900.0,8,0,0,71.063,5457.52,71.422
12930.0,8,0,0,69.966,5599.78,41.021
12960.0,7,0,0,70.761,3753.40,22.382
12990.0,7,0,0,69.261,3278.70,55.639
13020.0,7,0,0,70.934,3636.76,50.365
13050.0,7,0,0,69.796,3393.58,38.049
13080.0,7,0,0,67.875,3346.31,63.661
13110.0,8,0,0,67.081,5379.31,32.983
13140.0,8,0,0,66.742,5603.50,23.363
13170.0,8,0,0,69.406,5617.36,88.780
13200.0,8,0,0,69.904,5407.48,32.280
13230.0,8,0,0,70.557,5539.62,37.531
13260.0,8,0,0,70.345,5260.80,35.567
13290.0,8,0,0,71.015,5469.55,41.950
13320.0,8,0,0,72.324,5497.40,47.345
13350.0,8,0,0,72.435,5698.26,36.578
13380.0,8,0,0,68.909,5246.99,102.785
13410.0,8,0,0,66.387,5170.99,91.766
13440.0,8,0,0,65.426,5173.29,60.167
13470.0,8,0,0,63.924,5282.58,84.403
13500.0,8,0,0,62.697,5283.34,95.979
13530.0,8,0,0,62.040,5144.89,131.815
13560.0,9,0,0,62.352,5456.08,112.449
13590.0,9,0,0,62.206,5706.13,110.216
13620.0,9,0,0,62.101,5799.42,114.107
13650.0,9,0,0,62.476,5825.83,121.479
13680.0,9,0,0,62.671,5929.42,129.133
13710.0,9,0,0,62.441,6092.94,139.209
13740.0,10,0,0,62.403,7158.41,147.144
13770.0,9,0,0,62.640,5495.89,145.458
13800.0,9,0,0,62.197,5930.30,150.148
13830.0,9,0,0,62.399,5654.94,150.806
13860.0,9,0,0,61.869,5869.01,161.985
13890.0,8,0,0,60.359,4826.62,170.632
13920.0,8,0,0,61.459,4102.63,119.527
13950.0,8,0,0,61.856,4384.70,132.313
13980.0,8,0,0,61.188,4433.28,153.827
14010.0,8,0,0,60.747,4372.21,148.112
14040.0,8,0,0,59.525,4849.70,174.333
14070.0,8,0,0,59.731,4095.46,133.334
14100.0,9,0,0,59.643,6431.42,174.685
14130.0,9,0,0,60.301,6032.79,173.199
14160.0,9,0,0,60.471,5969.99,176.813
14190.0,9,0,0,59.473,6356.23,192.810
14220.0,9,0,0,59.081,6290.55,185.925
14250.0,9,0,0,60.751,5997.50,188.810
14280.0,9,0,0,59.389,6606.32,209.562
14310.0,9,0,0,58.593,6755.54,230.986
14340.0,9,0,0,59.146,6749.74,207.864
14370.0,9,0,0,59.694,6623.63,187.358
14400.0,8,0,0,59.413,4940.77,126.556
14430.0,8,0,0,59.235,4835.28,129.859
14460.0,8,0,0,61.168,5501.03,243.779
14490.0,8,0,0,62.097,5289.22,172.705
14520.0,8,0,0,62.053,5169.96,135.185
14550.0,8,0,0,63.883,5455.18,194.236
14580.0,8,0,0,65.006,5548.59,166.680
14610.0,8,0,0,65.895,5547.03,158.072
14640.0,9,0,0,67.067,6906.38,180.788
14670.0,9,0,0,69.395,6866.68,198.396
14700.0,9,0,0,69.808,6900.37,164.475
14730.0,9,0,0,70.621,6656.02,163.413
14760.0,8,0,0,72.286,5414.89,162.605
14790.0,8,0,0,70.510,5074.09,94.830
14820.0,8,0,0,71.518,5414.96,134.880
14850.0,8,0,0,71.284,5114.74,109.196
14880.0,8,0,0,73.524,5579.02,166.069
14910.0,8,0,0,73.006,5401.12,103.679
14940.0,8,0,0,72.148,5444.34,94.880
14970.0,8,0,0,73.810,5723.70,145.271
15000.0,8,0,0,73.328,5376.87,98.828
15030.0,9,0,0,74.416,7174.23,152.681
15060.0,9,0,0,74.294,7019.29,132.532
15090.0,9,0,0,76.256,7358.91,161.933
15120.0,10,0,0,74.883,7886.96,136.335
15150.0,10,0,0,75.576,8207.96,136.974
15180.0,10,0,0,73.799,7533.77,138.649
15210.0,10,0,0,72.859,7556.48,127.143
15240.0,10,0,0,70.110,7426.51,156.468
15270.0,10,0,0,69.805,7932.74,117.122
15300.0,10,0,0,67.054,7348.60,169.484
15330.0,10,0,0,65.298,7894.96,152.681
15360.0,10,0,0,64.478,7735.57,136.535
15390.0,10,0,0,63.547,7317.25,148.945
15420.0,10,0,0,64.499,7901.11,130.981
15450.0,10,0,0,63.718,7654.88,144.287
15480.0,10,0,0,63.481,7735.35,141.260
15510.0,10,0,0,63.755,7950.14,138.160
15540.0,10,0,0,63.964,7582.82,143.901
15570.0,10,0,0,63.979,7745.05,153.224
15600.0,10,0,0,64.572,7933.97,149.944
15630.0,10,0,0,64.244,7798.49,167.426
15660.0,10,0,0,63.893,7968.14,171.614
15690.0,10,0,0,62.912,7567.72,198.395
15720.0,10,0,0,63.812,7773.30,175.251
15750.0,10,0,0,64.216,7819.16,172.497
15780.0,10,0,0,64.009,7520.92,189.691
15810.0,10,0,0,64.507,7889.66,174.375
15840.0,10,0,0,65.110,8068.66,175.443
15870.0,10,0,0,65.738,8334.04,176.302
15900.0,10,0,0,65.559,8080.27,204.716
15930.0,10,0,0,66.382,8416.88,180.850
15960.0,10,0,0,66.032,7652.74,210.514
15990.0,10,0,0,66.065,7378.24,201.099
16020.0,10,0,0,66.400,8114.75,196.226
16050.0,10,0,0,66.147,8007.19,216.997
16080.0,10,0,0,65.917,7799.26,227.527
16110.0,10,0,0,65.779,7894.92,234.893
16140.0,10,0,0,65.906,7708.14,234.944
16170.0,10,0,0,65.796,7706.35,260.614
16200.0,10,0,0,65.765,8193.24,266.983
16230.0,10,0,0,65.081,7905.37,312.587
16260.0,10,0,0,65.387,8221.13,268.008
16290.0,11,0,0,65.290,8471.96,293.065
16320.0,11,0,0,65.362,8578.18,298.547
16350.0,11,0,0,65.491,8335.15,299.604
16380.0,11,0,0,66.377,8450.95,290.913
16410.0,11,0,0,68.143,8705.74,276.795
16440.0,11,0,0,69.153,8812.77,286.962
16470.0,11,0,0,70.728,8952.55,278.702
16500.0,11,0,0,72.491,8964.49,271.467
16530.0,11,0,0,73.372,9282.89,278.471
16560.0,11,0,0,73.637,8844.44,289.487
16590.0,11,0,0,75.771,8643.46,272.693
16620.0,11,0,0,75.950,8801.07,291.238
16650.0,11,0,0,78.145,8838.39,275.016
16680.0,11,0,0,78.782,8862.27,288.869
16710.0,11,0,0,79.423,8772.95,288.748
16740.0,11,0,0,78.843,8405.78,305.181
16770.0,11,0,0,80.278,8780.56,286.545
16800.0,11,0,0,81.108,8908.83,293.933
16830.0,11,0,0,80.441,8696.21,316.613
16860.0,10,0,0,80.046,7727.32,323.586
16890.0,11,0,0,80.716,8745.55,316.707
16920.0,11,0,0,81.399,8658.14,319.788
16950.0,11,0,0,81.008,8799.93,329.872
16980.0,11,0,0,81.290,9119.76,329.408
17010.0,11,0,0,82.334,9290.05,324.187
17040.0,11,0,0,81.517,8863.67,338.102
17070.0,11,0,0,81.171,9210.50,332.672
17100.0,11,0,0,80.740,10105.15,333.494
17130.0,10,0,0,81.274,8651.20,331.969
17160.0,10,0,0,83.602,9255.22,321.625
17190.0,10,0,0,81.748,8657.89,347.003
17220.0,10,0,0,86.194,9200.50,311.881
17250.0,10,0,0,91.519,9288.01,312.255
17280.0,10,0,0,91.516,8894.90,332.162
17310.0,10,0,0,92.174,8996.51,329.060
17340.0,10,0,0,95.279,9133.32,320.369
17370.0,10,0,0,97.037,9114.76,327.644
17400.0,10,0,0,97.472,8852.26,331.416
17430.0,10,0,0,100.327,9016.35,326.891
17460.0,10,0,0,103.191,9677.20,335.814
17490.0,10,0,0,105.166,9485.88,338.912
17520.0,10,0,0,104.624,8854.19,347.837
17550.0,10,0,0,105.561,8996.77,333.937
17580.0,10,0,0,106.683,8961.35,329.676
17610.0,10,0,0,107.766,8928.77,333.059
17640.0,10,0,0,108.833,8854.89,335.178
17670.0,10,0,0,110.353,9081.50,334.713
17700.0,10,0,0,111.957,8476.49,337.059
17730.0,9,0,0,114.128,8585.82,250.717
17760.0,9,0,0,116.309,8630.68,244.167
17790.0,9,0,0,119.345,8967.22,242.815
17820.0,9,0,0,122.785,9175.87,247.605
17850.0,9,0,0,124.536,8528.97,248.924
17880.0,9,0,0,127.029,8549.00,241.638
17910.0,9,0,0,130.092,8835.02,240.433
17940.0,9,0,0,131.276,8367.83,257.909
17970.0,9,0,0,132.675,8403.36,258.002
18000.0,9,0,0,135.742,8934.20,239.776
18030.0,9,0,0,138.308,8672.76,237.286
18060.0,9,0,0,141.014,8850.96,236.355
18090.0,9,0,0,143.463,8806.36,236.316
18120.0,9,0,0,145.857,8876.06,235.588
18150.0,9,0,0,148.279,8794.60,234.018
18180.0,9,0,0,150.833,8955.86,235.108
18210.0,9,0,0,153.494,8874.29,233.374
18240.0,9,0,0,155.973,8718.08,232.557
18270.0,9,0,0,158.366,8694.13,240.307
18300.0,9,0,0,161.165,8976.83,234.380
18330.0,9,0,0,163.953,9107.00,235.375
18360.0,9,0,0,165.126,8593.53,246.070
18390.0,9,0,0,167.231,8984.20,232.092
18420.0,9,0,0,168.944,8608.19,231.749
18450.0,9,0,0,170.819,8661.54,231.922
18480.0,9,0,0,173.136,9186.29,232.202
18510.0,9,0,0,175.727,9434.30,242.141
18540.0,9,0,0,178.363,9490.39,247.600
18570.0,9,0,0,179.072,8796.30,235.260
18600.0,9,0,0,180.834,9053.13,231.916
18630.0,9,0,0,181.713,8879.42,231.428
18660.0,9,0,0,182.745,8844.20,231.677
18690.0,9,0,0,184.865,9289.52,228.823
18720.0,9,0,0,186.479,9380.02,227.792
18750.0,9,0,0,188.530,9161.20,228.743
18780.0,9,0,0,190.707,9198.04,226.362
18810.0,9,0,0,193.486,9149.53,227.066
18840.0,9,0,0,195.715,9381.68,224.903
18870.0,9,0,0,197.550,9307.05,224.912
18900.0,9,0,0,200.380,9186.23,233.464
18930.0,9,0,0,203.700,9044.47,231.641
18960.0,9,0,0,204.987,9720.72,235.704
18990.0,9,0,0,207.653,9283.78,222.604
19020.0,9,0,0,209.961,9525.81,219.841
19050.0,9,0,0,211.924,9561.11,220.690
19080.0,9,0,0,214.456,9330.61,222.214
19110.0,9,0,0,215.424,9745.74,227.183
19140.0,9,0,0,217.530,9514.50,218.636
19170.0,9,0,0,219.079,9428.66,219.318
19200.0,9,0,0,221.328,9514.15,217.479
19230.0,9,0,0,223.014,9525.86,217.504
19260.0,9,0,0,224.836,9567.53,215.330
19290.0,9,0,0,226.605,9482.58,214.566
19320.0,9,0,0,227.373,9845.85,225.010
19350.0,9,0,0,229.053,9792.39,214.699
19380.0,9,0,0,230.256,9885.58,216.590
19410.0,9,0,0,231.768,9554.04,214.184
19440.0,9,0,0,233.762,9816.44,216.246
19470.0,9,0,0,235.876,9658.12,216.751
19500.0,9,0,0,236.875,9808.69,216.952
19530.0,9,0,0,238.281,9642.85,212.721
19560.0,9,0,0,239.296,9612.49,210.304
19590.0,9,0,0,239.814,10084.54,212.013
19620.0,9,0,0,240.132,10000.71,214.817
19650.0,9,0,0,240.585,10252.27,211.996
19680.0,9,0,0,241.340,9923.86,206.690
19710.0,9,0,0,241.187,10215.95,217.654
19740.0,9,0,0,240.671,10141.32,228.278
19770.0,9,0,0,241.248,10012.32,206.823
19800.0,9,0,0,242.401,10073.17,201.400
19830.0,9,0,0,244.391,9716.38,211.773
19860.0,9,0,0,245.790,9931.60,202.439
19890.0,9,0,0,247.451,10020.37,206.455
19920.0,9,0,0,248.377,10048.40,199.449
19950.0,9,0,0,247.862,10290.67,226.696
19980.0,9,0,0,248.374,9868.41,202.827
20010.0,9,0,0,249.318,10442.10,200.438
20040.0,9,0,0,249.893,10697.11,201.163
20070.0,9,0,0,250.011,10151.66,201.925
20100.0,9,0,0,250.808,10328.54,198.144
20130.0,10,0,0,251.536,10796.59,285.686
20160.0,10,0,0,251.228,10945.03,306.390
20190.0,10,0,0,251.398,10798.66,283.472
20220.0,10,0,0,251.812,11034.09,269.259
20250.0,10,0,0,251.778,10775.99,275.079
20280.0,10,0,0,251.747,10949.69,276.700
20310.0,10,0,0,252.055,10688.80,258.682
20340.0,10,0,0,252.249,10695.94,248.503
20370.0,10,0,0,252.332,10907.53,254.376
20400.0,10,0,0,252.587,11173.95,252.903
20430.0,10,0,0,253.104,11121.21,254.944
20460.0,10,0,0,253.182,10879.74,250.430
20490.0,10,0,0,252.940,10433.59,226.174
20520.0,10,0,0,253.010,11278.73,229.859
20550.0,10,0,0,253.418,11434.28,260.031
20580.0,9,0,0,253.748,8690.34,260.361
20610.0,9,0,0,254.130,8786.13,261.628
20640.0,9,0,0,253.663,8311.78,221.991
20670.0,9,0,0,252.989,8276.31,211.806
20700.0,9,0,0,251.629,7716.20,225.732
20730.0,9,0,0,251.382,8143.96,208.448
20760.0,9,0,0,251.954,8573.52,222.706
20790.0,9,0,0,252.000,8354.25,209.796
20820.0,9,0,0,251.956,8333.96,208.015
20850.0,9,0,0,252.623,8431.62,222.464
20880.0,9,0,0,253.866,9454.03,256.010
20910.0,9,0,0,254.718,9313.91,255.401
20940.0,9,0,0,256.289,9531.41,292.420
20970.0,9,0,0,256.338,9190.00,265.639
21000.0,9,0,0,257.881,9736.33,298.142
21030.0,9,0,0,258.030,9068.26,273.134
21060.0,9,0,0,261.856,10196.41,368.976
21090.0,9,0,0,261.438,9200.67,292.692
21120.0,9,0,0,264.077,9851.88,358.542
21150.0,9,0,0,264.399,9679.81,321.399
21180.0,9,0,0,264.690,9387.12,317.656
21210.0,9,0,0,264.297,9092.54,308.780
21240.0,9,0,0,264.614,9483.37,322.067
21270.0,9,0,0,264.581,9192.22,316.332
21300.0,10,0,0,265.093,9588.99,429.492
21330.0,10,0,0,267.136,9820.44,442.350
21360.0,10,0,0,270.529,10263.30,459.262
21390.0,10,0,0,268.941,9579.50,449.657
21420.0,10,0,0,269.331,9949.65,436.833
21450.0,10,0,0,269.833,9640.46,433.151
21480.0,10,0,0,271.205,9631.96,431.025
21510.0,10,0,0,274.923,10252.32,442.997
21540.0,10,0,0,273.703,9564.69,439.383
21570.0,10,0,0,275.937,10223.53,437.917
21600.0,10,0,0,274.645,9524.17,436.819
21630.0,10,0,0,273.154,9552.71,431.567
21660.0,10,0,0,275.037,10048.22,445.539
21690.0,10,0,0,276.248,9898.32,445.670
21720.0,10,0,0,279.413,10311.15,474.265
21750.0,10,0,0,279.832,9807.82,465.115
21780.0,10,0,0,279.729,9845.89,462.996
21810.0,10,0,0,281.872,10324.49,480.056
21840.0,9,0,0,282.691,9692.42,397.293
21870.0,9,0,0,283.120,9693.98,394.726
21900.0,9,0,0,282.810,9740.45,380.655
21930.0,9,0,0,280.301,9174.14,354.740
21960.0,8,0,0,279.706,9075.30,200.500
21990.0,8,0,0,277.765,8843.55,166.943
22020.0,9,0,0,278.602,9587.11,340.082
22050.0,9,0,0,277.895,9353.04,314.803
22080.0,9,0,0,278.583,9562.26,324.080
22110.0,9,0,0,277.942,9290.20,310.889
22140.0,9,0,0,276.690,9263.11,297.490
22170.0,9,0,0,277.387,9564.12,311.407
22200.0,9,0,0,278.538,9815.71,327.945
22230.0,9,0,0,279.098,9735.60,325.150
22260.0,9,0,0,281.607,9958.21,361.464
22290.0,9,0,0,282.882,9780.98,356.806
22320.0,9,0,0,283.807,9774.95,359.656
22350.0,9,0,0,290.189,10650.82,467.412
22380.0,9,0,0,293.655,10166.93,443.288
22410.0,9,0,0,294.800,9719.61,423.896
22440.0,9,0,0,295.334,9707.45,417.555
22470.0,9,0,0,293.514,9221.39,392.347
22500.0,9,0,0,291.337,9253.31,378.283
22530.0,9,0,0,287.517,8937.87,359.418
22560.0,9,0,0,289.435,9867.36,388.417
22590.0,9,0,0,291.403,9865.50,395.854
22620.0,9,0,0,292.537,9744.01,388.586
22650.0,9,0,0,293.969,9882.19,399.278
22680.0,9,0,0,294.470,9822.50,394.629
22710.0,9,0,0,291.826,9421.20,369.498
22740.0,9,0,0,290.816,9593.63,368.491
22770.0,9,0,0,288.917,9430.68,356.607
22800.0,9,0,0,285.445,9186.23,341.746
22830.0,9,0,0,285.716,9811.09,361.896
22860.0,9,0,0,285.495,9770.49,360.800
22890.0,9,0,0,284.599,9507.79,353.607
22920.0,9,0,0,285.305,9913.52,366.339
22950.0,9,0,0,286.825,10116.24,386.795
22980.0,9,0,0,287.871,9864.82,387.259
23010.0,9,0,0,286.682,9478.26,362.161
23040.0,9,0,0,286.575,9857.35,366.163
23070.0,9,0,0,288.484,9992.25,396.928
23100.0,9,0,0,288.676,9918.06,381.753
23130.0,9,0,0,288.090,9776.08,371.968
23160.0,9,0,0,288.590,9818.86,380.133
23190.0,9,0,0,287.317,9805.64,363.685
23220.0,9,0,0,283.364,9435.24,345.260
23250.0,9,0,0,282.199,9774.11,351.784
23280.0,9,0,0,280.758,9706.86,347.122
23310.0,9,0,0,282.640,10094.24,376.925
23340.0,9,0,0,282.402,9798.23,359.102
23370.0,9,0,0,282.037,9745.59,362.354
23400.0,9,0,0,279.315,9360.41,344.312
23430.0,9,0,0,276.545,9388.27,336.365
23460.0,9,0,0,278.616,10178.13,380.709
23490.0,9,0,0,277.625,9662.05,350.191
23520.0,9,0,0,273.457,9338.65,329.244
23550.0,9,0,0,272.263,9822.36,335.630
23580.0,9,0,0,271.627,9663.25,336.979
23610.0,9,0,0,269.829,9460.49,326.549
23640.0,9,0,0,268.751,9703.26,330.111
23670.0,9,0,0,269.085,10562.26,340.129
23700.0,9,0,0,269.146,10494.48,339.398
23730.0,9,0,0,269.627,10695.06,354.733
23760.0,9,0,0,269.877,10471.08,352.486
23790.0,9,0,0,268.900,10286.45,335.964
23820.0,9,0,0,268.667,10440.11,353.250
23850.0,9,0,0,269.899,10914.03,367.782
23880.0,9,0,0,270.460,10621.56,354.763
23910.0,9,0,0,270.610,10596.37,360.964
23940.0,9,0,0,271.431,10644.85,364.606
23970.0,9,0,0,272.061,10496.77,364.393
24000.0,9,0,0,272.371,10361.62,366.619
24030.0,9,0,0,272.649,10659.95,368.847
24060.0,9,0,0,273.899,11059.22,388.496
24090.0,9,0,0,274.312,10672.85,376.500
24120.0,9,0,0,275.051,10870.81,382.896
24150.0,9,0,0,274.642,10144.81,389.704
24180.0,9,0,1,275.009,10632.75,383.859
24210.0,9,0,1,274.964,10410.95,383.353
24240.0,9,0,1,275.412,10801.01,390.834
24270.0,9,0,1,275.835,10690.85,395.757
24300.0,9,0,1,276.223,10905.46,400.452
24330.0,9,0,1,275.288,10215.03,414.403
24360.0,9,0,1,275.368,10681.20,398.919
24390.0,9,0,1,275.830,10848.52,400.164
24420.0,9,0,1,275.712,10564.12,403.061
24450.0,9,0,1,276.117,10863.06,401.240
24480.0,9,0,1,275.425,10459.98,414.088
24510.0,9,0,1,275.495,10793.09,403.446
24540.0,9,0,1,275.471,10763.10,406.588
24570.0,9,0,1,275.076,10850.81,412.580
24600.0,9,0,1,274.857,10854.51,407.342
24630.0,9,0,1,275.189,10944.69,408.225
24660.0,9,0,1,274.690,10713.25,413.608
24690.0,9,0,1,274.962,11031.42,409.551
24720.0,9,0,1,274.925,11087.27,410.737
24750.0,9,0,1,275.167,11258.91,410.447
24780.0,9,0,1,274.939,10945.05,414.342
24810.0,9,0,1,275.226,11562.17,416.698
24840.0,9,0,1,275.059,11058.83,419.943
24870.0,9,0,1,274.396,11008.98,426.626
24900.0,9,0,1,273.060,10579.16,438.484
24930.0,9,0,1,272.041,10619.15,426.753
24960.0,9,0,1,272.327,11367.96,417.098
24990.0,9,0,1,272.434,11352.31,418.843
25020.0,9,0,1,272.686,11441.77,423.246
25050.0,9,0,1,272.686,11324.29,424.951
25080.0,9,0,1,273.220,11502.37,434.241
25110.0,9,0,1,272.845,11590.76,433.467
25140.0,9,0,1,273.085,11435.06,433.358
25170.0,9,0,1,272.804,11321.49,434.535
25200.0,9,0,1,272.913,11653.91,436.964
25230.0,9,0,1,271.608,11176.65,444.429
25260.0,9,0,1,271.194,11671.29,429.675
25290.0,9,0,1,271.196,11883.10,430.420
25320.0,9,0,1,270.376,11470.75,433.773
25350.0,9,0,1,269.387,11261.76,435.227
25380.0,9,0,1,268.406,11438.10,431.593
25410.0,9,0,1,267.727,11941.33,426.179
25440.0,9,0,1,267.674,11738.54,426.430
25470.0,9,0,1,267.220,11379.21,427.456
25500.0,9,0,1,266.599,11581.74,428.699
25530.0,9,0,1,266.061,11696.44,428.017
25560.0,9,0,1,265.552,11849.63,429.030
25590.0,9,0,1,264.845,11728.45,427.592
25620.0,9,0,1,263.840,11661.60,430.113
25650.0,9,0,1,263.047,11591.43,426.821
25680.0,9,0,1,262.812,11978.64,425.655
25710.0,9,0,1,262.124,12129.74,428.329
25740.0,9,0,1,261.532,12305.00,427.854
25770.0,9,0,1,260.520,11744.61,429.415
25800.0,9,0,1,260.384,12283.28,425.992
25830.0,9,0,1,259.466,11996.09,430.919
25860.0,9,0,1,259.639,12237.51,433.373
25890.0,9,0,1,259.025,12120.28,432.484
25920.0,9,0,1,257.690,11642.67,434.943
25950.0,8,0,1,257.650,9180.57,247.476
25980.0,8,0,1,256.884,8811.74,249.874
26010.0,8,0,1,256.263,8873.24,247.310
26040.0,8,0,1,255.329,8774.63,250.616
26070.0,8,0,1,254.213,8732.63,248.695
26100.0,8,0,1,253.076,8812.41,246.668
26130.0,8,0,1,250.317,7814.66,332.380
26160.0,8,0,1,248.880,8639.39,247.324
26190.0,8,0,1,248.099,9067.01,231.530
26220.0,8,0,1,247.373,9145.01,230.255
26250.0,8,0,1,246.492,8935.72,228.843
26280.0,8,0,1,245.645,8929.16,227.194
26310.0,8,0,1,245.406,9099.76,232.298
26340.0,8,0,1,244.457,8676.42,230.667
26370.0,8,0,1,243.957,9027.19,229.550
26400.0,8,0,1,242.307,8480.24,248.626
26430.0,8,0,1,241.339,8829.10,226.155
26460.0,8,0,1,240.805,9102.59,226.313
26490.0,8,0,1,240.421,9133.71,227.047
26520.0,8,0,1,239.270,8575.09,235.425
26550.0,8,0,1,238.780,8863.58,222.828
26580.0,9,0,1,238.069,10019.35,281.176
26610.0,9,0,1,237.409,10226.49,277.511
26640.0,9,0,1,236.913,10206.66,276.982
26670.0,9,0,1,235.389,9860.12,293.591
26700.0,9,0,1,234.678,10117.60,267.696
26730.0,9,0,1,234.214,10076.74,268.251
26760.0,9,0,1,233.540,9758.31,267.830
26790.0,9,0,1,232.083,9174.66,284.706
26820.0,8,0,1,231.076,8698.89,217.863
26850.0,9,0,1,229.984,10132.98,255.832
26880.0,9,0,1,228.990,9727.84,251.726
26910.0,9,0,1,228.172,9774.88,247.074
26940.0,9,0,1,227.401,9960.83,238.758
26970.0,9,0,1,225.994,9526.61,254.790
27000.0,9,0,1,224.912,9653.39,238.169
27030.0,9,0,1,223.853,9526.53,237.788
27060.0,9,0,1,223.043,9791.26,227.927
27090.0,9,0,1,222.340,9655.23,221.827
27120.0,9,0,1,221.313,9408.20,230.583
27150.0,9,0,1,220.656,9888.17,215.218
27180.0,9,0,1,220.117,9972.01,219.666
27210.0,9,0,1,219.147,9327.13,219.317
27240.0,9,0,1,218.425,9883.75,214.458
27270.0,9,0,1,217.945,9818.46,215.986
27300.0,9,0,1,217.292,9201.18,227.625
27330.0,9,0,1,216.545,9649.05,203.580
27360.0,9,0,1,215.581,9067.62,223.529
27390.0,9,0,1,214.908,9395.87,188.330
27420.0,9,0,1,214.214,9836.09,212.869
27450.0,9,0,1,213.460,9209.49,205.982
27480.0,9,0,1,212.903,9881.26,205.852
27510.0,9,0,1,212.329,9979.27,210.042
27540.0,9,0,1,211.493,9761.44,204.583
27570.0,9,0,1,210.660,9514.99,203.171
27600.0,9,0,1,210.220,9108.50,208.060
27630.0,9,0,1,209.752,9473.05,202.391
27660.0,9,0,1,209.072,9523.91,199.223
27690.0,9,0,1,208.903,9956.66,214.752
27720.0,9,0,1,208.109,10360.32,198.144
27750.0,9,0,1,207.609,10210.76,197.022
27780.0,9,0,1,206.799,10261.27,201.107
27810.0,9,0,1,206.276,10141.12,199.509
27840.0,9,0,1,205.887,10192.24,198.715
27870.0,9,0,1,205.627,9851.64,202.421
27900.0,9,0,1,204.158,10565.05,206.377
27930.0,9,0,1,205.262,9378.89,263.357
27960.0,9,0,1,204.067,10484.16,199.113
27990.0,9,0,1,203.862,10039.70,194.438
28020.0,9,0,1,203.695,10203.57,196.469
28050.0,9,0,1,202.832,10416.94,196.041
28080.0,9,0,1,202.387,10134.14,193.075
28110.0,9,0,1,201.778,10126.53,197.243
28140.0,9,0,1,200.742,10476.59,196.584
28170.0,9,0,1,199.451,10618.17,197.460
28200.0,9,0,1,198.648,10258.67,194.511
28230.0,9,0,1,198.130,10310.05,198.828
28260.0,9,0,1,197.395,11512.55,196.291
28290.0,8,0,1,197.454,9692.71,203.972
28320.0,8,0,1,197.440,9660.60,194.168
28350.0,8,0,1,197.278,9675.83,187.219
28380.0,8,0,1,197.321,9566.99,191.614
28410.0,8,0,1,196.500,10094.74,179.616
28440.0,8,0,1,196.672,9561.92,191.023
28470.0,8,0,1,195.351,10278.53,187.491
28500.0,8,0,1,194.837,9827.54,182.216
28530.0,8,0,1,193.435,10297.13,185.361
28560.0,8,0,1,192.824,9798.91,182.838
28590.0,8,0,1,192.341,9728.74,184.079
28620.0,8,0,1,192.117,9459.09,195.218
28650.0,8,0,1,192.284,9333.20,205.660
28680.0,8,0,1,191.373,9939.55,177.248
28710.0,8,0,1,191.080,9636.19,180.628
28740.0,8,0,1,190.113,9978.38,176.906
28770.0,8,0,1,189.754,9750.86,177.688
28800.0,8,0,1,189.496,9704.36,180.952
28830.0,8,0,1,190.222,9340.73,210.971
28860.0,8,0,1,189.316,9877.04,178.375
28890.0,8,0,1,188.406,9877.85,178.295
28920.0,8,0,1,187.546,9873.81,178.314
28950.0,8,0,1,187.826,9500.08,190.623
28980.0,8,0,1,186.690,10117.99,183.677
29010.0,8,0,1,186.022,10029.42,176.557
29040.0,8,0,1,185.799,9741.65,179.762
29070.0,8,0,1,185.276,9898.76,175.245
29100.0,8,0,1,184.408,9865.14,174.355
29130.0,8,0,1,183.538,10022.52,174.910
29160.0,8,0,1,183.148,9729.10,175.002
29190.0,8,0,1,182.089,10054.35,181.641
29220.0,8,0,1,181.496,9783.23,178.537
29250.0,8,0,1,181.956,9551.38,202.097
29280.0,8,0,1,181.461,9893.01,179.773
29310.0,8,0,1,180.954,9932.63,178.478
29340.0,8,0,1,179.518,10252.92,185.857
29370.0,8,0,1,179.386,9782.91,179.940
29400.0,8,0,1,178.764,9740.43,177.740
29430.0,8,0,1,177.837,9776.07,179.687
29460.0,8,0,1,177.589,9580.45,181.865
29490.0,8,0,1,178.645,9333.86,216.796
29520.0,8,0,1,178.223,9752.12,176.344
29550.0,8,0,1,176.815,10094.41,188.902
29580.0,8,0,1,177.768,9539.31,194.121
29610.0,8,0,1,177.450,9796.49,174.654
29640.0,8,0,1,177.653,9600.43,178.395
29670.0,8,0,1,178.018,9398.74,181.198
29700.0,8,0,1,177.737,9762.26,172.606
29730.0,8,0,1,179.880,8890.39,224.262
29760.0,8,0,1,179.680,9758.76,172.640
29790.0,9,0,1,180.389,11068.96,290.932
29820.0,9,0,1,180.275,11265.43,280.393
29850.0,9,0,1,180.191,11444.42,275.989
29880.0,9,0,1,179.716,11435.10,263.038
29910.0,9,0,1,180.666,11247.56,289.325
29940.0,9,0,1,181.161,11469.69,272.723
29970.0,9,0,1,181.655,11259.04,271.552
30000.0,9,0,1,181.740,11242.26,263.230
30030.0,9,0,1,181.509,11412.16,261.126
30060.0,9,0,1,182.090,11174.99,267.677
30090.0,9,0,1,182.080,11359.90,257.622
30120.0,9,0,1,182.487,11296.79,268.941
30150.0,9,0,1,181.845,11648.81,253.633
30180.0,9,0,1,182.240,11378.03,264.981
30210.0,9,0,1,183.737,11077.07,291.988
30240.0,9,0,1,183.512,11124.37,251.979
30270.0,9,0,1,183.169,11150.45,255.106
30300.0,9,0,1,182.780,11290.87,252.885
30330.0,9,0,1,183.350,11318.58,264.313
30360.0,9,0,1,182.580,11707.18,237.934
30390.0,9,0,1,181.734,11524.71,238.858
30420.0,9,0,1,181.269,11369.82,245.215
30450.0,9,0,1,180.488,11326.42,241.065
30480.0,9,0,1,179.331,11539.97,239.245
30510.0,9,0,1,179.448,11048.89,251.564
30540.0,9,0,1,178.497,11607.59,236.535
30570.0,9,0,1,177.250,11840.29,236.854
30600.0,9,0,1,177.433,11402.35,252.329
30630.0,9,0,1,179.278,10486.55,318.820
30660.0,9,0,1,178.357,11449.24,232.279
30690.0,9,0,1,178.365,11065.38,233.894
30720.0,9,0,1,177.603,11367.25,227.065
30750.0,9,0,1,177.197,11264.25,233.959
30780.0,9,0,1,177.235,11057.28,238.621
30810.0,9,0,1,177.268,11050.79,235.883
30840.0,9,0,1,176.505,11228.92,224.575
30870.0,9,0,1,175.730,11303.11,223.532
30900.0,9,0,1,174.706,11404.82,219.549
30930.0,9,0,1,173.970,11330.98,218.471
30960.0,9,0,1,173.058,11339.70,218.778
30990.0,9,0,1,173.314,10937.32,245.836
31020.0,9,0,1,172.825,11286.08,214.980
31050.0,9,0,1,173.196,10931.62,223.077
31080.0,9,0,1,173.273,11059.46,216.718
31110.0,9,0,1,172.790,11260.36,210.766
31140.0,9,0,1,172.518,10805.05,206.213
31170.0,9,0,1,171.888,11100.36,213.823
31200.0,9,0,1,172.380,10698.83,212.237
31230.0,9,0,1,171.922,11041.65,201.975
31260.0,9,0,1,169.787,11451.46,211.344
31290.0,9,0,1,168.954,10759.51,210.524
31320.0,9,0,1,167.076,11301.16,219.672
31350.0,9,0,1,165.656,11001.29,210.021
31380.0,9,0,1,165.079,11249.48,212.788
31410.0,9,0,1,166.549,10888.85,237.680
31440.0,9,0,1,166.090,11324.53,212.572
31470.0,10,0,1,164.849,12434.39,213.774
31500.0,10,0,1,164.608,12045.44,212.737
31530.0,10,0,1,166.426,11425.98,245.725
31560.0,10,0,1,164.919,12118.36,209.482
31590.0,10,0,1,164.019,11887.75,212.130
31620.0,10,0,1,164.804,11878.70,228.821
31650.0,9,0,1,165.311,11288.18,229.895
31680.0,9,0,1,166.128,11063.01,238.931
31710.0,9,0,1,167.632,10947.91,257.050
31740.0,9,0,1,166.708,11404.37,224.552
31770.0,10,0,1,165.455,11921.06,231.389
31800.0,10,0,1,163.934,12184.70,231.312
31830.0,10,0,1,164.722,11906.97,241.968
31860.0,10,0,1,165.251,11902.38,243.616
31890.0,10,0,1,163.749,12249.19,245.151
31920.0,10,0,1,162.995,12304.66,236.645
31950.0,10,0,1,162.213,11925.27,239.174
31980.0,10,0,1,161.236,12056.87,243.118
32010.0,10,0,1,160.825,12059.80,247.415
32040.0,10,0,1,161.517,11710.80,257.751
32070.0,10,0,1,161.758,12027.75,253.821
32100.0,10,0,1,160.282,12620.89,262.422
32130.0,9,0,1,159.788,11648.72,228.584
32160.0,9,0,1,160.717,11430.15,247.707
32190.0,9,0,1,160.931,11667.66,237.571
32220.0,9,0,1,160.409,11775.34,237.654
32250.0,9,0,1,160.477,11519.57,235.062
32280.0,9,0,1,158.838,11983.74,247.341
32310.0,9,0,1,159.954,11287.95,247.731
32340.0,9,0,1,159.991,11693.88,234.175
32370.0,9,0,1,159.907,11499.56,234.119
32400.0,9,0,1,159.512,11634.53,233.952
32430.0,9,0,1,161.289,10897.69,267.859
32460.0,9,0,1,161.053,11812.55,239.316
32490.0,9,0,1,161.872,11580.76,237.782
32520.0,9,0,1,162.796,11473.46,240.308
32550.0,9,0,1,163.353,11664.63,238.035
32580.0,9,0,1,163.465,11309.76,235.331
32610.0,9,0,1,164.009,11462.09,235.319
32640.0,9,0,1,164.324,11670.67,234.757
32670.0,9,0,1,164.323,11748.60,234.598
32700.0,9,0,1,164.807,11571.68,233.448
32730.0,9,0,1,164.893,11856.79,231.468
32760.0,9,0,1,165.361,11333.96,232.353
32790.0,9,0,1,165.043,11712.11,221.324
32820.0,9,0,1,164.701,11407.46,222.551
32850.0,9,0,1,165.005,11309.32,226.912
32880.0,9,0,1,164.762,11357.38,221.597
32910.0,9,0,1,165.244,11143.35,223.659
32940.0,9,0,1,165.677,11288.68,219.649
32970.0,9,0,1,165.780,11333.71,215.995
33000.0,9,0,1,166.292,11090.23,217.679
33030.0,9,0,1,166.075,11650.30,219.157
33060.0,9,0,1,166.494,11075.08,214.515
33090.0,8,0,1,166.132,11266.68,213.483
33120.0,8,0,1,165.579,11039.83,214.412
33150.0,8,0,1,164.846,11233.28,214.752
33180.0,8,0,1,164.162,11308.09,221.172
33210.0,8,0,1,163.315,11205.22,221.432
33240.0,8,0,1,162.443,11222.08,216.952
33270.0,8,0,1,161.142,11127.21,215.663
33300.0,8,0,1,159.939,10950.10,214.625
33330.0,8,0,1,158.206,10563.01,236.676
33360.0,8,0,1,158.089,11948.21,260.884
33390.0,8,0,1,156.446,11175.82,220.976
33420.0,8,0,1,154.991,11164.65,219.377
33450.0,8,0,1,153.915,11150.36,213.454
33480.0,8,0,1,153.675,11373.45,228.795
33510.0,8,0,1,152.779,11182.19,208.748
33540.0,8,0,1,152.495,11331.29,220.917
33570.0,8,0,1,151.892,11274.12,207.772
33600.0,8,0,1,150.881,10985.89,205.013
33630.0,8,0,1,149.488,10944.73,207.672
33660.0,8,0,1,148.393,11036.79,204.763
33690.0,8,0,1,147.988,11567.71,223.380
33720.0,8,0,1,146.893,10878.33,202.856
33750.0,8,0,1,145.585,10872.66,205.424
33780.0,8,0,1,144.921,10998.23,203.657
33810.0,8,0,1,144.056,11170.35,204.904
33840.0,8,0,1,143.213,11106.00,202.412
33870.0,8,0,1,141.403,10720.62,207.569
33900.0,8,0,1,139.819,10733.49,202.517
33930.0,8,0,1,138.059,10528.06,208.187
33960.0,8,0,1,136.985,10871.42,194.593
33990.0,8,0,1,135.347,10897.16,195.162
34020.0,8,0,1,134.166,10998.54,193.529
34050.0,7,0,1,133.760,10620.19,203.599
34080.0,7,0,1,133.104,10752.39,198.216
34110.0,7,0,1,132.152,11151.80,206.835
34140.0,7,0,1,131.383,11025.58,196.734
34170.0,8,0,0,130.653,13062.48,187.797
34200.0,8,0,0,129.949,12479.01,196.716
34230.0,8,0,0,129.179,12234.72,213.576
34260.0,8,0,0,128.720,12781.98,181.701
34290.0,8,0,0,128.245,12582.94,182.104
34320.0,8,0,0,127.798,12792.16,179.340
34350.0,8,0,0,126.822,12471.26,197.308
34380.0,8,0,0,126.267,12385.24,180.256
34410.0,8,0,0,125.908,12998.93,178.168
34440.0,8,0,0,125.220,12659.71,177.765
34470.0,8,0,0,124.441,12833.18,176.014
34500.0,8,0,0,123.641,12685.58,171.639
34530.0,8,0,0,122.165,12027.30,214.325
34560.0,9,0,0,121.470,13579.26,272.399
34590.0,9,0,0,121.102,14049.35,259.576
34620.0,9,0,0,119.564,13471.53,308.684
34650.0,9,0,0,119.406,14095.21,244.774
34680.0,9,0,0,119.165,13887.47,244.326
34710.0,10,0,0,118.366,14331.39,295.413
34740.0,10,0,0,117.165,14161.98,308.618
34770.0,10,0,0,116.721,14195.40,284.875
34800.0,10,0,0,116.771,14667.18,268.887
34830.0,10,0,0,116.135,14665.42,273.139
34860.0,10,0,0,115.591,14130.94,269.778
34890.0,10,0,0,114.789,14175.74,276.437
34920.0,10,0,0,115.001,14701.79,260.652
34950.0,10,0,0,113.517,13987.55,284.161
34980.0,10,0,0,112.306,13597.85,268.201
35010.0,10,0,0,111.528,14164.16,254.933
35040.0,10,0,0,111.834,14459.04,246.787
35070.0,10,0,0,111.509,14192.40,240.414
35100.0,10,0,0,111.048,14326.10,236.813
35130.0,10,0,0,109.881,13652.78,245.570
35160.0,10,0,0,109.273,14184.89,232.496
35190.0,9,0,0,109.021,12985.56,236.773
35220.0,9,0,0,107.820,12473.79,251.009
35250.0,9,0,0,107.151,12591.40,235.761
35280.0,9,0,0,106.432,12616.67,230.763
35310.0,9,0,0,105.827,12684.82,224.404
35340.0,9,0,0,105.625,12657.18,221.185
35370.0,9,0,0,104.989,12419.73,220.762
35400.0,10,0,0,104.209,13740.65,225.165
35430.0,10,0,0,103.866,13603.93,214.346
35460.0,10,0,0,104.091,14114.23,210.289
35490.0,10,0,0,103.129,13386.11,226.406
35520.0,10,0,0,102.198,13698.33,227.150
35550.0,10,0,0,101.566,13622.97,222.265
35580.0,10,0,0,101.123,13648.47,216.868
35610.0,10,0,0,100.617,13728.45,214.779
35640.0,10,0,0,100.240,13684.73,199.886
35670.0,10,0,0,99.980,13979.94,196.302
35700.0,10,0,0,99.471,13536.78,225.313
35730.0,10,0,0,99.241,13631.33,198.912
35760.0,10,0,0,99.294,13813.78,179.985
35790.0,9,0,0,98.497,11755.52,223.835
35820.0,9,0,0,98.175,12107.91,170.984
35850.0,9,0,0,97.998,12325.98,153.027
35880.0,9,0,0,97.863,12379.97,151.189
35910.0,9,0,0,97.785,12323.22,145.686
35940.0,9,0,0,97.585,12051.36,166.555
35970.0,9,0,0,97.487,12540.03,140.235
36000.0,9,0,0,97.220,11647.54,201.803
36030.0,9,0,0,97.189,11472.56,207.330
36060.0,9,0,0,97.188,12045.33,146.536
36090.0,9,0,0,97.243,12105.60,145.421
36120.0,9,0,0,97.206,11864.45,146.751
36150.0,9,0,0,97.386,11789.69,178.268
36180.0,9,0,0,97.425,12157.75,138.278
36210.0,9,0,0,97.534,11900.53,145.196
36240.0,9,0,0,97.705,11880.56,146.370
36270.0,9,0,0,97.921,11789.49,139.891
36300.0,9,0,0,97.948,12106.43,129.822
36330.0,9,0,0,97.920,12059.13,125.517
36360.0,9,0,0,97.946,12033.12,120.998
36390.0,9,0,0,98.070,11629.34,129.963
36420.0,9,0,0,98.460,11461.27,164.444
36450.0,9,0,0,98.836,11822.94,139.830
36480.0,9,0,0,99.394,11598.66,145.758
36510.0,9,0,0,99.794,11788.94,138.694
36540.0,9,0,0,100.230,11800.92,137.467
36570.0,9,0,0,100.803,11858.38,140.422
36600.0,9,0,0,101.578,11631.86,155.182
36630.0,9,0,0,102.113,11797.04,132.527
36660.0,9,0,0,102.621,11471.09,132.684
36690.0,9,0,0,102.901,12078.25,125.526
36720.0,9,0,0,103.076,12215.38,136.283
36750.0,9,0,0,103.145,11756.79,152.667
36780.0,9,0,0,103.217,11735.20,180.378
36810.0,9,0,0,103.433,12002.01,158.780
36840.0,9,0,0,103.631,12304.40,144.909
36870.0,9,0,0,103.834,12307.75,147.719
36900.0,9,0,0,103.998,12306.10,143.470
36930.0,9,0,0,103.912,11436.23,231.348
36960.0,8,0,0,103.909,11849.95,151.937
36990.0,8,0,0,103.878,11810.20,155.039
37020.0,8,0,0,103.828,11751.96,159.065
37050.0,8,0,0,103.771,12202.03,153.052
37080.0,9,0,0,103.898,12534.42,143.036
37110.0,9,0,0,104.230,13143.71,146.519
37140.0,9,0,0,104.449,12632.46,162.312
37170.0,9,0,0,104.530,12176.55,185.545
37200.0,9,0,0,104.532,12516.91,169.967
37230.0,9,0,0,104.733,12783.10,142.488
37260.0,9,0,0,104.876,12922.68,147.466
37290.0,9,0,0,104.989,12885.02,148.730
37320.0,9,0,0,105.198,13047.89,154.480
37350.0,9,0,0,105.358,12541.10,144.635
37380.0,9,0,0,105.400,11842.69,169.340
37410.0,8,0,0,105.581,12197.74,144.281
37440.0,8,0,0,105.743,12318.16,144.984
37470.0,8,0,0,105.846,12610.15,148.837
37500.0,8,0,0,105.829,12019.86,175.731
37530.0,8,0,0,105.983,12089.54,164.612
37560.0,8,0,0,106.113,12181.82,149.537
37590.0,8,0,0,106.336,12049.88,163.111
37620.0,8,0,0,106.589,12073.73,149.177
37650.0,8,0,0,106.840,11927.76,166.904
37680.0,8,0,0,107.006,12159.36,146.967
37710.0,8,0,0,107.332,12080.79,160.300
37740.0,8,0,0,107.664,12256.81,146.560
37770.0,8,0,0,107.988,12146.61,150.777
37800.0,8,0,0,108.033,12596.05,144.836
37830.0,8,0,0,108.703,11476.53,213.407
37860.0,8,0,0,108.944,12123.96,147.414
37890.0,8,0,0,109.057,12529.53,144.228
37920.0,8,0,0,109.320,12117.34,150.820
37950.0,8,0,0,109.736,12029.37,150.701
37980.0,8,0,0,110.314,12015.48,155.559
38010.0,8,0,0,110.789,12227.69,150.481
38040.0,8,0,0,111.076,12411.73,146.950
38070.0,8,0,0,111.170,12488.02,147.199
38100.0,8,0,0,111.644,12223.64,158.469
38130.0,8,0,0,112.203,12137.57,153.164
38160.0,8,0,0,113.375,11741.99,201.183
38190.0,8,0,0,114.344,11888.04,189.392
38220.0,8,0,0,114.881,12215.37,162.354
38250.0,8,0,0,115.212,12301.40,153.376
38280.0,8,0,0,115.424,12526.99,149.200
38310.0,8,0,0,116.068,12212.75,154.625
38340.0,8,0,0,115.833,12693.43,151.315
38370.0,8,0,0,115.598,12736.47,151.208
38400.0,8,0,0,116.450,12058.23,156.924
38430.0,8,0,0,116.902,12312.07,142.209
38460.0,8,0,0,118.313,11934.11,192.147
38490.0,8,0,0,119.460,12129.01,180.009
38520.0,8,0,0,119.520,12511.93,144.241
38550.0,8,0,0,120.029,12145.61,144.354
38580.0,8,0,0,120.784,12170.45,146.954
38610.0,8,0,0,121.678,12248.45,152.308
38640.0,8,0,0,122.261,12122.30,149.174
38670.0,8,0,0,122.093,12598.77,145.053
38700.0,8,0,0,124.041,11967.14,214.429
38730.0,8,0,0,125.699,12094.73,193.743
38760.0,8,0,0,126.283,12449.65,151.598
38790.0,8,0,0,126.827,12394.18,158.564
38820.0,8,0,0,127.704,12292.08,162.902
38850.0,8,0,0,128.161,12544.64,152.655
38880.0,8,0,0,128.821,12457.88,155.500
38910.0,8,0,0,128.957,12618.42,147.450
38940.0,8,0,0,128.550,12885.33,147.774
38970.0,8,0,0,129.510,12296.00,159.982
39000.0,8,0,0,129.716,12688.72,141.849
39030.0,8,0,0,131.264,12131.46,177.157
39060.0,8,0,1,131.195,12698.86,141.747
39090.0,8,0,1,131.988,12748.18,148.113
39120.0,8,0,1,133.554,12514.14,178.227
39150.0,8,0,1,134.131,12660.27,148.703
39180.0,8,0,1,134.879,12559.86,151.013
39210.0,8,0,1,135.254,12610.92,146.262
39240.0,8,0,1,135.599,12804.09,147.001
39270.0,8,0,1,136.022,12754.70,147.134
39300.0,8,0,1,135.894,12862.00,142.440
39330.0,8,0,1,136.650,12672.59,149.989
39360.0,8,0,1,137.543,12658.05,153.467
39390.0,8,0,1,138.937,12359.13,175.622
39420.0,8,0,1,139.108,12811.14,146.973
39450.0,8,0,1,139.618,12682.38,146.033
39480.0,8,0,1,140.156,12795.34,175.965
39510.0,8,0,1,140.344,13197.44,141.657
39540.0,8,0,1,140.628,13094.16,140.128
39570.0,8,0,1,141.148,13094.40,159.877
39600.0,8,0,1,141.448,13115.03,142.026
39630.0,8,0,1,142.151,12337.27,215.897
39660.0,8,0,1,142.587,13303.13,158.948
39690.0,8,0,1,142.986,13233.12,156.545
39720.0,8,0,1,143.257,13397.48,151.109
39750.0,8,0,1,143.280,13879.17,160.691
39780.0,8,0,1,143.763,12815.93,192.393
39810.0,8,0,1,144.241,12898.35,178.914
39840.0,8,0,1,144.729,13162.88,169.113
39870.0,8,0,1,144.861,13703.58,149.858
39900.0,8,0,1,145.147,13626.32,157.337
39930.0,8,0,1,145.478,13681.65,160.114
39960.0,8,0,1,145.917,13169.80,169.900
39990.0,8,0,1,146.261,13539.10,161.892
40020.0,8,0,1,146.795,13683.77,173.203
40050.0,8,0,1,147.178,13582.62,163.431
40080.0,8,0,1,147.501,13409.22,161.830
40110.0,8,0,1,147.865,13556.29,164.980
40140.0,8,0,1,148.396,13317.59,170.833
40170.0,9,0,1,148.783,15065.16,164.972
40200.0,8,0,1,149.019,14211.10,149.006
40230.0,8,0,1,148.609,14807.17,172.173
40260.0,8,0,1,148.937,14184.64,143.823
40290.0,8,0,1,149.315,13869.62,150.026
40320.0,8,0,1,149.781,13764.07,152.930
40350.0,8,0,1,150.586,13750.43,178.079
40380.0,8,0,1,151.122,13568.70,158.931
40410.0,8,0,1,151.836,13565.77,176.264
40440.0,8,0,1,152.259,13916.30,165.572
40470.0,8,0,1,153.320,13614.37,206.650
40500.0,8,0,1,154.026,13708.88,184.913
40530.0,7,0,1,155.031,13166.28,188.325
40560.0,7,0,1,156.050,12974.03,191.599
40590.0,7,0,1,156.987,12776.13,191.581
40620.0,7,0,1,157.093,12956.97,162.457
40650.0,7,0,1,157.172,13348.86,159.780
40680.0,7,0,1,157.655,13176.68,163.462
40710.0,7,0,1,158.171,13176.06,162.206
40740.0,7,0,1,159.030,12882.76,180.542
40770.0,7,0,1,159.239,12993.60,162.356
40800.0,7,0,1,158.987,13526.16,162.177
40830.0,7,0,1,160.902,12462.67,253.017
40860.0,7,0,1,161.723,12902.61,182.260
40890.0,7,0,2,163.379,12596.81,227.485
40920.0,7,0,2,162.956,13448.12,172.009
40950.0,7,0,2,163.729,12702.73,181.092
40980.0,7,0,2,164.313,12900.63,173.949
41010.0,7,0,2,165.680,12612.45,208.969
41040.0,7,0,2,166.966,12445.85,209.855
41070.0,7,0,2,167.500,12939.43,186.326
41100.0,7,0,2,167.118,13024.27,171.986
41130.0,7,0,2,167.942,12810.68,184.335
41160.0,6,0,2,168.219,13105.61,123.756
41190.0,6,0,2,168.933,12800.99,122.319
41220.0,6,0,2,169.155,13062.25,118.644
41250.0,7,0,2,170.158,13884.14,172.797
41280.0,7,0,2,170.584,13938.65,145.636
41310.0,6,0,2,171.453,12522.61,118.418
41340.0,6,0,2,171.300,12956.61,124.033
41370.0,6,0,2,171.241,12994.62,113.686
41400.0,6,0,2,171.187,12951.41,109.378
41430.0,6,0,2,171.626,12534.75,97.307
41460.0,7,0,2,172.134,13926.19,134.473
41490.0,7,0,2,172.256,13887.98,121.157
41520.0,7,0,2,171.901,14170.81,130.702
41550.0,7,0,2,171.794,13941.61,125.905
41580.0,7,0,2,172.068,13968.45,131.106
41610.0,7,0,2,172.290,13703.52,122.454
41640.0,7,0,2,171.975,13741.80,121.711
41670.0,7,0,2,171.843,13912.00,118.288
41700.0,7,0,2,172.526,13376.02,146.035
41730.0,7,0,2,172.575,13650.59,117.417
41760.0,7,0,2,172.722,13543.59,117.590
41790.0,7,0,2,173.890,12909.18,164.714
41820.0,7,0,2,174.807,13263.10,140.202
41850.0,7,0,2,176.072,13148.13,159.924
41880.0,7,0,2,177.812,12971.18,185.571
41910.0,7,0,2,178.527,13441.05,120.165
41940.0,7,0,2,178.507,13534.62,89.010
41970.0,7,0,2,178.596,13326.41,85.138
42000.0,7,0,2,178.511,13542.36,76.119
42030.0,7,0,2,177.904,13711.07,75.230
42060.0,7,0,2,177.420,13543.47,68.727
42090.0,7,0,2,177.278,13383.57,62.455
42120.0,7,0,2,177.513,13331.60,65.329
42150.0,7,0,2,177.354,13502.59,59.653
42180.0,7,0,2,177.703,13151.30,67.771
42210.0,7,0,2,177.357,13553.09,51.399
42240.0,7,0,2,177.589,13005.18,55.528
42270.0,7,0,2,177.834,13042.51,52.735
42300.0,7,0,2,177.891,13308.19,47.891
42330.0,7,0,2,177.912,13416.49,45.637
42360.0,7,0,2,177.288,13538.37,55.189
42390.0,7,0,2,176.823,13538.37,48.622
42420.0,6,0,2,176.760,12149.04,29.468
42450.0,6,0,2,176.915,11783.81,24.856
42480.0,7,0,2,176.946,13451.14,36.265
42510.0,7,0,2,176.562,13273.64,49.096
42540.0,6,0,2,176.853,11792.72,33.337
42570.0,6,0,2,176.170,12087.55,70.579
42600.0,6,0,2,176.061,11951.17,26.039
42630.0,6,0,2,176.200,11837.09,24.669
42660.0,6,0,2,175.969,11913.87,32.982
42690.0,6,0,2,175.690,11818.35,40.046
42720.0,6,0,2,174.740,12196.70,100.616
42750.0,6,0,2,174.432,11921.60,35.165
42780.0,6,0,2,173.378,12397.95,117.318
42810.0,6,0,2,172.982,12012.96,58.532
42840.0,7,0,2,172.688,13037.42,57.203
42870.0,7,0,2,172.338,13297.73,58.403
42900.0,7,0,2,172.228,13033.30,41.215
42930.0,7,0,2,172.236,12549.98,39.993
42960.0,7,0,2,172.380,12334.29,39.077
42990.0,7,0,2,171.971,12908.69,60.376
43020.0,7,0,2,172.091,12608.26,41.466
43050.0,7,0,2,172.477,12111.92,66.115
43080.0,7,0,2,171.958,12821.97,68.551
43110.0,7,0,2,171.758,12370.19,41.712
43140.0,7,0,2,171.512,12758.99,43.057
43170.0,7,0,2,171.291,12159.93,37.264
43200.0,7,0,2,171.490,12435.63,43.157
43230.0,7,0,2,171.862,12122.91,54.182
43260.0,7,0,2,171.734,12592.68,41.743
43290.0,7,0,2,171.506,12772.10,38.868
43320.0,7,0,2,171.531,12518.91,24.386
43350.0,7,0,2,171.738,12421.52,34.546
43380.0,7,0,2,171.787,12661.29,22.004
43410.0,7,0,2,171.943,12125.00,34.206
43440.0,7,0,2,172.082,12051.01,32.601
43470.0,7,0,2,172.228,12310.87,27.856
43500.0,7,0,2,172.033,12492.39,37.898
43530.0,7,0,2,172.174,12531.66,27.853
43560.0,7,0,2,172.227,12415.62,28.593
43590.0,7,0,2,173.120,12036.96,98.661
43620.0,7,0,2,173.363,11942.26,37.537
43650.0,7,0,2,172.679,12281.82,73.963
43680.0,6,0,2,172.248,12238.38,73.874
43710.0,6,0,2,171.869,12101.29,75.077
43740.0,6,0,2,171.987,11643.16,27.448
43770.0,6,0,2,172.173,11642.54,29.055
43800.0,6,0,2,172.168,11832.58,17.294
43830.0,6,0,2,172.308,11663.15,65.544
43860.0,6,0,2,172.146,12127.90,27.894
43890.0,6,0,2,172.576,11326.81,110.010
43920.0,6,0,2,172.144,11913.04,47.887
43950.0,6,0,2,172.017,11740.61,19.355
43980.0,6,0,2,171.985,11510.65,34.637
44010.0,6,0,2,172.144,11376.57,83.418
44040.0,6,0,2,172.028,11549.91,37.337
44070.0,6,0,2,171.759,11458.99,39.100
44100.0,6,0,2,171.466,11912.58,36.840
44130.0,6,0,2,171.564,10956.40,162.724
44160.0,6,0,2,171.313,12099.58,95.095
44190.0,6,0,2,171.203,11881.22,59.795
44220.0,6,0,2,170.991,11187.76,114.217
44250.0,6,0,2,170.534,11938.56,65.254
44280.0,6,0,2,170.140,12028.92,118.242
44310.0,6,0,2,169.798,11557.61,33.335
44340.0,7,0,2,169.730,13509.64,55.684
44370.0,7,0,2,169.278,13138.08,50.104
44400.0,7,0,2,168.814,12617.54,132.545
44430.0,7,0,2,168.438,13078.68,97.099
44460.0,7,0,2,168.005,12997.10,84.108
44490.0,7,0,2,167.551,12855.33,105.874
44520.0,7,0,2,167.364,13258.66,81.665
44550.0,8,0,2,166.988,13176.93,128.200
44580.0,8,0,2,166.663,13285.55,108.063
44610.0,8,0,2,166.341,13022.48,82.633
44640.0,8,0,2,166.151,13537.13,75.400
44670.0,8,0,2,166.029,12837.24,74.500
44700.0,8,0,3,165.852,13105.74,70.337
44730.0,8,0,3,165.535,13425.49,79.987
44760.0,8,0,3,165.073,12863.13,48.867
44790.0,8,0,3,164.796,12932.22,67.682
44820.0,8,0,3,164.750,13318.51,79.060
44850.0,8,0,3,164.416,12636.86,43.975
44880.0,8,0,3,164.019,13006.99,45.393
44910.0,8,0,3,163.552,13078.94,42.664
44940.0,8,0,3,163.000,12633.31,54.413
44970.0,8,0,3,162.797,12724.40,43.168
45000.0,8,0,3,162.272,12470.14,94.713
45030.0,8,0,3,161.544,12347.73,109.872
45060.0,8,0,3,160.834,12539.24,94.135
45090.0,8,0,3,160.320,12694.95,73.014
45120.0,8,0,3,160.088,12750.69,73.763
45150.0,8,0,3,159.749,12790.87,59.646
45180.0,8,0,3,159.219,12555.75,37.387
45210.0,8,0,3,158.085,11849.34,114.079
45240.0,8,0,3,157.497,12370.51,64.966
45270.0,8,0,3,157.150,12242.72,60.171
45300.0,8,0,3,156.688,12091.03,79.643
45330.0,8,0,3,156.611,12351.60,61.155
45360.0,8,0,3,156.019,12173.88,55.485
45390.0,8,0,3,155.137,12125.51,63.155
45420.0,8,0,3,154.238,11855.20,103.003
45450.0,8,0,3,153.715,11893.88,75.496
45480.0,8,0,3,152.662,11600.59,121.086
45510.0,8,0,3,151.848,11934.66,97.863
45540.0,8,0,3,151.017,11775.37,112.697
45570.0,8,0,3,150.097,11717.09,130.831
45600.0,8,0,3,150.098,12067.30,90.098
45630.0,8,0,3,149.059,11550.46,128.840
45660.0,8,0,3,148.618,11890.78,79.055
45690.0,8,0,3,148.413,11498.19,80.149
45720.0,8,0,3,148.307,11842.25,62.812
45750.0,8,0,3,148.022,11949.94,56.566
45780.0,8,0,3,147.398,11702.40,39.465
45810.0,8,0,3,147.177,12057.28,34.371
45840.0,8,0,3,147.487,12309.70,102.631
45870.0,8,0,3,147.321,11708.19,26.150
45900.0,8,0,3,146.263,11354.12,77.099
45930.0,8,0,3,145.225,11270.13,67.663
45960.0,8,0,3,145.131,11737.43,33.108
45990.0,8,0,3,144.769,11503.69,27.628
46020.0,8,0,3,144.311,11303.39,32.523
46050.0,8,0,3,144.381,11721.88,63.613
46080.0,8,0,3,144.374,11349.85,61.841
46110.0,8,0,3,144.418,11761.34,76.446
46140.0,8,0,3,143.850,11469.32,60.932
46170.0,8,0,3,142.599,10986.04,110.685
46200.0,8,0,3,142.669,11382.11,57.259
46230.0,8,0,3,142.530,11442.45,60.554
46260.0,8,0,3,141.710,10993.79,72.103
46290.0,8,0,3,141.886,11351.13,72.213
46320.0,8,0,3,141.117,10884.03,89.329
46350.0,8,0,3,141.536,11423.81,86.608
46380.0,8,0,3,141.085,10962.45,71.916
46410.0,8,0,3,140.357,10797.30,91.931
46440.0,8,0,3,140.305,11271.96,51.270
46470.0,8,0,3,139.050,10615.43,131.651
46500.0,8,0,3,138.847,11073.53,54.928
46530.0,8,0,3,137.144,10571.23,163.218
46560.0,8,0,3,135.983,10607.06,114.435
46590.0,8,0,3,135.758,10807.35,72.996
46620.0,8,0,3,135.499,10700.63,77.698
46650.0,8,0,3,135.133,10759.79,81.224
46680.0,8,0,3,134.445,11586.89,93.704
46710.0,8,0,3,134.262,11654.09,75.139
46740.0,8,0,3,134.209,11610.99,79.292
46770.0,8,0,3,134.113,11464.89,82.338
46800.0,8,0,3,133.835,11431.41,94.410
46830.0,8,0,3,133.353,10841.16,113.182
46860.0,9,0,3,133.691,12257.27,84.330
46890.0,9,0,3,133.857,12073.97,87.332
46920.0,9,0,3,134.181,12119.71,86.498
46950.0,9,0,3,134.777,12337.48,89.280
46980.0,9,0,3,135.291,11908.27,93.569
47010.0,9,0,3,135.721,12083.34,91.313
47040.0,9,0,3,135.950,11733.80,86.564
47070.0,9,0,3,135.993,11845.60,87.911
47100.0,9,0,3,134.988,11450.98,153.620
47130.0,9,0,3,134.686,11610.21,103.999
47160.0,9,0,3,134.829,11720.67,95.556
47190.0,9,0,3,134.787,11478.32,99.844
47220.0,9,0,3,134.149,11068.59,127.292
47250.0,9,0,3,134.391,11751.72,102.862
47280.0,9,0,3,134.719,11327.85,100.333
47310.0,9,0,3,135.070,11783.91,105.383
47340.0,9,0,3,135.924,11877.84,113.620
47370.0,9,0,3,136.111,11344.56,109.100
47400.0,9,0,3,136.290,11289.85,108.662
47430.0,9,0,3,136.685,11694.67,107.188
47460.0,9,0,3,136.405,11121.63,120.796
47490.0,9,0,3,136.481,11192.73,112.997
47520.0,9,0,3,137.166,11312.55,102.273
47550.0,9,0,3,137.234,11216.11,114.045
47580.0,9,0,3,138.163,11316.55,107.347
47610.0,9,0,3,137.500,10620.22,136.958
47640.0,9,0,3,138.030,11162.20,99.797
47670.0,9,0,3,138.574,11145.04,94.790
47700.0,9,0,3,138.126,10660.08,122.630
47730.0,9,0,3,137.848,10694.13,119.249
47760.0,9,0,3,139.203,11223.56,100.468
47790.0,9,0,3,139.233,10835.35,106.878
47820.0,9,0,3,140.106,11020.41,92.487
47850.0,9,0,3,141.613,11467.52,98.842
47880.0,9,0,3,141.703,10944.19,95.969
47910.0,9,0,3,141.977,10891.30,90.431
47940.0,9,0,3,143.566,11140.72,96.403
47970.0,9,0,3,145.126,11368.23,93.554
48000.0,9,0,3,145.866,10981.02,71.382
48030.0,9,0,3,146.586,10818.69,74.018
48060.0,9,0,3,146.309,10367.93,79.276
48090.0,9,0,3,146.150,10788.79,79.142
48120.0,10,0,3,146.876,12043.69,99.915
48150.0,10,0,3,147.458,11552.22,99.929
48180.0,10,0,3,146.768,11259.12,113.757
48210.0,10,0,3,146.749,11509.35,108.568
48240.0,10,0,3,145.263,11178.83,147.147
48270.0,10,0,3,146.355,11801.18,110.912
48300.0,10,0,3,147.945,12033.99,106.590
48330.0,10,0,3,149.359,11926.06,97.694
48360.0,10,0,3,149.756,11514.79,74.344
48390.0,10,0,3,149.895,11491.22,81.970
48420.0,10,0,3,150.131,11348.30,79.795
48450.0,9,0,3,150.212,10531.94,85.799
48480.0,9,0,3,150.446,10116.52,82.224
48510.0,9,0,3,151.127,10595.30,79.276
48540.0,9,0,3,150.177,10448.55,102.551
48570.0,9,0,3,150.640,10916.66,82.502
48600.0,9,0,3,151.339,10539.33,79.658
48630.0,9,0,3,150.615,10370.47,97.583
48660.0,9,0,3,152.216,10896.31,88.796
48690.0,9,0,3,152.698,10532.74,67.680
48720.0,9,0,3,152.392,10411.43,69.751
48750.0,9,0,3,152.055,10302.30,80.768
48780.0,9,0,3,154.122,10744.45,101.254
48810.0,9,0,3,155.850,10826.25,81.430
48840.0,9,0,4,157.368,10500.13,74.701
48870.0,9,0,4,158.759,10601.53,68.663
48900.0,9,0,4,159.777,10506.40,56.502
48930.0,9,0,4,162.029,10786.18,106.660
48960.0,9,0,4,162.214,10162.77,36.699
48990.0,9,0,4,163.986,10196.61,83.917
49020.0,9,0,4,163.270,9843.30,53.055
49050.0,9,0,4,164.402,10149.43,65.423
49080.0,9,0,4,165.127,10160.71,48.610
49110.0,9,0,4,165.042,9937.84,33.062
49140.0,9,0,4,165.284,10149.43,31.226
49170.0,9,0,4,166.220,10201.46,48.579
49200.0,9,0,4,166.672,9972.97,36.720
49230.0,9,0,4,168.156,10373.27,78.184
49260.0,9,0,4,168.758,10022.49,48.061
49290.0,9,0,4,170.809,10414.36,113.279
49320.0,9,0,4,170.325,9607.59,63.254
49350.0,9,0,4,169.859,9760.58,53.648
49380.0,9,0,4,171.088,10313.52,66.456
49410.0,9,0,4,171.764,10123.80,43.344
49440.0,9,0,4,171.495,9651.40,44.893
49470.0,9,0,4,171.028,9720.86,44.874
49500.0,9,0,4,172.484,10096.19,78.588
49530.0,9,0,4,170.914,9141.60,102.640
49560.0,9,0,4,171.281,9806.80,20.740
49590.0,9,0,4,171.743,9748.48,21.189
49620.0,9,0,4,173.200,9727.94,63.240
49650.0,9,0,4,174.796,9792.50,84.142
49680.0,9,0,4,175.086,9576.15,37.236
49710.0,9,0,4,175.190,9470.24,34.400
49740.0,9,0,4,176.475,9572.51,72.850
49770.0,8,0,4,177.914,9464.34,75.052
49800.0,8,0,4,178.875,9409.93,58.094
49830.0,8,0,4,179.373,9356.99,46.977
49860.0,8,0,4,180.022,9173.99,49.727
49890.0,8,0,4,179.267,8875.93,85.073
49920.0,8,0,4,179.879,9430.24,42.893
49950.0,8,0,4,181.591,9664.82,86.953
49980.0,8,0,4,182.153,9149.94,61.935
50010.0,8,0,4,183.133,9131.37,68.469
50040.0,8,0,4,184.425,9193.78,74.950
50070.0,8,0,4,186.319,9204.23,101.478
50100.0,8,0,4,187.162,9213.67,83.016
50130.0,8,0,4,186.801,8755.89,104.449
50160.0,8,0,5,188.465,9331.48,101.243
50190.0,8,0,5,190.063,9458.03,103.575
50220.0,8,0,5,191.564,9591.83,106.471
50250.0,8,0,5,191.715,8879.49,115.463
50280.0,8,0,5,191.738,8777.55,112.802
50310.0,8,0,5,192.493,9107.68,97.589
50340.0,8,0,5,193.632,9163.85,99.750
50370.0,8,0,5,193.735,8859.47,114.334
50400.0,8,0,5,194.887,9401.56,100.106
50430.0,8,0,5,194.131,8439.78,139.453
50460.0,8,0,5,195.265,8972.40,97.233
50490.0,8,0,5,195.537,8783.59,100.166
50520.0,8,0,5,196.326,8924.70,95.426
50550.0,8,0,5,195.492,8457.95,139.629
50580.0,8,0,5,196.084,8842.94,95.090
50610.0,8,0,5,197.134,8926.05,105.470
50640.0,8,0,5,196.872,8510.29,111.179
50670.0,8,0,5,196.699,8668.49,101.625
50700.0,8,0,5,197.513,8813.90,88.001
50730.0,8,0,5,197.702,8641.22,93.139
50760.0,8,0,5,198.141,8599.93,86.585
50790.0,8,0,5,198.510,8347.68,89.992
50820.0,8,0,5,198.655,8449.52,94.883
50850.0,8,0,5,197.972,8403.48,115.860
50880.0,8,0,5,197.481,8666.39,103.536
50910.0,8,0,5,197.946,8594.78,83.707
50940.0,8,0,5,198.451,8465.82,85.259
50970.0,8,0,5,196.621,7843.04,180.808
51000.0,8,0,5,197.413,8649.24,71.925
51030.0,8,0,5,198.550,8590.65,80.758
51060.0,8,0,5,198.873,8387.20,79.161
51090.0,8,0,5,200.392,8693.24,97.982
51120.0,8,0,5,199.912,8029.58,106.177
51150.0,8,0,5,201.109,8824.11,92.070
51180.0,8,0,5,201.319,8284.32,86.664
51210.0,8,0,5,202.489,8787.18,91.703
51240.0,8,0,5,203.995,8794.31,108.443
51270.0,8,0,5,202.849,7832.76,160.502
51300.0,8,0,5,202.816,8465.92,95.232
51330.0,8,0,5,202.038,7998.22,125.941
51360.0,8,0,5,202.392,8340.34,80.176
51390.0,8,0,5,202.960,8346.15,81.062
51420.0,8,0,5,204.039,8495.82,90.207
51450.0,8,0,5,204.595,8388.87,86.308
51480.0,8,0,5,203.716,7874.83,140.286
51510.0,8,0,5,204.439,8336.02,78.359
51540.0,8,0,5,205.293,8564.51,82.426
51570.0,8,0,5,205.379,8081.39,94.160
51600.0,8,0,5,206.239,8443.24,79.359
51630.0,8,0,5,206.108,8020.71,94.908
51660.0,8,0,5,206.494,8247.86,76.498
51690.0,8,0,5,206.722,7957.43,81.087
51720.0,8,0,5,207.132,8142.52,74.617
51750.0,8,0,5,207.572,8126.38,75.332
51780.0,8,0,5,207.874,8193.24,78.274
51810.0,8,0,5,208.326,8287.77,79.472
51840.0,8,0,5,208.822,8355.60,88.015
51870.0,8,0,5,209.156,8432.08,89.272
51900.0,8,0,5,209.127,8016.11,100.702
51930.0,8,0,5,208.784,7743.08,119.044
51960.0,8,0,5,208.767,7933.76,91.313
51990.0,8,0,5,208.517,7900.85,105.324
52020.0,8,0,5,209.223,8275.45,86.662
52050.0,8,0,5,209.437,7875.60,85.817
52080.0,8,0,5,209.716,8077.27,83.540
52110.0,8,0,5,209.900,7922.22,86.118
52140.0,8,0,5,210.145,8106.11,69.314
52170.0,8,0,5,210.908,8550.11,94.818
52200.0,8,0,5,211.476,8185.87,83.893
52230.0,8,0,5,210.376,6722.68,258.731
52260.0,8,0,5,210.768,7914.66,58.256
52290.0,8,0,5,210.712,7645.75,74.775
52320.0,8,0,5,210.619,7590.34,66.478
52350.0,8,0,5,210.728,8018.64,58.322
52380.0,8,0,5,210.790,7978.15,64.833
52410.0,8,0,5,210.899,7841.56,68.042
52440.0,8,0,5,211.025,7954.88,54.912
52470.0,8,0,5,211.198,8095.45,63.300
52500.0,8,0,5,211.531,8482.20,98.847
52530.0,8,0,5,211.593,7922.14,68.849
52560.0,8,0,5,211.488,7591.28,101.955
52590.0,8,0,5,211.692,7825.99,55.225
52620.0,8,0,5,211.840,7976.17,54.921
52650.0,8,0,5,211.802,7347.77,104.253
52680.0,8,0,5,212.030,7854.77,50.443
52710.0,8,0,5,212.237,7823.49,49.260
52740.0,8,0,5,212.544,7841.64,50.099
52770.0,8,0,5,212.753,7634.46,73.295
52800.0,8,0,5,212.988,8078.10,41.101
52830.0,8,0,5,213.164,7936.83,40.400
52860.0,8,0,4,213.679,7870.17,43.921
52890.0,8,0,4,214.181,7510.76,41.535
52920.0,8,0,4,214.827,7589.41,48.737
52950.0,8,0,4,214.691,7483.74,63.075
52980.0,8,0,4,214.704,7517.52,47.439
53010.0,8,0,4,214.572,7420.50,53.437
53040.0,7,0,4,215.185,7782.80,51.235
53070.0,8,0,4,216.324,7880.26,69.970
53100.0,8,0,4,217.620,8014.22,84.355
53130.0,7,0,4,217.974,8006.90,55.147
53160.0,7,0,4,218.999,8322.85,90.327
53190.0,7,0,4,219.807,7963.78,76.252
53220.0,7,0,4,220.641,7756.52,72.702
53250.0,7,0,4,221.129,7950.89,63.381
53280.0,8,0,4,221.027,7309.89,58.521
53310.0,8,0,4,220.828,7538.89,56.709
53340.0,9,0,4,221.082,7613.05,75.058
53370.0,9,0,4,222.140,7796.62,81.952
53400.0,8,0,4,221.800,7615.33,94.328
53430.0,8,0,4,220.972,7535.29,105.096
53460.0,8,0,4,221.224,7974.05,62.562
53490.0,8,0,4,220.354,7346.33,109.337
53520.0,8,0,4,220.797,7691.36,59.060
53550.0,8,0,4,220.416,7491.48,83.028
53580.0,9,0,4,221.297,7878.65,64.125
53610.0,9,0,4,220.902,7204.82,84.316
53640.0,8,0,3,220.535,7788.90,90.306
53670.0,8,0,3,220.583,7913.92,63.774
53700.0,7,0,3,219.948,7139.61,117.800
53730.0,7,0,3,220.575,7811.25,59.886
53760.0,7,0,3,220.444,7488.13,70.206
53790.0,7,0,3,220.491,7700.78,54.658
53820.0,7,0,3,220.955,7647.41,50.142
53850.0,7,0,3,220.905,7466.23,61.923
53880.0,7,0,3,221.023,7726.31,52.214
53910.0,7,0,3,220.173,7414.39,129.628
53940.0,7,0,3,220.601,7528.53,46.281
53970.0,7,0,3,220.258,7461.99,81.254
54000.0,7,0,3,219.576,7178.86,105.749
54030.0,7,0,3,218.515,6995.70,141.692
54060.0,7,0,3,219.495,7792.20,79.844
54090.0,7,0,3,219.401,7362.60,73.826
54120.0,7,0,3,219.536,7400.15,61.106
54150.0,7,0,3,218.708,7091.86,104.799
54180.0,7,0,3,218.984,7616.77,44.745
54210.0,7,0,3,219.119,7461.49,48.477
54240.0,7,0,3,218.560,7158.32,86.095
54270.0,7,0,3,219.550,7943.40,75.970
54300.0,7,0,3,220.350,7871.83,55.500
54330.0,7,0,3,219.001,6831.61,163.362
54360.0,8,0,3,218.489,7040.65,83.054
54390.0,8,0,3,217.959,6917.25,87.960
54420.0,7,0,3,218.310,7440.78,35.028
54450.0,7,0,3,217.974,6997.11,75.554
54480.0,7,0,3,218.718,7743.29,49.358
54510.0,7,0,3,219.054,7459.36,32.144
54540.0,7,0,3,218.358,6986.53,106.569
54570.0,7,0,3,218.567,7631.67,27.537
54600.0,7,0,3,218.473,7435.98,49.321
54630.0,7,0,3,218.336,7218.92,61.077
54660.0,7,0,3,218.664,7569.53,25.007
54690.0,7,0,3,218.731,7471.45,32.872
54720.0,7,0,3,218.283,7283.44,80.808
54750.0,7,0,3,218.104,7284.18,49.514
54780.0,8,0,3,218.013,7183.12,39.852
54810.0,8,0,3,217.744,6848.98,64.351
54840.0,8,0,3,217.937,7116.97,27.942
54870.0,8,0,3,217.972,7167.17,38.252
54900.0,8,0,3,218.031,7336.05,28.271
54930.0,8,0,3,217.301,6713.33,116.064
54960.0,8,0,3,217.741,7719.83,46.690
54990.0,8,0,3,217.557,6931.87,62.995
55020.0,8,0,3,217.850,7210.43,18.294
55050.0,8,0,3,218.236,7268.46,23.804
55080.0,8,0,3,219.554,7889.68,133.210
55110.0,8,0,3,218.998,6726.59,88.661
55140.0,8,0,3,218.770,7103.59,54.408
55170.0,8,0,3,218.937,7305.43,14.290
55200.0,8,0,3,218.921,6934.54,53.460
55230.0,8,0,3,219.550,7334.69,46.446
55260.0,8,0,3,219.986,7398.46,21.696
55290.0,8,0,3,220.316,7210.66,23.502
55320.0,8,0,3,220.088,6849.30,80.369
55350.0,8,0,3,220.753,7302.57,54.350
55380.0,8,0,3,220.923,7099.99,17.104
55410.0,8,0,3,221.162,6909.43,15.348
55440.0,8,0,3,221.395,7273.68,12.908
55470.0,8,0,3,221.587,7541.67,14.523
55500.0,8,0,3,221.886,7522.44,22.013
55530.0,8,0,3,222.201,7269.87,20.789
55560.0,8,0,3,222.519,7278.29,17.435
55590.0,8,0,3,222.693,7616.68,44.971
55620.0,8,0,3,222.732,7129.91,43.164
55650.0,8,0,3,222.877,7418.87,29.234
55680.0,8,0,3,223.155,7692.17,36.079
55710.0,8,0,2,223.186,6963.74,36.728
55740.0,8,0,2,223.347,7363.90,18.624
55770.0,8,0,2,223.901,7368.69,43.992
55800.0,8,0,2,223.890,6738.81,39.821
55830.0,8,0,2,223.628,6976.16,53.700
55860.0,8,0,2,223.839,7014.17,22.607
55890.0,8,0,2,224.541,7205.23,32.253
55920.0,8,0,2,224.412,6984.47,39.619
55950.0,8,0,2,224.782,7325.61,25.153
55980.0,8,0,2,224.458,6723.52,45.682
56010.0,8,0,2,224.656,7080.47,23.362
56040.0,8,0,2,226.524,7210.36,91.076
56070.0,8,0,2,228.285,7249.61,78.787
56100.0,8,0,2,228.580,6960.66,37.921
56130.0,8,0,2,229.340,7307.89,42.656
56160.0,8,0,2,230.821,7463.06,67.240
56190.0,8,0,2,231.313,6844.70,53.540
56220.0,8,0,2,230.942,6606.34,69.343
56250.0,8,0,2,230.920,7334.38,57.936
56280.0,8,0,2,230.770,7231.61,55.427
56310.0,8,0,2,232.988,8118.48,94.802
56340.0,7,0,2,234.574,7887.55,72.684
56370.0,7,0,2,234.944,7465.56,39.280
56400.0,7,0,2,235.470,7491.12,41.789
56430.0,7,0,2,237.096,8198.83,80.790
56460.0,7,0,2,237.484,7415.58,46.582
56490.0,7,0,2,237.946,7493.44,52.506
56520.0,7,0,2,238.637,7919.49,56.756
56550.0,7,0,2,238.544,7781.01,48.069
56580.0,7,0,2,238.938,7556.28,48.209
56610.0,7,0,2,239.112,7346.52,41.898
56640.0,6,0,2,240.444,7562.19,76.072
56670.0,6,0,2,240.478,7422.57,45.386
56700.0,6,0,2,242.418,7760.38,117.183
56730.0,6,0,2,240.552,6955.43,127.873
