SOD,sat,reset_type,VTEC,mapping_factor,I_L1_init_m,sigma_old_m,sigma_new_m,floor_active,fallback_used,gf_I_before_reset
0.0,E04,fresh_entry,6.891,1.8921,2.1172,22.0,3.000,1,0,
0.0,E09,fresh_entry,7.505,1.4002,1.7063,22.0,3.000,1,0,
0.0,E16,fresh_entry,8.107,1.1108,1.4622,22.0,3.000,1,0,
0.0,G01,fresh_entry,6.910,1.8446,2.0698,22.0,3.000,1,0,
0.0,G03,fresh_entry,8.079,1.1216,1.4712,22.0,3.000,1,0,
0.0,G04,fresh_entry,6.918,1.8389,2.0656,22.0,3.000,1,0,
0.0,G08,fresh_entry,6.922,2.2749,2.5568,22.0,3.000,1,0,
0.0,G16,fresh_entry,8.290,1.0514,1.4153,22.0,3.000,1,0,
0.0,G26,fresh_entry,7.461,1.4244,1.7257,22.0,3.000,1,0,
0.0,G27,fresh_entry,6.861,1.9978,2.2258,22.0,3.000,1,0,
0.0,G31,fresh_entry,6.891,1.8945,2.1197,22.0,3.000,1,0,
30.0,E05,fresh_entry,6.840,2.1099,2.3433,22.0,3.000,1,0,
480.0,G02,fresh_entry,7.144,2.3076,2.6767,22.0,3.000,1,0,
990.0,G08,fresh_entry,7.251,2.0862,2.4561,22.0,3.000,1,0,
1080.0,G02,fresh_entry,7.467,2.3920,2.9001,22.0,3.000,1,0,
1080.0,G07,fresh_entry,7.580,2.4630,3.0315,22.0,3.000,1,0,
1290.0,G07,fresh_entry,7.600,2.4401,3.0111,22.0,3.000,1,0,
1470.0,E25,fresh_entry,7.709,1.7873,2.2373,22.0,3.000,1,0,
1800.0,G09,fresh_entry,7.810,2.4691,3.1313,22.0,3.000,1,0,
2160.0,G02,fresh_entry,8.077,2.5174,3.3016,22.0,3.000,1,0,
2250.0,G08,fresh_entry,7.987,1.8436,2.3909,22.0,3.000,1,0,
2370.0,G31,fresh_entry,7.823,2.3227,2.9504,22.0,3.000,1,0,
3030.0,E04,fresh_entry,8.186,2.0118,2.6741,22.0,3.000,1,0,
3150.0,E04,fresh_entry,8.231,2.0193,2.6986,22.0,3.000,1,0,
3270.0,G31,fresh_entry,8.222,2.4643,3.2900,22.0,3.000,1,0,
3330.0,G01,fresh_entry,8.146,2.2996,3.0418,22.0,3.000,1,0,
4230.0,E18,fresh_entry,9.736,2.4572,3.8843,22.0,3.000,1,0,
7650.0,G16,fresh_entry,18.556,2.0828,6.2754,22.0,3.000,1,0,
7830.0,G16,fresh_entry,18.898,2.1361,6.5545,22.0,3.000,1,0,
7920.0,G16,fresh_entry,19.061,2.1629,6.6942,22.0,3.000,1,0,
8100.0,G14,fresh_entry,18.856,2.4729,7.5710,22.0,3.000,1,0,
8100.0,G16,fresh_entry,19.413,2.2170,6.9881,22.0,3.000,1,0,
8190.0,G16,fresh_entry,19.611,2.2440,7.1458,22.0,3.000,1,0,
8250.0,E02,fresh_entry,19.258,2.4589,7.6889,22.0,3.000,1,0,
8490.0,G16,fresh_entry,20.237,2.3338,7.6688,22.0,3.000,1,0,
8910.0,E02,fresh_entry,21.401,2.3297,8.0955,22.0,3.000,1,0,
8970.0,E03,fresh_entry,21.264,2.4269,8.3795,22.0,3.000,1,0,
10140.0,G30,fresh_entry,24.024,2.5488,9.9425,22.0,3.480,0,0,
10380.0,G03,fresh_entry,26.852,2.0044,8.7393,22.0,3.059,0,0,
10530.0,G03,fresh_entry,27.126,2.0408,8.9889,22.0,3.146,0,0,
10740.0,G03,fresh_entry,27.492,2.0922,9.3394,22.0,3.269,0,0,
10920.0,G03,fresh_entry,27.796,2.1365,9.6425,22.0,3.375,0,0,
11010.0,G22,fresh_entry,26.464,2.4772,10.6445,22.0,3.726,0,0,
11040.0,G27,fresh_entry,29.181,1.9302,9.1457,22.0,3.201,0,0,
11190.0,G03,fresh_entry,28.231,2.2029,10.0977,22.0,3.534,0,0,
11340.0,G27,fresh_entry,29.772,1.9985,9.6613,22.0,3.381,0,0,
11430.0,G27,fresh_entry,29.936,2.0200,9.8188,22.0,3.437,0,0,
11490.0,G22,fresh_entry,28.221,2.3795,10.9037,22.0,3.816,0,0,
11850.0,G27,fresh_entry,30.603,2.1258,10.5635,22.0,3.697,0,0,
12060.0,G27,fresh_entry,30.871,2.1818,10.9365,22.0,3.828,0,0,
12690.0,G27,fresh_entry,31.592,2.3582,12.0967,22.0,4.234,0,0,
12750.0,G30,fresh_entry,32.947,2.1721,11.6202,22.0,4.067,0,0,
12810.0,G02,fresh_entry,33.138,2.1700,11.6757,22.0,4.087,0,0,
12810.0,G27,fresh_entry,31.673,2.3923,12.3033,22.0,4.306,0,0,
13110.0,G02,fresh_entry,34.227,2.1405,11.8959,22.0,4.164,0,0,
13560.0,G17,fresh_entry,35.640,2.1289,12.3200,22.0,4.312,0,0,
13740.0,G01,fresh_entry,35.367,2.2362,12.8415,22.0,4.495,0,0,
14100.0,G02,fresh_entry,37.805,2.0555,12.6177,22.0,4.416,0,0,
14400.0,G08,fresh_entry,41.853,1.6005,10.8766,22.0,3.807,0,0,
14490.0,G08,fresh_entry,42.128,1.6178,11.0667,22.0,3.873,0,0,
14580.0,G08,fresh_entry,42.401,1.6356,11.2609,22.0,3.941,0,0,
14640.0,G01,fresh_entry,39.230,2.1186,13.4949,22.0,4.723,0,0,
14730.0,G08,fresh_entry,42.851,1.6663,11.5935,22.0,4.058,0,0,
14820.0,G08,fresh_entry,43.117,1.6853,11.7986,22.0,4.130,0,0,
14910.0,G08,fresh_entry,43.382,1.7047,12.0079,22.0,4.203,0,0,
15030.0,G02,fresh_entry,41.860,1.9979,13.5797,22.0,4.753,0,0,
15030.0,G08,fresh_entry,43.731,1.7313,12.2934,22.0,4.303,0,0,
15120.0,G01,fresh_entry,41.787,2.0561,13.9508,22.0,4.883,0,0,
15270.0,G08,fresh_entry,44.415,1.7869,12.8870,22.0,4.510,0,0,
15360.0,G08,fresh_entry,44.666,1.8086,13.1173,22.0,4.591,0,0,
15450.0,G01,fresh_entry,43.537,2.0142,14.2387,22.0,4.984,0,0,
15450.0,G08,fresh_entry,44.915,1.8308,13.3519,22.0,4.673,0,0,
15690.0,G08,fresh_entry,45.520,1.8920,13.9843,22.0,4.894,0,0,
15840.0,G08,fresh_entry,45.864,1.9319,14.3866,22.0,5.035,0,0,
15930.0,G08,fresh_entry,46.062,1.9563,14.6314,22.0,5.121,0,0,
16080.0,G08,fresh_entry,46.375,1.9979,15.0442,22.0,5.265,0,0,
16170.0,G08,fresh_entry,46.553,2.0234,15.2945,22.0,5.353,0,0,
16290.0,G08,fresh_entry,46.778,2.0579,15.6305,22.0,5.471,0,0,
16290.0,G19,fresh_entry,44.703,2.2795,16.5461,22.0,5.791,0,0,
16440.0,G08,fresh_entry,47.039,2.1018,16.0531,22.0,5.619,0,0,
16530.0,G08,fresh_entry,47.184,2.1285,16.3074,22.0,5.708,0,0,
16710.0,G08,fresh_entry,47.447,2.1827,16.8153,22.0,5.885,0,0,
16800.0,G08,fresh_entry,47.554,2.2100,17.0646,22.0,5.973,0,0,
16890.0,G08,fresh_entry,47.641,2.2375,17.3083,22.0,6.058,0,0,
16980.0,G08,fresh_entry,47.714,2.2650,17.5480,22.0,6.142,0,0,
17130.0,G04,fresh_entry,50.961,1.9894,16.4617,22.0,5.762,0,0,
17460.0,G02,fresh_entry,52.441,1.9824,16.8798,22.0,5.908,0,0,
18720.0,G02,fresh_entry,56.288,2.0666,18.8876,22.0,6.611,0,0,
18810.0,G02,fresh_entry,56.494,2.0753,19.0366,22.0,6.663,0,0,
18930.0,G02,fresh_entry,56.763,2.0875,19.2396,22.0,6.734,0,0,
19140.0,G02,fresh_entry,57.219,2.1104,19.6070,22.0,6.862,0,0,
19290.0,G02,fresh_entry,57.533,2.1280,19.8789,22.0,6.958,0,0,
19440.0,G02,fresh_entry,57.836,2.1466,20.1586,22.0,7.055,0,0,
19560.0,G02,fresh_entry,58.071,2.1622,20.3878,22.0,7.136,0,0,
19650.0,G02,fresh_entry,58.243,2.1744,20.5629,22.0,7.197,0,0,
19890.0,G02,fresh_entry,58.637,2.2085,21.0269,22.0,7.359,0,0,
19920.0,G13,fresh_entry,56.491,2.3673,21.7140,22.0,7.600,0,0,
20100.0,G02,fresh_entry,58.881,2.2404,21.4193,22.0,7.497,0,0,
20250.0,G02,fresh_entry,59.027,2.2642,21.7012,22.0,7.595,0,0,
20430.0,G02,fresh_entry,59.167,2.2941,22.0392,22.0,7.714,0,0,
20580.0,G02,fresh_entry,59.254,2.3198,22.3192,22.0,7.812,0,0,
20760.0,G06,fresh_entry,57.325,2.4667,22.9602,22.0,8.036,0,0,
21780.0,G09,fresh_entry,63.350,2.2747,23.3978,22.0,8.189,0,0,
21810.0,E34,fresh_entry,63.026,2.2983,23.5198,22.0,8.232,0,0,
21870.0,G09,fresh_entry,63.071,2.3003,23.5573,22.0,8.245,0,0,
21960.0,G09,fresh_entry,62.779,2.3258,23.7082,22.0,8.298,0,0,
22020.0,G06,fresh_entry,65.641,2.1034,22.4189,22.0,7.847,0,0,
22140.0,G09,fresh_entry,62.158,2.3760,23.9810,22.0,8.393,0,0,
22290.0,G09,fresh_entry,61.601,2.4170,24.1757,22.0,8.462,0,0,
22470.0,G09,fresh_entry,60.858,2.4648,24.3562,22.0,8.525,0,0,
23820.0,G01,fresh_entry,69.722,1.8996,21.5050,22.0,7.527,0,0,
23910.0,G01,fresh_entry,69.742,1.9130,21.6633,22.0,7.582,0,0,
24000.0,G01,fresh_entry,69.757,1.9269,21.8252,22.0,7.639,0,0,
24090.0,G01,fresh_entry,69.769,1.9412,21.9906,22.0,7.697,0,0,
24180.0,G01,fresh_entry,69.776,1.9559,22.1595,22.0,7.756,0,0,
24270.0,G01,fresh_entry,69.779,1.9710,22.3319,22.0,7.816,0,0,
24360.0,G01,fresh_entry,69.778,1.9865,22.5076,22.0,7.878,0,0,
24450.0,G01,fresh_entry,69.772,2.0025,22.6866,22.0,7.940,0,0,
24540.0,G01,fresh_entry,69.761,2.0189,22.8688,22.0,8.004,0,0,
24660.0,G01,fresh_entry,69.739,2.0414,23.1165,22.0,8.091,0,0,
24750.0,G01,fresh_entry,69.717,2.0588,23.3056,22.0,8.157,0,0,
24900.0,G01,fresh_entry,69.668,2.0886,23.6269,22.0,8.269,0,0,
24990.0,G01,fresh_entry,69.632,2.1071,23.8229,22.0,8.338,0,0,
25080.0,G01,fresh_entry,69.589,2.1259,24.0211,22.0,8.407,0,0,
25230.0,G01,fresh_entry,69.472,2.1581,24.3440,22.0,8.520,0,0,
25320.0,G01,fresh_entry,69.315,2.1779,24.5118,22.0,8.579,0,0,
25500.0,G01,fresh_entry,68.817,2.2185,24.7897,22.0,8.676,0,0,
25590.0,G01,fresh_entry,68.492,2.2393,24.9041,22.0,8.716,0,0,
25680.0,G01,fresh_entry,68.158,2.2604,25.0156,22.0,8.755,0,0,
25770.0,G01,fresh_entry,67.811,2.2817,25.1234,22.0,8.793,0,0,
25860.0,G01,fresh_entry,67.454,2.3033,25.2271,22.0,8.829,0,0,
26100.0,G01,fresh_entry,66.441,2.3617,25.4785,22.0,8.917,0,0,
26220.0,G01,fresh_entry,65.901,2.3912,25.5873,22.0,8.956,0,0,
26580.0,G11,fresh_entry,67.980,2.2852,25.2247,22.0,8.829,0,0,
26700.0,G11,fresh_entry,68.666,2.2469,25.0514,22.0,8.768,0,0,
26850.0,G11,fresh_entry,69.484,2.1990,24.8095,22.0,8.683,0,0,
27000.0,G11,fresh_entry,69.941,2.1514,24.4326,22.0,8.551,0,0,
27090.0,G11,fresh_entry,70.185,2.1231,24.1952,22.0,8.468,0,0,
27180.0,G11,fresh_entry,70.420,2.0950,23.9551,22.0,8.384,0,0,
27270.0,G11,fresh_entry,70.646,2.0672,23.7129,22.0,8.300,0,0,
27420.0,G11,fresh_entry,71.004,2.0215,23.3064,22.0,8.157,0,0,
27750.0,G07,fresh_entry,71.709,1.9254,22.4191,22.0,7.847,0,0,
27780.0,G11,fresh_entry,71.775,1.9160,22.3292,22.0,7.815,0,0,
28080.0,E30,fresh_entry,66.155,2.4091,25.8782,22.0,9.057,0,0,
28200.0,G07,fresh_entry,70.863,2.0611,23.7154,22.0,8.300,0,0,
29070.0,E14,fresh_entry,70.143,1.1956,13.6167,22.0,4.766,0,0,
29520.0,G24,fresh_entry,67.698,2.3878,26.2474,22.0,9.187,0,0,
29550.0,E03,fresh_entry,72.408,1.9682,23.1402,22.0,8.099,0,0,
30210.0,E03,fresh_entry,72.513,2.0781,24.4683,22.0,8.564,0,0,
30750.0,G21,fresh_entry,67.602,2.4662,27.0710,22.0,9.475,0,0,
31140.0,G21,fresh_entry,69.735,2.3867,27.0250,22.0,9.459,0,0,
31140.0,G24,fresh_entry,74.116,1.9810,23.8397,22.0,8.344,0,0,
31380.0,G21,fresh_entry,70.968,2.3350,26.9066,22.0,9.417,0,0,
31380.0,G30,fresh_entry,74.864,1.8008,21.8907,22.0,7.662,0,0,
31590.0,G30,fresh_entry,75.210,1.8573,22.6815,22.0,7.939,0,0,
31770.0,G21,fresh_entry,72.904,2.2476,26.6057,22.0,9.312,0,0,
31920.0,G30,fresh_entry,75.134,1.9505,23.7961,22.0,8.329,0,0,
32130.0,G21,fresh_entry,74.324,2.1646,26.1225,22.0,9.143,0,0,
33540.0,G13,fresh_entry,70.860,2.3765,27.3430,22.0,9.570,0,0,
33810.0,G12,fresh_entry,67.254,2.5097,27.4062,22.0,9.592,0,0,
34170.0,G17,fresh_entry,74.200,2.1473,25.8712,22.0,9.055,0,0,
34290.0,G05,fresh_entry,69.223,2.4331,27.3476,22.0,9.572,0,0,
34380.0,G17,fresh_entry,73.966,2.1711,26.0744,22.0,9.126,0,0,
34440.0,G05,fresh_entry,70.024,2.3924,27.2015,22.0,9.521,0,0,
34560.0,G05,fresh_entry,70.654,2.3591,27.0645,22.0,9.473,0,0,
34980.0,G05,fresh_entry,72.772,2.2397,26.4645,22.0,9.263,0,0,
34980.0,G12,fresh_entry,73.480,2.2004,26.2533,22.0,9.189,0,0,
35070.0,G05,fresh_entry,73.208,2.2138,26.3151,22.0,9.210,0,0,
35070.0,G12,fresh_entry,73.702,2.1755,26.0351,22.0,9.112,0,0,
35280.0,G12,fresh_entry,74.097,2.1177,25.4791,22.0,8.918,0,0,
35400.0,G12,fresh_entry,74.323,2.0849,25.1608,22.0,8.806,0,0,
35400.0,G17,fresh_entry,71.822,2.2803,26.5933,22.0,9.308,0,0,
35490.0,G05,fresh_entry,74.237,2.0930,25.2294,22.0,8.830,0,0,
35490.0,G12,fresh_entry,74.493,2.0604,24.9223,22.0,8.723,0,0,
35580.0,G05,fresh_entry,74.419,2.0674,24.9816,22.0,8.744,0,0,
35580.0,G12,fresh_entry,74.664,2.0361,24.6844,22.0,8.640,0,0,
35670.0,G05,fresh_entry,74.600,2.0420,24.7343,22.0,8.657,0,0,
35730.0,G12,fresh_entry,74.947,1.9960,24.2899,22.0,8.501,0,0,
35760.0,G05,fresh_entry,74.782,2.0167,24.4876,22.0,8.571,0,0,
35970.0,G05,fresh_entry,75.203,1.9586,23.9163,22.0,8.371,0,0,
36060.0,G12,fresh_entry,75.550,1.9099,23.4287,22.0,8.200,0,0,
36090.0,G05,fresh_entry,75.412,1.9260,23.5837,22.0,8.254,0,0,
36180.0,G05,fresh_entry,75.561,1.9019,23.3345,22.0,8.167,0,0,
36180.0,G12,fresh_entry,75.735,1.8794,23.1115,22.0,8.089,0,0,
36270.0,G12,fresh_entry,75.876,1.8569,22.8768,22.0,8.007,0,0,
36360.0,G05,fresh_entry,75.860,1.8546,22.8442,22.0,7.995,0,0,
36540.0,G12,fresh_entry,75.817,1.7911,22.0493,22.0,7.717,0,0,
37080.0,G14,fresh_entry,73.656,2.0684,24.7376,22.0,8.658,0,0,
37170.0,G14,fresh_entry,73.385,2.0904,24.9084,22.0,8.718,0,0,
37230.0,G12,fresh_entry,75.690,1.6363,20.1100,22.0,7.039,0,0,
37260.0,G14,fresh_entry,73.102,2.1127,25.0774,22.0,8.777,0,0,
37350.0,G06,fresh_entry,75.694,1.6035,19.7077,22.0,6.898,0,0,
37350.0,G12,fresh_entry,75.689,1.6114,19.8039,22.0,6.931,0,0,
37440.0,G12,fresh_entry,75.692,1.5931,19.5802,22.0,6.853,0,0,
37560.0,G06,fresh_entry,75.638,1.6447,20.1997,22.0,7.070,0,0,
37680.0,G06,fresh_entry,75.597,1.6690,20.4866,22.0,7.170,0,0,
37800.0,G06,fresh_entry,75.550,1.6937,20.7775,22.0,7.272,0,0,
37890.0,G06,fresh_entry,75.510,1.7126,20.9981,22.0,7.349,0,0,
38010.0,G06,fresh_entry,75.450,1.7382,21.2952,22.0,7.453,0,0,
38100.0,G06,fresh_entry,75.401,1.7577,21.5201,22.0,7.532,0,0,
38190.0,G06,fresh_entry,75.348,1.7775,21.7467,22.0,7.611,0,0,
38310.0,G06,fresh_entry,75.270,1.8042,22.0510,22.0,7.718,0,0,
38370.0,E13,fresh_entry,64.117,2.4813,25.8325,22.0,9.041,0,0,
38400.0,G06,fresh_entry,75.207,1.8246,22.2807,22.0,7.798,0,0,
38490.0,G06,fresh_entry,75.139,1.8451,22.5116,22.0,7.879,0,0,
38730.0,G06,fresh_entry,74.509,1.9011,22.9994,22.0,8.050,0,0,
38820.0,G06,fresh_entry,74.241,1.9224,23.1739,22.0,8.111,0,0,
38910.0,G06,fresh_entry,73.964,1.9439,23.3461,22.0,8.171,0,0,
39030.0,G06,fresh_entry,73.582,1.9729,23.5714,22.0,8.250,0,0,
39150.0,G06,fresh_entry,73.182,2.0021,23.7910,22.0,8.327,0,0,
39240.0,G06,fresh_entry,72.872,2.0242,23.9515,22.0,8.383,0,0,
39330.0,G06,fresh_entry,72.552,2.0464,24.1079,22.0,8.438,0,0,
39420.0,G06,fresh_entry,72.221,2.0688,24.2599,22.0,8.491,0,0,
39570.0,G25,fresh_entry,62.164,2.4976,25.2097,22.0,8.823,0,0,
39660.0,G06,fresh_entry,71.280,2.1286,24.6362,22.0,8.623,0,0,
39780.0,G06,fresh_entry,70.769,2.1586,24.8048,22.0,8.682,0,0,
39780.0,G22,fresh_entry,73.044,1.9816,23.5026,22.0,8.226,0,0,
39900.0,G22,fresh_entry,72.572,2.0119,23.7082,22.0,8.298,0,0,
39930.0,G06,fresh_entry,70.104,2.1962,24.9987,22.0,8.750,0,0,
40140.0,G06,fresh_entry,68.716,2.2485,25.0875,22.0,8.781,0,0,
40140.0,G22,fresh_entry,71.573,2.0748,24.1125,22.0,8.439,0,0,
40320.0,G22,fresh_entry,70.772,2.1238,24.4049,22.0,8.542,0,0,
40500.0,G25,fresh_entry,69.214,2.2130,24.8712,22.0,8.705,0,0,
40590.0,G25,fresh_entry,69.681,2.1854,24.7263,22.0,8.654,0,0,
40770.0,G25,fresh_entry,70.286,2.1308,24.3175,22.0,8.511,0,0,
41040.0,G25,fresh_entry,71.119,2.0510,23.6841,22.0,8.289,0,0,
41250.0,G19,fresh_entry,68.914,2.1969,24.5823,22.0,8.604,0,0,
41250.0,G25,fresh_entry,71.709,1.9911,23.1840,22.0,8.114,0,0,
41340.0,G25,fresh_entry,71.948,1.9662,22.9694,22.0,8.039,0,0,
41460.0,G19,fresh_entry,68.298,2.2156,24.5698,22.0,8.599,0,0,
41550.0,G25,fresh_entry,72.475,1.9095,22.4713,22.0,7.865,0,0,
41730.0,G15,fresh_entry,59.022,2.5223,24.1730,22.0,8.461,0,0,
41760.0,G25,fresh_entry,72.960,1.8554,21.9803,22.0,7.693,0,0,
41850.0,G25,fresh_entry,73.019,1.8329,21.7318,22.0,7.606,0,0,
41940.0,G25,fresh_entry,73.037,1.8110,21.4766,22.0,7.517,0,0,
42150.0,G25,fresh_entry,73.075,1.7616,20.9016,22.0,7.316,0,0,
42330.0,G25,fresh_entry,73.105,1.7213,20.4318,22.0,7.151,0,0,
42420.0,G25,fresh_entry,73.118,1.7018,20.2048,22.0,7.072,0,0,
42480.0,G19,fresh_entry,64.956,2.3141,24.4071,22.0,8.542,0,0,
42570.0,G25,fresh_entry,73.139,1.6705,19.8382,22.0,6.943,0,0,
42660.0,G25,fresh_entry,73.151,1.6523,19.6253,22.0,6.869,0,0,
42690.0,G15,fresh_entry,63.857,2.3481,24.3471,22.0,8.521,0,0,
42750.0,G25,fresh_entry,73.161,1.6346,19.4175,22.0,6.796,0,0,
42840.0,G25,fresh_entry,73.172,1.6173,19.2149,22.0,6.725,0,0,
42960.0,G25,fresh_entry,73.184,1.5949,18.9527,22.0,6.633,0,0,
43140.0,G25,fresh_entry,73.200,1.5629,18.5760,22.0,6.502,0,0,
43380.0,G29,fresh_entry,58.312,2.4912,23.5878,22.0,8.256,0,0,
43470.0,G15,fresh_entry,66.565,2.1860,23.6273,22.0,8.270,0,0,
43590.0,G15,fresh_entry,66.599,2.1602,23.3606,22.0,8.176,0,0,
43590.0,G29,fresh_entry,59.073,2.4548,23.5463,22.0,8.241,0,0,
43890.0,G29,fresh_entry,59.856,2.4002,23.3273,22.0,8.165,0,0,
44250.0,G29,fresh_entry,60.729,2.3311,22.9864,22.0,8.045,0,0,
44550.0,G13,fresh_entry,64.238,2.1296,22.2127,22.0,7.774,0,0,
44550.0,G15,fresh_entry,66.689,1.9533,21.1515,22.0,7.403,0,0,
44610.0,G29,fresh_entry,61.526,2.2591,22.5683,22.0,7.899,0,0,
44700.0,G13,fresh_entry,64.128,2.1072,21.9410,22.0,7.679,0,0,
44760.0,G15,fresh_entry,66.664,1.9090,20.6636,22.0,7.232,0,0,
44850.0,G15,fresh_entry,66.648,1.8902,20.4553,22.0,7.159,0,0,
44850.0,G29,fresh_entry,62.013,2.2099,22.2516,22.0,7.788,0,0,
44940.0,G13,fresh_entry,63.943,2.0713,21.5056,22.0,7.527,0,0,
44940.0,G15,fresh_entry,66.629,1.8715,20.2476,22.0,7.087,0,0,
45030.0,G13,fresh_entry,63.871,2.0579,21.3424,22.0,7.470,0,0,
45060.0,G15,fresh_entry,66.573,1.8469,19.9639,22.0,6.987,0,0,
45120.0,G29,fresh_entry,62.206,2.1538,21.7541,22.0,7.614,0,0,
45180.0,G15,fresh_entry,66.350,1.8225,19.6345,22.0,6.872,0,0,
45210.0,G13,fresh_entry,63.723,2.0312,21.0166,22.0,7.356,0,0,
45210.0,G29,fresh_entry,62.226,2.1349,21.5709,22.0,7.550,0,0,
45270.0,G15,fresh_entry,66.182,1.8044,19.3905,22.0,6.787,0,0,
45330.0,G13,fresh_entry,63.620,2.0135,20.8002,22.0,7.280,0,0,
45330.0,G29,fresh_entry,62.248,2.1098,21.3246,22.0,7.464,0,0,
45420.0,G15,fresh_entry,65.900,1.7747,18.9897,22.0,6.646,0,0,
45450.0,G29,fresh_entry,62.265,2.0846,21.0761,22.0,7.377,0,0,
45570.0,G15,fresh_entry,65.617,1.7455,18.5966,22.0,6.509,0,0,
45660.0,G15,fresh_entry,65.445,1.7282,18.3645,22.0,6.428,0,0,
45660.0,G18,fresh_entry,50.177,2.5227,20.5536,22.0,7.194,0,0,
45780.0,G15,fresh_entry,65.215,1.7055,18.0597,22.0,6.321,0,0,
45870.0,G15,fresh_entry,65.042,1.6887,17.8346,22.0,6.242,0,0,
45870.0,G24,fresh_entry,52.825,2.4374,20.9064,22.0,7.317,0,0,
45900.0,G13,fresh_entry,63.086,1.9316,19.7858,22.0,6.925,0,0,
45960.0,G15,fresh_entry,64.868,1.6722,17.6124,22.0,6.164,0,0,
46020.0,G13,fresh_entry,62.963,1.9148,19.5763,22.0,6.852,0,0,
46050.0,G15,fresh_entry,64.693,1.6558,17.3934,22.0,6.088,0,0,
46110.0,G13,fresh_entry,62.869,1.9024,19.4204,22.0,6.797,0,0,
46170.0,G29,fresh_entry,62.266,1.9347,19.5603,22.0,6.846,0,0,
46200.0,G13,fresh_entry,62.772,1.8902,19.2656,22.0,6.743,0,0,
46230.0,G15,fresh_entry,64.342,1.6238,16.9645,22.0,5.938,0,0,
46320.0,G15,fresh_entry,64.165,1.6082,16.7547,22.0,5.864,0,0,
46320.0,G29,fresh_entry,62.244,1.9040,19.2434,22.0,6.735,0,0,
46350.0,G18,fresh_entry,50.591,2.4617,20.2222,22.0,7.078,0,0,
46380.0,E03,fresh_entry,61.776,1.9261,19.3206,22.0,6.762,0,0,
46470.0,G23,fresh_entry,51.319,2.4284,20.2353,22.0,7.082,0,0,
46500.0,G24,fresh_entry,49.371,2.4815,19.8927,22.0,6.962,0,0,
46560.0,G29,fresh_entry,62.194,1.8555,18.7384,22.0,6.558,0,0,
46590.0,G23,fresh_entry,52.004,2.3941,20.2158,22.0,7.076,0,0,
46650.0,G29,fresh_entry,62.071,1.8376,18.5203,22.0,6.482,0,0,
46740.0,G13,fresh_entry,61.907,1.8197,18.2916,22.0,6.402,0,0,
46740.0,G29,fresh_entry,61.907,1.8198,18.2921,22.0,6.402,0,0,
46770.0,G23,fresh_entry,52.951,2.3423,20.1387,22.0,7.049,0,0,
46950.0,G23,fresh_entry,53.685,2.2907,19.9677,22.0,6.989,0,0,
47040.0,G13,fresh_entry,60.935,1.7831,17.6426,22.0,6.175,0,0,
47040.0,G23,fresh_entry,54.001,2.2650,19.8602,22.0,6.951,0,0,
47130.0,G23,fresh_entry,54.291,2.2395,19.7422,22.0,6.910,0,0,
47160.0,G13,fresh_entry,60.509,1.7691,17.3812,22.0,6.083,0,0,
47220.0,G23,fresh_entry,54.557,2.2142,19.6147,22.0,6.865,0,0,
47250.0,G13,fresh_entry,60.187,1.7588,17.1879,22.0,6.016,0,0,
47310.0,G23,fresh_entry,54.756,2.1891,19.4636,22.0,6.812,0,0,
47400.0,G23,fresh_entry,54.793,2.1644,19.2561,22.0,6.740,0,0,
47430.0,G13,fresh_entry,59.537,1.7387,16.8085,22.0,5.883,0,0,
47460.0,G18,fresh_entry,49.667,2.3697,19.1105,22.0,6.689,0,0,
47490.0,G23,fresh_entry,54.814,2.1399,19.0456,22.0,6.666,0,0,
47550.0,G29,fresh_entry,59.374,1.6665,16.0660,22.0,5.623,0,0,
47580.0,G13,fresh_entry,58.989,1.7226,16.4997,22.0,5.775,0,0,
47580.0,G18,fresh_entry,49.491,2.3601,18.9659,22.0,6.638,0,0,
47610.0,G23,fresh_entry,54.818,2.1078,18.7611,22.0,6.566,0,0,
47670.0,G29,fresh_entry,58.968,1.6450,15.7505,22.0,5.513,0,0,
47700.0,G23,fresh_entry,54.805,2.0841,18.5457,22.0,6.491,0,0,
47790.0,G23,fresh_entry,54.777,2.0608,18.3290,22.0,6.415,0,0,
47790.0,G29,fresh_entry,58.558,1.6238,15.4399,22.0,5.404,0,0,
47820.0,G18,fresh_entry,49.116,2.3413,18.6715,22.0,6.535,0,0,
47880.0,G23,fresh_entry,54.736,2.0378,18.1116,22.0,6.339,0,0,
47880.0,G29,fresh_entry,58.247,1.6082,15.2101,22.0,5.324,0,0,
47970.0,G29,fresh_entry,57.934,1.5928,14.9832,22.0,5.244,0,0,
48030.0,G18,fresh_entry,48.765,2.3249,18.4090,22.0,6.443,0,0,
48090.0,G29,fresh_entry,57.513,1.5725,14.6850,22.0,5.140,0,0,
48150.0,G18,fresh_entry,48.557,2.3156,18.2571,22.0,6.390,0,0,
48150.0,G23,fresh_entry,54.539,1.9715,17.4590,22.0,6.111,0,0,
48180.0,G29,fresh_entry,57.194,1.5576,14.4647,22.0,5.063,0,0,
48240.0,G18,fresh_entry,48.396,2.3087,18.1424,22.0,6.350,0,0,
48270.0,G29,fresh_entry,56.872,1.5428,14.2473,22.0,4.987,0,0,
48390.0,G18,fresh_entry,48.122,2.2972,17.9498,22.0,6.282,0,0,
48420.0,G29,fresh_entry,56.332,1.5187,13.8913,22.0,4.862,0,0,
48480.0,G23,fresh_entry,54.160,1.8957,16.6708,22.0,5.835,0,0,
48510.0,G29,fresh_entry,56.005,1.5045,13.6816,22.0,4.789,0,0,
48540.0,G18,fresh_entry,47.840,2.2858,17.7556,22.0,6.214,0,0,
48600.0,G11,fresh_entry,46.328,2.3374,17.5826,22.0,6.154,0,0,
48600.0,G23,fresh_entry,53.988,1.8696,16.3890,22.0,5.736,0,0,
48600.0,G29,fresh_entry,55.675,1.4905,13.4747,22.0,4.716,0,0,
48660.0,G18,fresh_entry,47.609,2.2766,17.5992,22.0,6.160,0,0,
48690.0,G23,fresh_entry,53.848,1.8505,16.1798,22.0,5.663,0,0,
48780.0,G18,fresh_entry,47.373,2.2675,17.4420,22.0,6.105,0,0,
48870.0,G23,fresh_entry,53.261,1.8137,15.6852,22.0,5.490,0,0,
48930.0,G18,fresh_entry,47.073,2.2561,17.2442,22.0,6.035,0,0,
48960.0,G23,fresh_entry,52.962,1.7959,15.4443,22.0,5.405,0,0,
49050.0,G23,fresh_entry,52.658,1.7786,15.2076,22.0,5.323,0,0,
49110.0,G18,fresh_entry,46.703,2.2425,17.0055,22.0,5.952,0,0,
49170.0,G23,fresh_entry,52.247,1.7562,14.8987,22.0,5.215,0,0,
49290.0,G18,fresh_entry,46.326,2.2288,16.7653,22.0,5.868,0,0,
49380.0,G18,fresh_entry,46.134,2.2220,16.6446,22.0,5.826,0,0,
49560.0,G18,fresh_entry,45.746,2.2083,16.4025,22.0,5.741,0,0,
49680.0,G11,fresh_entry,39.073,2.4587,15.5987,22.0,5.460,0,0,
49680.0,G18,fresh_entry,45.483,2.1991,16.2404,22.0,5.684,0,0,
49800.0,G18,fresh_entry,45.180,2.1899,16.0648,22.0,5.623,0,0,
49890.0,G18,fresh_entry,44.928,2.1829,15.9246,22.0,5.574,0,0,
50130.0,G11,fresh_entry,35.871,2.5040,14.5847,22.0,5.105,0,0,
50370.0,E07,fresh_entry,36.768,2.4530,14.6447,22.0,5.126,0,0,
50580.0,G18,fresh_entry,43.468,2.1289,15.0255,22.0,5.259,0,0,
50610.0,E07,fresh_entry,37.809,2.4032,14.7535,22.0,5.164,0,0,
51630.0,E07,fresh_entry,41.768,2.1754,14.7538,22.0,5.164,0,0,
52230.0,G10,fresh_entry,32.087,2.5356,13.2103,22.0,4.624,0,0,
52890.0,G10,fresh_entry,35.581,2.4030,13.8834,22.0,4.859,0,0,
52980.0,G10,fresh_entry,35.937,2.3851,13.9176,22.0,4.871,0,0,
53070.0,G12,fresh_entry,40.314,2.1705,14.2080,22.0,4.973,0,0,
53130.0,G10,fresh_entry,36.495,2.3556,13.9588,22.0,4.886,0,0,
53280.0,G12,fresh_entry,39.164,2.2257,14.1538,22.0,4.954,0,0,
53580.0,G12,fresh_entry,37.215,2.3038,13.9210,22.0,4.872,0,0,
53970.0,G12,fresh_entry,34.549,2.4020,13.4749,22.0,4.716,0,0,
54360.0,G24,fresh_entry,38.892,2.1793,13.7623,22.0,4.817,0,0,
54780.0,G24,fresh_entry,39.199,2.1278,13.5428,22.0,4.740,0,0,
55440.0,G24,fresh_entry,39.740,2.0462,13.2035,22.0,4.621,0,0,
55770.0,G25,fresh_entry,40.340,1.9823,12.9840,22.0,4.544,0,0,
55950.0,E03,fresh_entry,37.704,2.1612,13.2314,22.0,4.631,0,0,
56460.0,G13,fresh_entry,37.081,2.1719,13.0766,22.0,4.577,0,0,
56850.0,G25,fresh_entry,36.647,2.1768,12.9527,22.0,4.533,0,0,
56970.0,G32,fresh_entry,32.127,2.3688,12.3566,22.0,4.325,0,0,
59400.0,E26,fresh_entry,27.313,2.3824,10.5658,22.0,3.698,0,0,
59820.0,E29,fresh_entry,31.354,2.1508,10.9500,22.0,3.832,0,0,
60720.0,G10,fresh_entry,35.410,1.7041,9.7978,22.0,3.429,0,0,
60810.0,G10,fresh_entry,35.228,1.7027,9.7394,22.0,3.409,0,0,
61140.0,G15,fresh_entry,25.683,2.2912,9.5547,22.0,3.344,0,0,
61410.0,G27,fresh_entry,21.243,2.4591,8.4822,22.0,3.000,1,0,
61560.0,G27,fresh_entry,21.836,2.4231,8.5913,22.0,3.007,0,0,
61710.0,G27,fresh_entry,22.353,2.3871,8.6641,22.0,3.032,0,0,
62160.0,G27,fresh_entry,23.487,2.2815,8.7007,22.0,3.045,0,0,
62910.0,E18,fresh_entry,23.147,2.1934,8.2438,22.0,3.000,1,0,
62970.0,G10,fresh_entry,29.383,1.6732,7.9828,22.0,3.000,1,0,
63060.0,G10,fresh_entry,29.126,1.6719,7.9068,22.0,3.000,1,0,
63180.0,G27,fresh_entry,24.214,2.0702,8.1394,22.0,3.000,1,0,
63270.0,G28,fresh_entry,17.462,2.4688,6.9998,22.0,3.000,1,0,
63300.0,G27,fresh_entry,24.180,2.0486,8.0431,22.0,3.000,1,0,
63390.0,G27,fresh_entry,24.141,2.0330,7.9688,22.0,3.000,1,0,
63390.0,G28,fresh_entry,17.846,2.4370,7.0617,22.0,3.000,1,0,
63480.0,G27,fresh_entry,24.091,2.0177,7.8928,22.0,3.000,1,0,
63780.0,G27,fresh_entry,23.855,1.9699,7.6304,22.0,3.000,1,0,
63780.0,G28,fresh_entry,18.922,2.3291,7.1562,22.0,3.000,1,0,
63870.0,G27,fresh_entry,23.764,1.9565,7.5496,22.0,3.000,1,0,
63870.0,G28,fresh_entry,19.117,2.3035,7.1504,22.0,3.000,1,0,
63960.0,G28,fresh_entry,19.294,2.2777,7.1356,22.0,3.000,1,0,
64350.0,G29,fresh_entry,18.191,2.2905,6.7657,22.0,3.000,1,0,
67890.0,G31,fresh_entry,14.597,2.3275,5.5167,22.0,3.000,1,0,
68310.0,G31,fresh_entry,15.685,2.1980,5.5979,22.0,3.000,1,0,
68640.0,G31,fresh_entry,16.475,2.0970,5.6094,22.0,3.000,1,0,
68850.0,G31,fresh_entry,16.926,2.0340,5.5901,22.0,3.000,1,0,
69030.0,G08,fresh_entry,12.760,2.4319,5.0385,22.0,3.000,1,0,
69480.0,G08,fresh_entry,12.754,2.4180,5.0075,22.0,3.000,1,0,
69720.0,G08,fresh_entry,12.712,2.4135,4.9817,22.0,3.000,1,0,
69900.0,G02,fresh_entry,11.461,2.5256,4.7002,22.0,3.000,1,0,
70050.0,G08,fresh_entry,12.617,2.4103,4.9378,22.0,3.000,1,0,
70380.0,E33,fresh_entry,15.348,2.1078,5.2527,22.0,3.000,1,0,
70590.0,G26,fresh_entry,11.338,2.5179,4.6356,22.0,3.000,1,0,
70620.0,G08,fresh_entry,12.361,2.4129,4.8428,22.0,3.000,1,0,
71010.0,G26,fresh_entry,11.783,2.4520,4.6914,22.0,3.000,1,0,
71190.0,G26,fresh_entry,12.045,2.4215,4.7358,22.0,3.000,1,0,
71820.0,G08,fresh_entry,11.536,2.4474,4.5842,22.0,3.000,1,0,
72210.0,G26,fresh_entry,13.297,2.2296,4.8137,22.0,3.000,1,0,
72330.0,G25,fresh_entry,12.744,2.2947,4.7483,22.0,3.000,1,0,
72840.0,G26,fresh_entry,13.964,2.1011,4.7639,22.0,3.000,1,0,
73380.0,G26,fresh_entry,14.374,1.9897,4.6438,22.0,3.000,1,0,
73500.0,G23,fresh_entry,14.629,1.9338,4.5936,22.0,3.000,1,0,
74280.0,G25,fresh_entry,11.922,2.3098,4.4713,22.0,3.000,1,0,
74970.0,G01,fresh_entry,10.933,2.4392,4.3303,22.0,3.000,1,0,
75270.0,G23,fresh_entry,12.150,2.1850,4.3107,22.0,3.000,1,0,
75450.0,G16,fresh_entry,10.536,2.5087,4.2917,22.0,3.000,1,0,
75480.0,G25,fresh_entry,11.084,2.3918,4.3047,22.0,3.000,1,0,
75870.0,G25,fresh_entry,10.644,2.4306,4.2009,22.0,3.000,1,0,
76050.0,E07,fresh_entry,11.671,2.1534,4.0809,22.0,3.000,1,0,
77220.0,G16,fresh_entry,10.612,2.1084,3.6331,22.0,3.000,1,0,
77970.0,G16,fresh_entry,10.271,1.9299,3.2185,22.0,3.000,1,0,
79350.0,G03,fresh_entry,8.071,2.4208,3.1726,22.0,3.000,1,0,
80850.0,G04,fresh_entry,7.581,2.5487,3.1373,22.0,3.000,1,0,
81420.0,G04,fresh_entry,7.309,2.4925,2.9581,22.0,3.000,1,0,
81990.0,G32,fresh_entry,6.932,2.2301,2.5101,22.0,3.000,1,0,
82350.0,G04,fresh_entry,6.862,2.3881,2.6610,22.0,3.000,1,0,
82440.0,G27,fresh_entry,6.919,2.4783,2.7841,22.0,3.000,1,0,
82530.0,G32,fresh_entry,6.697,2.2739,2.4727,22.0,3.000,1,0,
83100.0,G32,fresh_entry,6.614,2.3230,2.4949,22.0,3.000,1,0,
83250.0,E26,fresh_entry,6.559,2.0431,2.1760,22.0,3.000,1,0,
83370.0,E23,fresh_entry,6.684,1.7552,1.9048,22.0,3.000,1,0,
83460.0,G32,fresh_entry,6.644,2.3557,2.5413,22.0,3.000,1,0,
83790.0,G27,fresh_entry,6.625,2.3334,2.5100,22.0,3.000,1,0,
83970.0,G27,fresh_entry,6.606,2.3106,2.4786,22.0,3.000,1,0,
84270.0,G32,fresh_entry,6.710,2.4345,2.6523,22.0,3.000,1,0,
84810.0,G08,fresh_entry,6.786,2.4945,2.7486,22.0,3.000,1,0,
85170.0,G27,fresh_entry,6.561,2.1435,2.2835,22.0,3.000,1,0,
85320.0,G27,fresh_entry,6.573,2.1215,2.2641,22.0,3.000,1,0,
85710.0,G27,fresh_entry,6.605,2.0636,2.2132,22.0,3.000,1,0,
86010.0,G08,fresh_entry,6.608,2.3011,2.4691,22.0,3.000,1,0,
86010.0,G27,fresh_entry,6.631,2.0191,2.1739,22.0,3.000,1,0,
