epoch,sod,sat,ki,alive_epochs,sigma_mm,accepted_phase_updates,rejected_phase_updates,phase_rows_present,phase_rows_missing,last_H_norm,participated_in_update,kalman_gain_norm,last_successful_update_epoch,epochs_since_last_accept,is_newborn,is_recently_reset
1,30.0,G01,5,1,6879.6157,1,0,1,0,2.873653,0,0.000000,1,0,0,0
1,30.0,G03,6,1,3871.3869,1,0,1,0,2.074122,0,0.000000,1,0,0,0
1,30.0,G04,7,1,7163.9849,1,0,1,0,2.849495,0,0.000000,1,0,0,0
1,30.0,G08,8,1,9562.0857,1,0,1,0,3.991034,0,0.000000,1,0,0,0
1,30.0,G16,9,1,3672.8365,1,0,1,0,2.030559,0,0.000000,1,0,0,0
1,30.0,G26,10,1,5206.8442,1,0,1,0,2.324888,0,0.000000,1,0,0,0
1,30.0,G27,11,1,7521.3618,1,0,1,0,3.159699,0,0.000000,1,0,0,0
2,60.0,G01,5,2,3635.1355,2,0,1,0,2.880176,0,0.000000,2,0,0,0
2,60.0,G03,6,2,2204.0743,2,0,1,0,2.072979,0,0.000000,2,0,0,0
2,60.0,G04,7,2,4104.5497,2,0,1,0,2.841687,0,0.000000,2,0,0,0
2,60.0,G08,8,2,4730.9551,2,0,1,0,3.968563,0,0.000000,2,0,0,0
2,60.0,G16,9,2,2130.6416,2,0,1,0,2.030704,0,0.000000,2,0,0,0
2,60.0,G26,10,2,3023.1010,2,0,1,0,2.329336,0,0.000000,2,0,0,0
2,60.0,G27,11,2,3717.8718,2,0,1,0,3.149877,0,0.000000,2,0,0,0
3,90.0,G01,5,3,2532.0840,3,0,1,0,2.886767,0,0.000000,3,0,0,0
3,90.0,G03,6,3,1660.1897,3,0,1,0,2.071855,0,0.000000,3,0,0,0
3,90.0,G04,7,3,3054.2376,3,0,1,0,2.833942,0,0.000000,3,0,0,0
3,90.0,G16,9,3,1622.2019,3,0,1,0,2.030862,0,0.000000,3,0,0,0
3,90.0,G26,10,3,2295.9545,3,0,1,0,2.333850,0,0.000000,3,0,0,0
3,90.0,G27,11,3,2386.5485,3,0,1,0,3.140146,0,0.000000,3,0,0,0
4,120.0,G01,5,4,2009.2920,4,0,1,0,2.893425,0,0.000000,4,0,0,0
4,120.0,G03,6,4,1537.1538,4,0,1,0,2.070751,0,0.000000,4,0,0,0
4,120.0,G04,7,4,2535.7625,4,0,1,0,2.826258,0,0.000000,4,0,0,0
4,120.0,G08,8,1,9396.4007,3,0,1,0,3.924392,0,0.000000,4,0,0,0
4,120.0,G16,9,4,1498.5606,4,0,1,0,2.031035,0,0.000000,4,0,0,0
4,120.0,G26,10,4,1934.4572,4,0,1,0,2.338432,0,0.000000,4,0,0,0
4,120.0,G27,11,4,1761.4902,4,0,1,0,3.130505,0,0.000000,4,0,0,0
5,150.0,G01,5,5,1708.4269,5,0,1,0,2.900151,0,0.000000,5,0,0,0
5,150.0,G03,6,5,1446.4768,5,0,1,0,2.069666,0,0.000000,5,0,0,0
5,150.0,G04,7,5,2221.6013,5,0,1,0,2.818635,0,0.000000,5,0,0,0
5,150.0,G08,8,2,4620.9010,4,0,1,0,3.902683,0,0.000000,5,0,0,0
5,150.0,G16,9,5,1407.6128,5,0,1,0,2.031221,0,0.000000,5,0,0,0
5,150.0,G26,10,5,1798.3824,5,0,1,0,2.343082,0,0.000000,5,0,0,0
5,150.0,G27,11,5,1413.1286,5,0,1,0,3.120951,0,0.000000,5,0,0,0
6,180.0,G01,5,6,1512.1886,6,0,1,0,2.906945,0,0.000000,6,0,0,0
6,180.0,G03,6,6,1374.5805,6,0,1,0,2.068600,0,0.000000,6,0,0,0
6,180.0,G04,7,6,2006.0376,6,0,1,0,2.811074,0,0.000000,6,0,0,0
6,180.0,G08,8,3,2812.2471,5,0,1,0,3.881221,0,0.000000,6,0,0,0
6,180.0,G16,9,6,1335.7583,6,0,1,0,2.031421,0,0.000000,6,0,0,0
6,180.0,G26,10,6,1693.1465,6,0,1,0,2.347801,0,0.000000,6,0,0,0
6,180.0,G27,11,6,1195.9268,6,0,1,0,3.111485,0,0.000000,6,0,0,0
7,210.0,G01,5,7,1372.7941,7,0,1,0,2.913809,0,0.000000,7,0,0,0
7,210.0,G03,6,7,1314.0456,7,0,1,0,2.067553,0,0.000000,7,0,0,0
7,210.0,G04,7,7,1893.7346,7,0,1,0,2.803573,0,0.000000,7,0,0,0
7,210.0,G08,8,4,1938.8764,6,0,1,0,3.860004,0,0.000000,7,0,0,0
7,210.0,G16,9,7,1275.5768,7,0,1,0,2.031635,0,0.000000,7,0,0,0
7,210.0,G26,10,7,1608.2701,7,0,1,0,2.352590,0,0.000000,7,0,0,0
7,210.0,G27,11,7,1049.2361,7,0,1,0,3.102106,0,0.000000,7,0,0,0
8,240.0,G01,5,8,1309.6766,8,0,1,0,2.920743,0,0.000000,8,0,0,0
8,240.0,G03,6,8,1260.5482,8,0,1,0,2.066526,0,0.000000,8,0,0,0
8,240.0,G04,7,8,1800.9048,8,0,1,0,2.796132,0,0.000000,8,0,0,0
8,240.0,G08,8,5,1445.2982,7,0,1,0,3.839031,0,0.000000,8,0,0,0
8,240.0,G16,9,8,1222.6936,8,0,1,0,2.031864,0,0.000000,8,0,0,0
8,240.0,G26,10,8,1537.4463,8,0,1,0,2.357452,0,0.000000,8,0,0,0
8,240.0,G27,11,8,1010.7297,8,0,1,0,3.092814,0,0.000000,8,0,0,0
9,270.0,G01,5,9,1256.7043,9,0,1,0,2.927747,0,0.000000,9,0,0,0
9,270.0,G03,6,9,1211.4557,9,0,1,0,2.065517,0,0.000000,9,0,0,0
9,270.0,G04,7,9,1722.3588,9,0,1,0,2.788750,0,0.000000,9,0,0,0
9,270.0,G08,8,6,1136.4669,8,0,1,0,3.818298,0,0.000000,9,0,0,0
9,270.0,G16,9,9,1174.4506,9,0,1,0,2.032106,0,0.000000,9,0,0,0
9,270.0,G26,10,9,1476.6275,9,0,1,0,2.362386,0,0.000000,9,0,0,0
9,270.0,G27,11,9,978.6325,9,0,1,0,3.083608,0,0.000000,9,0,0,0
10,300.0,G01,5,10,1211.3887,10,0,1,0,2.934822,0,0.000000,10,0,0,0
10,300.0,G03,6,10,1165.2298,10,0,1,0,2.064526,0,0.000000,10,0,0,0
10,300.0,G04,7,10,1654.5743,10,0,1,0,2.781427,0,0.000000,10,0,0,0
10,300.0,G08,8,7,929.1448,9,0,1,0,3.797801,0,0.000000,10,0,0,0
10,300.0,G16,9,10,1129.2647,10,0,1,0,2.032363,0,0.000000,10,0,0,0
10,300.0,G26,10,10,1423.1136,10,0,1,0,2.367394,0,0.000000,10,0,0,0
10,300.0,G27,11,10,951.2628,10,0,1,0,3.074488,0,0.000000,10,0,0,0
11,330.0,G01,5,11,1172.8250,11,0,1,0,2.941969,0,0.000000,11,0,0,0
11,330.0,G03,6,11,1121.1454,11,0,1,0,2.063554,0,0.000000,11,0,0,0
11,330.0,G04,7,11,1595.3923,11,0,1,0,2.774162,0,0.000000,11,0,0,0
11,330.0,G16,9,11,1086.3471,11,0,1,0,2.032633,0,0.000000,11,0,0,0
11,330.0,G26,10,11,1375.0573,11,0,1,0,2.372477,0,0.000000,11,0,0,0
11,330.0,G27,11,11,931.4058,11,0,1,0,3.065453,0,0.000000,11,0,0,0
12,360.0,G01,5,12,1138.7339,12,0,1,0,2.949187,0,0.000000,12,0,0,0
12,360.0,G03,6,12,1078.6813,12,0,1,0,2.062600,0,0.000000,12,0,0,0
12,360.0,G04,7,12,1542.7169,12,0,1,0,2.766956,0,0.000000,12,0,0,0
12,360.0,G16,9,12,1045.1424,12,0,1,0,2.032918,0,0.000000,12,0,0,0
12,360.0,G26,10,12,1331.1662,12,0,1,0,2.377637,0,0.000000,12,0,0,0
12,360.0,G27,11,12,913.5756,12,0,1,0,3.056502,0,0.000000,12,0,0,0
13,390.0,G01,5,13,1108.2073,13,0,1,0,2.956479,0,0.000000,13,0,0,0
13,390.0,G03,6,13,1037.7220,13,0,1,0,2.061664,0,0.000000,13,0,0,0
13,390.0,G04,7,13,1495.1881,13,0,1,0,2.759807,0,0.000000,13,0,0,0
13,390.0,G16,9,13,1005.4935,13,0,1,0,2.033217,0,0.000000,13,0,0,0
13,390.0,G26,10,13,1290.5362,13,0,1,0,2.382875,0,0.000000,13,0,0,0
13,390.0,G27,11,13,897.2691,13,0,1,0,3.047635,0,0.000000,13,0,0,0
14,420.0,G01,5,14,1080.5549,14,0,1,0,2.963843,0,0.000000,14,0,0,0
14,420.0,G03,6,14,998.3100,14,0,1,0,2.060747,0,0.000000,14,0,0,0
14,420.0,G04,7,14,1451.7699,14,0,1,0,2.752716,0,0.000000,14,0,0,0
14,420.0,G16,9,14,967.3972,14,0,1,0,2.033531,0,0.000000,14,0,0,0
14,420.0,G26,10,14,1252.5370,14,0,1,0,2.388192,0,0.000000,14,0,0,0
14,420.0,G27,11,14,882.1071,14,0,1,0,3.038852,0,0.000000,14,0,0,0
15,450.0,G01,5,15,1055.2439,15,0,1,0,2.971282,0,0.000000,15,0,0,0
15,450.0,G03,6,15,960.5566,15,0,1,0,2.059847,0,0.000000,15,0,0,0
15,450.0,G04,7,15,1411.6639,15,0,1,0,2.745681,0,0.000000,15,0,0,0
15,450.0,G16,9,15,930.9212,15,0,1,0,2.033859,0,0.000000,15,0,0,0
15,450.0,G26,10,15,1216.7332,15,0,1,0,2.393590,0,0.000000,15,0,0,0
15,450.0,G27,11,15,867.8003,15,0,1,0,3.030151,0,0.000000,15,0,0,0
16,480.0,G01,5,16,979.8789,16,0,1,0,2.978794,0,0.000000,16,0,0,0
16,480.0,G03,6,16,915.0976,16,0,1,0,2.058964,0,0.000000,16,0,0,0
16,480.0,G04,7,16,1364.7182,16,0,1,0,2.738703,0,0.000000,16,0,0,0
16,480.0,G16,9,16,889.5336,16,0,1,0,2.034201,0,0.000000,16,0,0,0
16,480.0,G26,10,16,1171.4786,16,0,1,0,2.399070,0,0.000000,16,0,0,0
16,480.0,G27,11,16,847.3837,16,0,1,0,3.021532,0,0.000000,16,0,0,0
17,510.0,G01,5,17,928.3546,17,0,1,0,2.986383,0,0.000000,17,0,0,0
17,510.0,G03,6,17,875.7092,17,0,1,0,2.058099,0,0.000000,17,0,0,0
17,510.0,G04,7,17,1324.4239,17,0,1,0,2.731782,0,0.000000,17,0,0,0
17,510.0,G16,9,17,852.9720,17,0,1,0,2.034558,0,0.000000,17,0,0,0
17,510.0,G26,10,17,1133.4448,17,0,1,0,2.404632,0,0.000000,17,0,0,0
17,510.0,G27,11,17,831.4605,17,0,1,0,3.012994,0,0.000000,17,0,0,0
17,510.0,G02,12,1,9968.4570,1,0,1,0,4.176518,0,0.000000,17,0,0,0
18,540.0,G01,5,18,889.7732,18,0,1,0,2.994046,0,0.000000,18,0,0,0
18,540.0,G03,6,18,840.3272,18,0,1,0,2.057252,0,0.000000,18,0,0,0
18,540.0,G04,7,18,1288.1475,18,0,1,0,2.724915,0,0.000000,18,0,0,0
18,540.0,G16,9,18,819.7697,18,0,1,0,2.034929,0,0.000000,18,0,0,0
18,540.0,G26,10,18,1099.7519,18,0,1,0,2.410281,0,0.000000,18,0,0,0
18,540.0,G27,11,18,817.7484,18,0,1,0,3.004538,0,0.000000,18,0,0,0
18,540.0,G02,12,2,5015.3772,2,0,1,0,4.197031,0,0.000000,18,0,0,0
19,570.0,G01,5,19,858.8533,19,0,1,0,3.001785,0,0.000000,19,0,0,0
19,570.0,G03,6,19,808.0303,19,0,1,0,2.056422,0,0.000000,19,0,0,0
19,570.0,G04,7,19,1254.5876,19,0,1,0,2.718104,0,0.000000,19,0,0,0
19,570.0,G16,9,19,789.2372,19,0,1,0,2.035315,0,0.000000,19,0,0,0
19,570.0,G26,10,19,1069.0554,19,0,1,0,2.416015,0,0.000000,19,0,0,0
19,570.0,G27,11,19,805.2090,19,0,1,0,2.996162,0,0.000000,19,0,0,0
19,570.0,G02,12,3,5013.1056,2,0,1,0,4.197031,0,0.000000,18,1,0,0
20,600.0,G01,5,20,450.2109,20,0,1,0,3.009600,0,0.000000,20,0,0,0
20,600.0,G03,6,20,300.4030,20,0,1,0,2.055609,0,0.000000,20,0,0,0
20,600.0,G04,7,20,525.4803,20,0,1,0,2.711348,0,0.000000,20,0,0,0
20,600.0,G16,9,20,292.1988,20,0,1,0,2.035715,0,0.000000,20,0,0,0
20,600.0,G26,10,20,435.7422,20,0,1,0,2.421837,0,0.000000,20,0,0,0
20,600.0,G27,11,20,441.9903,20,0,1,0,2.987865,0,0.000000,20,0,0,0
20,600.0,G02,12,4,5006.8429,2,0,1,0,4.197031,0,0.000000,18,2,0,0
21,630.0,G01,5,21,353.2898,21,0,1,0,3.017493,0,0.000000,21,0,0,0
21,630.0,G03,6,21,219.9074,21,0,1,0,2.054813,0,0.000000,21,0,0,0
21,630.0,G04,7,21,386.4542,21,0,1,0,2.704646,0,0.000000,21,0,0,0
21,630.0,G16,9,21,213.7668,21,0,1,0,2.036131,0,0.000000,21,0,0,0
21,630.0,G26,10,21,320.3986,21,0,1,0,2.427749,0,0.000000,21,0,0,0
21,630.0,G27,11,21,349.0016,21,0,1,0,2.979647,0,0.000000,21,0,0,0
21,630.0,G02,12,5,5005.2964,2,0,1,0,4.197031,0,0.000000,18,3,0,0
22,660.0,G01,5,22,305.2530,22,0,1,0,3.025464,0,0.000000,22,0,0,0
22,660.0,G03,6,22,181.1811,22,0,1,0,2.054034,0,0.000000,22,0,0,0
22,660.0,G04,7,22,318.3739,22,0,1,0,2.697998,0,0.000000,22,0,0,0
22,660.0,G16,9,22,176.0710,22,0,1,0,2.036561,0,0.000000,22,0,0,0
22,660.0,G26,10,22,264.4989,22,0,1,0,2.433751,0,0.000000,22,0,0,0
22,660.0,G27,11,22,300.4304,22,0,1,0,2.971508,0,0.000000,22,0,0,0
23,690.0,G01,5,23,273.8923,23,0,1,0,3.033514,0,0.000000,23,0,0,0
23,690.0,G03,6,23,157.2495,23,0,1,0,2.053272,0,0.000000,23,0,0,0
23,690.0,G04,7,23,275.9503,23,0,1,0,2.691404,0,0.000000,23,0,0,0
23,690.0,G16,9,23,152.7742,23,0,1,0,2.037006,0,0.000000,23,0,0,0
23,690.0,G26,10,23,229.8854,23,0,1,0,2.439847,0,0.000000,23,0,0,0
23,690.0,G27,11,23,268.5572,23,0,1,0,2.963446,0,0.000000,23,0,0,0
24,720.0,G01,5,24,251.0664,24,0,1,0,3.041642,0,0.000000,24,0,0,0
24,720.0,G03,6,24,140.5824,24,0,1,0,2.052526,0,0.000000,24,0,0,0
24,720.0,G04,7,24,246.2335,24,0,1,0,2.684864,0,0.000000,24,0,0,0
24,720.0,G16,9,24,136.5434,24,0,1,0,2.037465,0,0.000000,24,0,0,0
24,720.0,G26,10,24,205.7616,24,0,1,0,2.446036,0,0.000000,24,0,0,0
24,720.0,G27,11,24,245.2669,24,0,1,0,2.955463,0,0.000000,24,0,0,0
25,750.0,G01,5,25,233.3634,25,0,1,0,3.049851,0,0.000000,25,0,0,0
25,750.0,G03,6,25,128.1191,25,0,1,0,2.051797,0,0.000000,25,0,0,0
25,750.0,G04,7,25,223.9064,25,0,1,0,2.678376,0,0.000000,25,0,0,0
25,750.0,G16,9,25,124.3991,25,0,1,0,2.037940,0,0.000000,25,0,0,0
25,750.0,G26,10,25,187.7177,25,0,1,0,2.452322,0,0.000000,25,0,0,0
25,750.0,G27,11,25,227.1401,25,0,1,0,2.947555,0,0.000000,25,0,0,0
26,780.0,G01,5,26,219.0524,26,0,1,0,3.058139,0,0.000000,26,0,0,0
26,780.0,G03,6,26,118.3479,26,0,1,0,2.051084,0,0.000000,26,0,0,0
26,780.0,G04,7,26,206.3269,26,0,1,0,2.671940,0,0.000000,26,0,0,0
26,780.0,G16,9,26,114.8705,26,0,1,0,2.038430,0,0.000000,26,0,0,0
26,780.0,G26,10,26,173.5700,26,0,1,0,2.458705,0,0.000000,26,0,0,0
26,780.0,G27,11,26,212.4379,26,0,1,0,2.939725,0,0.000000,26,0,0,0
27,810.0,G01,5,27,207.1463,27,0,1,0,3.066508,0,0.000000,27,0,0,0
27,810.0,G03,6,27,110.7233,27,0,1,0,2.050388,0,0.000000,27,0,0,0
27,810.0,G04,7,27,192.0217,27,0,1,0,2.665557,0,0.000000,27,0,0,0
27,810.0,G16,9,27,107.4061,27,0,1,0,2.038935,0,0.000000,27,0,0,0
27,810.0,G26,10,27,162.1020,27,0,1,0,2.465187,0,0.000000,27,0,0,0
27,810.0,G27,11,27,200.1668,27,0,1,0,2.931969,0,0.000000,27,0,0,0
28,840.0,G01,5,28,197.0149,28,0,1,0,3.074959,0,0.000000,28,0,0,0
28,840.0,G03,6,28,104.0658,28,0,1,0,2.049708,0,0.000000,28,0,0,0
28,840.0,G04,7,28,180.0637,28,0,1,0,2.659225,0,0.000000,28,0,0,0
28,840.0,G16,9,28,100.9025,28,0,1,0,2.039455,0,0.000000,28,0,0,0
28,840.0,G26,10,28,152.5555,28,0,1,0,2.471771,0,0.000000,28,0,0,0
28,840.0,G27,11,28,189.6915,28,0,1,0,2.924289,0,0.000000,28,0,0,0
29,870.0,G01,5,29,188.2536,29,0,1,0,3.083492,0,0.000000,29,0,0,0
29,870.0,G03,6,29,98.4306,29,0,1,0,2.049044,0,0.000000,29,0,0,0
29,870.0,G04,7,29,169.8789,29,0,1,0,2.652945,0,0.000000,29,0,0,0
29,870.0,G16,9,29,95.3894,29,0,1,0,2.039991,0,0.000000,29,0,0,0
29,870.0,G26,10,29,144.4562,29,0,1,0,2.478459,0,0.000000,29,0,0,0
29,870.0,G27,11,29,180.6045,29,0,1,0,2.916683,0,0.000000,29,0,0,0
30,900.0,G01,5,30,180.5754,30,0,1,0,3.092107,0,0.000000,30,0,0,0
30,900.0,G03,6,30,93.5802,30,0,1,0,2.048396,0,0.000000,30,0,0,0
30,900.0,G04,7,30,161.0652,30,0,1,0,2.646716,0,0.000000,30,0,0,0
30,900.0,G16,9,30,90.6377,30,0,1,0,2.040541,0,0.000000,30,0,0,0
30,900.0,G26,10,30,137.4743,30,0,1,0,2.485251,0,0.000000,30,0,0,0
30,900.0,G27,11,30,172.6161,30,0,1,0,2.909151,0,0.000000,30,0,0,0
31,930.0,G01,5,31,173.7828,31,0,1,0,3.100806,0,0.000000,31,0,0,0
31,930.0,G03,6,31,89.6718,31,0,1,0,2.047764,0,0.000000,31,0,0,0
31,930.0,G04,7,31,153.3604,31,0,1,0,2.640537,0,0.000000,31,0,0,0
31,930.0,G16,9,31,86.7069,31,0,1,0,2.041108,0,0.000000,31,0,0,0
31,930.0,G26,10,31,131.3913,31,0,1,0,2.492150,0,0.000000,31,0,0,0
31,930.0,G27,11,31,165.5276,31,0,1,0,2.901692,0,0.000000,31,0,0,0
32,960.0,G01,5,32,167.6976,32,0,1,0,3.109589,0,0.000000,32,0,0,0
32,960.0,G03,6,32,85.8814,32,0,1,0,2.047148,0,0.000000,32,0,0,0
32,960.0,G04,7,32,146.5016,32,0,1,0,2.634409,0,0.000000,32,0,0,0
32,960.0,G16,9,32,82.9989,32,0,1,0,2.041690,0,0.000000,32,0,0,0
32,960.0,G26,10,32,126.0014,32,0,1,0,2.499158,0,0.000000,32,0,0,0
32,960.0,G27,11,32,159.1569,32,0,1,0,2.894306,0,0.000000,32,0,0,0
33,990.0,G01,5,33,162.2260,33,0,1,0,3.118456,0,0.000000,33,0,0,0
33,990.0,G03,6,33,83.1259,33,0,1,0,2.046547,0,0.000000,33,0,0,0
33,990.0,G04,7,33,141.7419,33,0,1,0,2.628331,0,0.000000,33,0,0,0
33,990.0,G16,9,33,80.5145,33,0,1,0,2.042287,0,0.000000,33,0,0,0
33,990.0,G26,10,33,122.0034,33,0,1,0,2.506278,0,0.000000,33,0,0,0
33,990.0,G27,11,33,153.3964,33,0,1,0,2.886993,0,0.000000,33,0,0,0
34,1020.0,G01,5,34,156.2435,34,0,1,0,3.127409,0,0.000000,34,0,0,0
34,1020.0,G03,6,34,79.9770,34,0,1,0,2.045963,0,0.000000,34,0,0,0
34,1020.0,G04,7,34,135.9043,34,0,1,0,2.622302,0,0.000000,34,0,0,0
34,1020.0,G08,8,1,7987.2969,10,0,1,0,3.370557,0,0.000000,34,0,0,0
34,1020.0,G16,9,34,77.3638,34,0,1,0,2.042900,0,0.000000,34,0,0,0
34,1020.0,G26,10,34,117.5514,34,0,1,0,2.513510,0,0.000000,34,0,0,0
34,1020.0,G27,11,34,146.7367,34,0,1,0,2.879750,0,0.000000,34,0,0,0
35,1050.0,G01,5,35,150.8610,35,0,1,0,3.136447,0,0.000000,35,0,0,0
35,1050.0,G03,6,35,77.1890,35,0,1,0,2.045393,0,0.000000,35,0,0,0
35,1050.0,G04,7,35,130.6508,35,0,1,0,2.616322,0,0.000000,35,0,0,0
35,1050.0,G08,8,2,3807.7237,11,0,1,0,3.355194,0,0.000000,35,0,0,0
35,1050.0,G16,9,35,74.5783,35,0,1,0,2.043529,0,0.000000,35,0,0,0
35,1050.0,G26,10,35,113.5531,35,0,1,0,2.520858,0,0.000000,35,0,0,0
35,1050.0,G27,11,35,140.7812,35,0,1,0,2.872579,0,0.000000,35,0,0,0
36,1080.0,G01,5,36,144.8344,36,0,1,0,3.145572,0,0.000000,36,0,0,0
36,1080.0,G03,6,36,74.6315,36,0,1,0,2.044839,0,0.000000,36,0,0,0
36,1080.0,G04,7,36,125.5807,36,0,1,0,2.610392,0,0.000000,36,0,0,0
36,1080.0,G08,8,3,2293.8726,12,0,1,0,3.340006,0,0.000000,36,0,0,0
36,1080.0,G16,9,36,71.9527,36,0,1,0,2.044174,0,0.000000,36,0,0,0
36,1080.0,G26,10,36,109.9193,36,0,1,0,2.528324,0,0.000000,36,0,0,0
36,1080.0,G27,11,36,135.0477,36,0,1,0,2.865479,0,0.000000,36,0,0,0
37,1110.0,G01,5,37,139.4459,37,0,1,0,3.154783,0,0.000000,37,0,0,0
37,1110.0,G03,6,37,72.3063,37,0,1,0,2.044301,0,0.000000,37,0,0,0
37,1110.0,G04,7,37,120.9658,37,0,1,0,2.604509,0,0.000000,37,0,0,0
37,1110.0,G08,8,4,1567.6506,13,0,1,0,3.324992,0,0.000000,37,0,0,0
37,1110.0,G16,9,37,69.5679,37,0,1,0,2.044835,0,0.000000,37,0,0,0
37,1110.0,G26,10,37,106.6004,37,0,1,0,2.535909,0,0.000000,37,0,0,0
37,1110.0,G27,11,37,129.8840,37,0,1,0,2.858448,0,0.000000,37,0,0,0
37,1110.0,G02,12,1,20000.0000,2,0,1,0,4.197031,0,0.000000,18,19,0,0
37,1110.0,G07,13,1,20000.0000,0,0,1,0,nan,0,0.000000,-1,37,0,0
38,1140.0,G01,5,38,134.5904,38,0,1,0,3.164083,0,0.000000,38,0,0,0
38,1140.0,G03,6,38,70.1806,38,0,1,0,2.043778,0,0.000000,38,0,0,0
38,1140.0,G04,7,38,116.7387,38,0,1,0,2.598675,0,0.000000,38,0,0,0
38,1140.0,G08,8,5,1156.6358,14,0,1,0,3.310151,0,0.000000,38,0,0,0
38,1140.0,G16,9,38,67.3890,38,0,1,0,2.045512,0,0.000000,38,0,0,0
38,1140.0,G26,10,38,103.5529,38,0,1,0,2.543616,0,0.000000,38,0,0,0
38,1140.0,G27,11,38,125.2013,38,0,1,0,2.851487,0,0.000000,38,0,0,0
38,1140.0,G02,12,2,20000.0000,2,0,1,0,4.197031,0,0.000000,18,20,0,0
38,1140.0,G07,13,2,20000.0000,0,0,1,0,nan,0,0.000000,-1,38,0,0
39,1170.0,G01,5,39,130.1859,39,0,1,0,3.173470,0,0.000000,39,0,0,0
39,1170.0,G03,6,39,68.2275,39,0,1,0,2.043270,0,0.000000,39,0,0,0
39,1170.0,G04,7,39,112.8450,39,0,1,0,2.592888,0,0.000000,39,0,0,0
39,1170.0,G08,8,6,898.3400,15,0,1,0,3.295480,0,0.000000,39,0,0,0
39,1170.0,G16,9,39,65.3879,39,0,1,0,2.046206,0,0.000000,39,0,0,0
39,1170.0,G26,10,39,100.7410,39,0,1,0,2.551447,0,0.000000,39,0,0,0
39,1170.0,G27,11,39,120.9289,39,0,1,0,2.844595,0,0.000000,39,0,0,0
39,1170.0,G02,12,3,20000.0000,2,0,1,0,4.197031,0,0.000000,18,21,0,0
39,1170.0,G07,13,3,20000.0000,0,0,1,0,nan,0,0.000000,-1,39,0,0
40,1200.0,G01,5,40,126.1674,40,0,1,0,3.182947,0,0.000000,40,0,0,0
40,1200.0,G03,6,40,66.4253,40,0,1,0,2.042777,0,0.000000,40,0,0,0
40,1200.0,G04,7,40,109.2405,40,0,1,0,2.587149,0,0.000000,40,0,0,0
40,1200.0,G08,8,7,723.9324,16,0,1,0,3.280976,0,0.000000,40,0,0,0
40,1200.0,G16,9,40,63.5418,40,0,1,0,2.046915,0,0.000000,40,0,0,0
40,1200.0,G26,10,40,98.1352,40,0,1,0,2.559405,0,0.000000,40,0,0,0
40,1200.0,G27,11,40,117.0102,40,0,1,0,2.837771,0,0.000000,40,0,0,0
40,1200.0,G02,12,4,20000.0000,2,0,1,0,4.197031,0,0.000000,18,22,0,0
40,1200.0,G07,13,4,20000.0000,0,0,1,0,nan,0,0.000000,-1,40,0,0
41,1230.0,G01,5,41,122.4821,41,0,1,0,3.192513,0,0.000000,41,0,0,0
41,1230.0,G03,6,41,64.7557,41,0,1,0,2.042299,0,0.000000,41,0,0,0
41,1230.0,G04,7,41,105.8887,41,0,1,0,2.581457,0,0.000000,41,0,0,0
41,1230.0,G08,8,8,599.8535,17,0,1,0,3.266639,0,0.000000,41,0,0,0
41,1230.0,G16,9,41,61.8315,41,0,1,0,2.047642,0,0.000000,41,0,0,0
41,1230.0,G26,10,41,95.7106,41,0,1,0,2.567493,0,0.000000,41,0,0,0
41,1230.0,G27,11,41,113.3990,41,0,1,0,2.831015,0,0.000000,41,0,0,0
41,1230.0,G02,12,5,20000.0000,2,0,1,0,4.197031,0,0.000000,18,23,0,0
41,1230.0,G07,13,5,20000.0000,0,0,1,0,nan,0,0.000000,-1,41,0,0
42,1260.0,G01,5,42,119.0871,42,0,1,0,3.202169,0,0.000000,42,0,0,0
42,1260.0,G03,6,42,63.2034,42,0,1,0,2.041836,0,0.000000,42,0,0,0
42,1260.0,G04,7,42,102.7591,42,0,1,0,2.575812,0,0.000000,42,0,0,0
42,1260.0,G08,8,9,508.0071,18,0,1,0,3.252465,0,0.000000,42,0,0,0
42,1260.0,G16,9,42,60.2414,42,0,1,0,2.048384,0,0.000000,42,0,0,0
42,1260.0,G26,10,42,93.4465,42,0,1,0,2.575712,0,0.000000,42,0,0,0
42,1260.0,G27,11,42,110.0570,42,0,1,0,2.824327,0,0.000000,42,0,0,0
42,1260.0,G02,12,6,20000.0000,2,0,1,0,4.197031,0,0.000000,18,24,0,0
42,1260.0,G07,13,6,20000.0000,0,0,1,0,nan,0,0.000000,-1,42,0,0
43,1290.0,G01,5,43,115.9493,43,0,1,0,3.211917,0,0.000000,43,0,0,0
43,1290.0,G03,6,43,61.7748,43,0,1,0,2.041388,0,0.000000,43,0,0,0
43,1290.0,G04,7,43,99.8327,43,0,1,0,2.570212,0,0.000000,43,0,0,0
43,1290.0,G08,8,10,437.8753,19,0,1,0,3.238454,0,0.000000,43,0,0,0
43,1290.0,G16,9,43,58.7604,43,0,1,0,2.049144,0,0.000000,43,0,0,0
43,1290.0,G26,10,43,91.3312,43,0,1,0,2.584065,0,0.000000,43,0,0,0
43,1290.0,G27,11,43,106.9555,43,0,1,0,2.817705,0,0.000000,43,0,0,0
43,1290.0,G02,12,7,20000.0001,2,0,1,0,4.197031,0,0.000000,18,25,0,0
43,1290.0,G07,13,7,20000.0001,0,0,1,0,nan,0,0.000000,-1,43,0,0
44,1320.0,G01,5,44,113.0330,44,0,1,0,3.221755,0,0.000000,44,0,0,0
44,1320.0,G03,6,44,60.4179,44,0,1,0,2.040955,0,0.000000,44,0,0,0
44,1320.0,G04,7,44,97.0731,44,0,1,0,2.564659,0,0.000000,44,0,0,0
44,1320.0,G08,8,11,382.9486,20,0,1,0,3.224604,0,0.000000,44,0,0,0
44,1320.0,G16,9,44,57.3719,44,0,1,0,2.049920,0,0.000000,44,0,0,0
44,1320.0,G26,10,44,89.3357,44,0,1,0,2.592556,0,0.000000,44,0,0,0
44,1320.0,G27,11,44,104.0608,44,0,1,0,2.811149,0,0.000000,44,0,0,0
44,1320.0,G02,12,8,20000.0001,2,0,1,0,4.197031,0,0.000000,18,26,0,0
44,1320.0,G07,13,8,20000.0001,0,0,1,0,nan,0,0.000000,-1,44,0,0
45,1350.0,G01,5,45,110.3171,45,0,1,0,3.231686,0,0.000000,45,0,0,0
45,1350.0,G03,6,45,59.1454,45,0,1,0,2.040537,0,0.000000,45,0,0,0
45,1350.0,G04,7,45,94.5074,45,0,1,0,2.559152,0,0.000000,45,0,0,0
45,1350.0,G08,8,12,339.0380,21,0,1,0,3.210912,0,0.000000,45,0,0,0
45,1350.0,G16,9,45,56.1464,45,0,1,0,2.050713,0,0.000000,45,0,0,0
45,1350.0,G26,10,45,87.4756,45,0,1,0,2.601186,0,0.000000,45,0,0,0
45,1350.0,G27,11,45,101.3562,45,0,1,0,2.804659,0,0.000000,45,0,0,0
45,1350.0,G02,12,9,20000.0001,2,0,1,0,4.197031,0,0.000000,18,27,0,0
45,1350.0,G07,13,9,20000.0001,0,0,1,0,nan,0,0.000000,-1,45,0,0
46,1380.0,G01,5,46,107.7785,46,0,1,0,3.241709,0,0.000000,46,0,0,0
46,1380.0,G03,6,46,57.9485,46,0,1,0,2.040134,0,0.000000,46,0,0,0
46,1380.0,G04,7,46,92.0373,46,0,1,0,2.553690,0,0.000000,46,0,0,0
46,1380.0,G08,8,13,303.3181,22,0,1,0,3.197376,0,0.000000,46,0,0,0
46,1380.0,G16,9,46,54.9104,46,0,1,0,2.051523,0,0.000000,46,0,0,0
46,1380.0,G26,10,46,85.6934,46,0,1,0,2.609959,0,0.000000,46,0,0,0
46,1380.0,G27,11,46,98.8175,46,0,1,0,2.798234,0,0.000000,46,0,0,0
46,1380.0,G02,12,10,20000.0001,2,0,1,0,4.197031,0,0.000000,18,28,0,0
46,1380.0,G07,13,10,20000.0001,0,0,1,0,nan,0,0.000000,-1,46,0,0
47,1410.0,G01,5,47,105.4017,47,0,1,0,3.251826,0,0.000000,47,0,0,0
47,1410.0,G03,6,47,56.8204,47,0,1,0,2.039745,0,0.000000,47,0,0,0
47,1410.0,G04,7,47,89.7902,47,0,1,0,2.548273,0,0.000000,47,0,0,0
47,1410.0,G08,8,14,273.8300,23,0,1,0,3.183996,0,0.000000,47,0,0,0
47,1410.0,G16,9,47,53.8594,47,0,1,0,2.052350,0,0.000000,47,0,0,0
47,1410.0,G26,10,47,84.0418,47,0,1,0,2.618877,0,0.000000,47,0,0,0
47,1410.0,G27,11,47,96.4344,47,0,1,0,2.791874,0,0.000000,47,0,0,0
47,1410.0,G02,12,11,20000.0001,2,0,1,0,4.197031,0,0.000000,18,29,0,0
47,1410.0,G07,13,11,20000.0001,0,0,1,0,nan,0,0.000000,-1,47,0,0
48,1440.0,G01,5,48,103.1666,48,0,1,0,3.262037,0,0.000000,48,0,0,0
48,1440.0,G03,6,48,55.7542,48,0,1,0,2.039370,0,0.000000,48,0,0,0
48,1440.0,G04,7,48,87.5473,48,0,1,0,2.542901,0,0.000000,48,0,0,0
48,1440.0,G08,8,15,249.1726,24,0,1,0,3.170768,0,0.000000,48,0,0,0
48,1440.0,G16,9,48,52.7447,48,0,1,0,2.053194,0,0.000000,48,0,0,0
48,1440.0,G26,10,48,82.4313,48,0,1,0,2.627944,0,0.000000,48,0,0,0
48,1440.0,G27,11,48,94.1839,48,0,1,0,2.785579,0,0.000000,48,0,0,0
48,1440.0,G02,12,12,20000.0001,2,0,1,0,4.197031,0,0.000000,18,30,0,0
48,1440.0,G07,13,12,20000.0001,0,0,1,0,nan,0,0.000000,-1,48,0,0
49,1470.0,G01,5,49,101.3228,49,0,1,0,3.272342,0,0.000000,49,0,0,0
49,1470.0,G03,6,49,54.8338,49,0,1,0,2.039010,0,0.000000,49,0,0,0
49,1470.0,G04,7,49,85.9685,49,0,1,0,2.537572,0,0.000000,49,0,0,0
49,1470.0,G08,8,16,228.4480,25,0,1,0,3.157692,0,0.000000,49,0,0,0
49,1470.0,G16,9,49,51.9029,49,0,1,0,2.054056,0,0.000000,49,0,0,0
49,1470.0,G26,10,49,81.1179,49,0,1,0,2.637161,0,0.000000,49,0,0,0
49,1470.0,G27,11,49,92.3775,49,0,1,0,2.779347,0,0.000000,49,0,0,0
49,1470.0,G02,12,13,20000.0001,2,0,1,0,4.197031,0,0.000000,18,31,0,0
49,1470.0,G07,13,13,20000.0001,0,0,1,0,nan,0,0.000000,-1,49,0,0
50,1500.0,G01,5,50,99.6801,50,0,1,0,3.282743,0,0.000000,50,0,0,0
50,1500.0,G03,6,50,53.9598,50,0,1,0,2.038665,0,0.000000,50,0,0,0
50,1500.0,G04,7,50,84.5972,50,0,1,0,2.532289,0,0.000000,50,0,0,0
50,1500.0,G08,8,17,210.7493,26,0,1,0,3.144765,0,0.000000,50,0,0,0
50,1500.0,G16,9,50,51.1722,50,0,1,0,2.054936,0,0.000000,50,0,0,0
50,1500.0,G26,10,50,79.8461,50,0,1,0,2.646533,0,0.000000,50,0,0,0
50,1500.0,G27,11,50,90.7347,50,0,1,0,2.773178,0,0.000000,50,0,0,0
50,1500.0,G02,12,14,20000.0001,2,0,1,0,4.197031,0,0.000000,18,32,0,0
50,1500.0,G07,13,14,20000.0001,0,0,1,0,nan,0,0.000000,-1,50,0,0
51,1530.0,G01,5,51,97.9142,51,0,1,0,3.293240,0,0.000000,51,0,0,0
51,1530.0,G03,6,51,53.0291,51,0,1,0,2.038334,0,0.000000,51,0,0,0
51,1530.0,G04,7,51,82.4740,51,0,1,0,2.527048,0,0.000000,51,0,0,0
51,1530.0,G08,8,18,195.4353,27,0,1,0,3.131986,0,0.000000,51,0,0,0
51,1530.0,G16,9,51,50.1622,51,0,1,0,2.055833,0,0.000000,51,0,0,0
51,1530.0,G26,10,51,78.3961,51,0,1,0,2.656063,0,0.000000,51,0,0,0
51,1530.0,G27,11,51,88.8205,51,0,1,0,2.767071,0,0.000000,51,0,0,0
51,1530.0,G02,12,15,20000.0001,2,0,1,0,4.197031,0,0.000000,18,33,0,0
51,1530.0,G07,13,15,20000.0001,0,0,1,0,nan,0,0.000000,-1,51,0,0
52,1560.0,G01,5,52,96.0785,52,0,1,0,3.303833,0,0.000000,52,0,0,0
52,1560.0,G03,6,52,52.1511,52,0,1,0,2.038018,0,0.000000,52,0,0,0
52,1560.0,G04,7,52,80.4609,52,0,1,0,2.521851,0,0.000000,52,0,0,0
52,1560.0,G08,8,19,182.0829,28,0,1,0,3.119353,0,0.000000,52,0,0,0
52,1560.0,G16,9,52,49.2140,52,0,1,0,2.056748,0,0.000000,52,0,0,0
52,1560.0,G26,10,52,77.0163,52,0,1,0,2.665753,0,0.000000,52,0,0,0
52,1560.0,G27,11,52,86.9259,52,0,1,0,2.761027,0,0.000000,52,0,0,0
52,1560.0,G02,12,16,20000.0001,2,0,1,0,4.197031,0,0.000000,18,34,0,0
52,1560.0,G07,13,16,20000.0001,0,0,1,0,nan,0,0.000000,-1,52,0,0
53,1590.0,G01,5,53,94.3427,53,0,1,0,3.314523,0,0.000000,53,0,0,0
53,1590.0,G03,6,53,51.3203,53,0,1,0,2.037715,0,0.000000,53,0,0,0
53,1590.0,G04,7,53,78.5554,53,0,1,0,2.516697,0,0.000000,53,0,0,0
53,1590.0,G08,8,20,170.4198,29,0,1,0,3.106864,0,0.000000,53,0,0,0
53,1590.0,G16,9,53,48.3180,53,0,1,0,2.057681,0,0.000000,53,0,0,0
53,1590.0,G26,10,53,75.7085,53,0,1,0,2.675608,0,0.000000,53,0,0,0
53,1590.0,G27,11,53,85.1331,53,0,1,0,2.755045,0,0.000000,53,0,0,0
53,1590.0,G02,12,17,20000.0001,2,0,1,0,4.197031,0,0.000000,18,35,0,0
53,1590.0,G07,13,17,20000.0001,0,0,1,0,nan,0,0.000000,-1,53,0,0
54,1620.0,G01,5,54,92.6905,54,0,1,0,3.325311,0,0.000000,54,0,0,0
54,1620.0,G03,6,54,50.5220,54,0,1,0,2.037427,0,0.000000,54,0,0,0
54,1620.0,G04,7,54,76.7280,54,0,1,0,2.511586,0,0.000000,54,0,0,0
54,1620.0,G08,8,21,160.1512,30,0,1,0,3.094518,0,0.000000,54,0,0,0
54,1620.0,G16,9,54,47.4661,54,0,1,0,2.058632,0,0.000000,54,0,0,0
54,1620.0,G26,10,54,74.4462,54,0,1,0,2.685630,0,0.000000,54,0,0,0
54,1620.0,G27,11,54,83.4255,54,0,1,0,2.749124,0,0.000000,54,0,0,0
54,1620.0,G02,12,18,20000.0001,2,0,1,0,4.197031,0,0.000000,18,36,0,0
54,1620.0,G07,13,18,20000.0001,0,0,1,0,nan,0,0.000000,-1,54,0,0
55,1650.0,G01,5,55,91.1190,55,0,1,0,3.336197,0,0.000000,55,0,0,0
55,1650.0,G03,6,55,49.7590,55,0,1,0,2.037154,0,0.000000,55,0,0,0
55,1650.0,G04,7,55,74.9821,55,0,1,0,2.506517,0,0.000000,55,0,0,0
55,1650.0,G08,8,22,151.0627,31,0,1,0,3.082313,0,0.000000,55,0,0,0
55,1650.0,G16,9,55,46.6561,55,0,1,0,2.059601,0,0.000000,55,0,0,0
55,1650.0,G26,10,55,73.2366,55,0,1,0,2.695823,0,0.000000,55,0,0,0
55,1650.0,G27,11,55,81.8002,55,0,1,0,2.743263,0,0.000000,55,0,0,0
55,1650.0,G02,12,19,20000.0001,2,0,1,0,4.197031,0,0.000000,18,37,0,0
55,1650.0,G07,13,19,20000.0001,0,0,1,0,nan,0,0.000000,-1,55,0,0
56,1680.0,G01,5,56,89.6216,56,0,1,0,3.347183,0,0.000000,56,0,0,0
56,1680.0,G03,6,56,49.0287,56,0,1,0,2.036894,0,0.000000,56,0,0,0
56,1680.0,G04,7,56,73.3104,56,0,1,0,2.501491,0,0.000000,56,0,0,0
56,1680.0,G08,8,23,142.9741,32,0,1,0,3.070248,0,0.000000,56,0,0,0
56,1680.0,G16,9,56,45.8846,56,0,1,0,2.060589,0,0.000000,56,0,0,0
56,1680.0,G26,10,56,72.0752,56,0,1,0,2.706190,0,0.000000,56,0,0,0
56,1680.0,G27,11,56,80.2504,56,0,1,0,2.737463,0,0.000000,56,0,0,0
56,1680.0,G02,12,20,20000.0002,2,0,1,0,4.197031,0,0.000000,18,38,0,0
56,1680.0,G07,13,20,20000.0002,0,0,1,0,nan,0,0.000000,-1,56,0,0
57,1710.0,G01,5,57,88.3785,57,0,1,0,3.358268,0,0.000000,57,0,0,0
57,1710.0,G03,6,57,48.3289,57,0,1,0,2.036649,0,0.000000,57,0,0,0
57,1710.0,G04,7,57,71.7681,57,0,1,0,2.496506,0,0.000000,57,0,0,0
57,1710.0,G08,8,24,135.9652,33,0,1,0,3.058320,0,0.000000,57,0,0,0
57,1710.0,G16,9,57,45.1923,57,0,1,0,2.061595,0,0.000000,57,0,0,0
57,1710.0,G26,10,57,70.9883,57,0,1,0,2.716736,0,0.000000,57,0,0,0
57,1710.0,G27,11,57,79.0530,57,0,1,0,2.731723,0,0.000000,57,0,0,0
57,1710.0,G02,12,21,20000.0002,2,0,1,0,4.197031,0,0.000000,18,39,0,0
57,1710.0,G07,13,21,20000.0002,0,0,1,0,nan,0,0.000000,-1,57,0,0
58,1740.0,G01,5,58,87.2298,58,0,1,0,3.369454,0,0.000000,58,0,0,0
58,1740.0,G04,7,58,70.8757,58,0,1,0,2.491562,0,0.000000,58,0,0,0
58,1740.0,G26,10,58,70.1676,58,0,1,0,2.727464,0,0.000000,58,0,0,0
58,1740.0,G27,11,58,77.9467,58,0,1,0,2.726042,0,0.000000,58,0,0,0
58,1740.0,G02,12,22,20000.0002,2,0,1,0,4.197031,0,0.000000,18,40,0,0
58,1740.0,G07,13,22,20000.0002,0,0,1,0,nan,0,0.000000,-1,58,0,0
59,1770.0,G01,5,59,86.1242,59,0,1,0,3.380740,0,0.000000,59,0,0,0
59,1770.0,G04,7,59,69.6218,59,0,1,0,2.486660,0,0.000000,59,0,0,0
59,1770.0,G26,10,59,69.3229,59,0,1,0,2.738378,0,0.000000,59,0,0,0
59,1770.0,G27,11,59,76.8774,59,0,1,0,2.720419,0,0.000000,59,0,0,0
59,1770.0,G02,12,23,20000.0002,2,0,1,0,4.197031,0,0.000000,18,41,0,0
59,1770.0,G07,13,23,20000.0002,0,0,1,0,nan,0,0.000000,-1,59,0,0
60,1800.0,G01,5,60,85.0348,60,0,1,0,3.392128,0,0.000000,60,0,0,0
60,1800.0,G03,6,1,3170.8670,58,1,1,0,2.035997,0,0.000000,60,0,0,0
60,1800.0,G04,7,60,68.2978,60,0,1,0,2.481799,0,0.000000,60,0,0,0
60,1800.0,G08,8,1,6986.6963,34,0,1,0,3.023347,0,0.000000,60,0,0,0
60,1800.0,G16,9,1,3325.7365,58,1,1,0,2.064726,0,0.000000,60,0,0,0
60,1800.0,G26,10,60,68.4756,60,0,1,0,2.749481,0,0.000000,60,0,0,0
60,1800.0,G27,11,60,75.8337,60,0,1,0,2.714856,0,0.000000,60,0,0,0
60,1800.0,G02,12,24,20000.0002,2,0,1,0,4.197031,0,0.000000,18,42,0,0
60,1800.0,G07,13,24,20000.0002,0,0,1,0,nan,0,0.000000,-1,60,0,0
61,1830.0,G01,5,61,83.8504,61,0,1,0,3.403618,0,0.000000,61,0,0,0
61,1830.0,G03,6,2,1433.2335,59,1,1,0,2.035807,0,0.000000,61,0,0,0
61,1830.0,G04,7,61,67.1520,61,0,1,0,2.476978,0,0.000000,61,0,0,0
61,1830.0,G08,8,2,3275.5202,35,0,1,0,3.011954,0,0.000000,61,0,0,0
61,1830.0,G16,9,2,1507.0322,59,1,1,0,2.065808,0,0.000000,61,0,0,0
61,1830.0,G26,10,61,67.6725,61,0,1,0,2.760779,0,0.000000,61,0,0,0
61,1830.0,G27,11,61,74.5978,61,0,1,0,2.709350,0,0.000000,61,0,0,0
61,1830.0,G02,12,25,20000.0002,2,0,1,0,4.197031,0,0.000000,18,43,0,0
61,1830.0,G07,13,25,20000.0002,0,0,1,0,nan,0,0.000000,-1,61,0,0
61,1830.0,G09,14,1,20000.0000,0,0,1,0,nan,0,0.000000,-1,61,0,0
62,1860.0,G01,5,62,82.7868,62,0,1,0,3.415211,0,0.000000,62,0,0,0
62,1860.0,G03,6,3,858.9003,60,1,1,0,2.035632,0,0.000000,62,0,0,0
62,1860.0,G04,7,62,65.9333,62,0,1,0,2.472197,0,0.000000,62,0,0,0
62,1860.0,G16,9,3,904.4108,60,1,1,0,2.066910,0,0.000000,62,0,0,0
62,1860.0,G26,10,62,66.8865,62,0,1,0,2.772275,0,0.000000,62,0,0,0
62,1860.0,G27,11,62,73.4488,62,0,1,0,2.703901,0,0.000000,62,0,0,0
62,1860.0,G02,12,26,20000.0002,2,0,1,0,4.197031,0,0.000000,18,44,0,0
62,1860.0,G07,13,26,20000.0002,0,0,1,0,nan,0,0.000000,-1,62,0,0
62,1860.0,G09,14,2,20000.0000,0,0,1,0,nan,0,0.000000,-1,62,0,0
63,1890.0,G01,5,63,81.6732,63,0,1,0,3.426908,0,0.000000,63,0,0,0
63,1890.0,G03,6,4,588.2049,61,1,1,0,2.035471,0,0.000000,63,0,0,0
63,1890.0,G04,7,63,64.7719,63,0,1,0,2.467457,0,0.000000,63,0,0,0
63,1890.0,G08,8,1,6883.3332,36,0,1,0,2.989557,0,0.000000,63,0,0,0
63,1890.0,G16,9,4,619.9994,61,1,1,0,2.068031,0,0.000000,63,0,0,0
63,1890.0,G26,10,63,66.1287,63,0,1,0,2.783973,0,0.000000,63,0,0,0
63,1890.0,G27,11,63,72.3043,63,0,1,0,2.698509,0,0.000000,63,0,0,0
63,1890.0,G02,12,27,20000.0002,2,0,1,0,4.197031,0,0.000000,18,45,0,0
63,1890.0,G07,13,27,20000.0002,0,0,1,0,nan,0,0.000000,-1,63,0,0
63,1890.0,G09,14,3,20000.0000,0,0,1,0,nan,0,0.000000,-1,63,0,0
64,1920.0,G01,5,64,80.7659,64,0,1,0,3.438708,0,0.000000,64,0,0,0
64,1920.0,G03,6,5,435.8225,62,1,1,0,2.035323,0,0.000000,64,0,0,0
64,1920.0,G04,7,64,63.6730,64,0,1,0,2.462756,0,0.000000,64,0,0,0
64,1920.0,G16,9,5,459.6736,62,1,1,0,2.069172,0,0.000000,64,0,0,0
64,1920.0,G26,10,64,65.3975,64,0,1,0,2.795879,0,0.000000,64,0,0,0
64,1920.0,G27,11,64,71.4447,64,0,1,0,2.693174,0,0.000000,64,0,0,0
64,1920.0,G02,12,28,20000.0002,2,0,1,0,4.197031,0,0.000000,18,46,0,0
64,1920.0,G07,13,28,20000.0002,0,0,1,0,nan,0,0.000000,-1,64,0,0
64,1920.0,G09,14,4,20000.0000,0,0,1,0,nan,0,0.000000,-1,64,0,0
65,1950.0,G01,5,65,79.9804,65,0,1,0,3.450613,0,0.000000,65,0,0,0
65,1950.0,G03,6,6,340.2708,63,1,1,0,2.035189,0,0.000000,65,0,0,0
65,1950.0,G04,7,65,62.6211,65,0,1,0,2.458094,0,0.000000,65,0,0,0
65,1950.0,G16,9,6,358.9766,63,1,1,0,2.070332,0,0.000000,65,0,0,0
65,1950.0,G26,10,65,64.6908,65,0,1,0,2.807996,0,0.000000,65,0,0,0
65,1950.0,G27,11,65,70.6594,65,0,1,0,2.687895,0,0.000000,65,0,0,0
65,1950.0,G07,13,29,20000.0002,0,0,1,0,nan,0,0.000000,-1,65,0,0
65,1950.0,G09,14,5,20000.0000,0,0,1,0,nan,0,0.000000,-1,65,0,0
66,1980.0,G01,5,66,79.2778,66,0,1,0,3.462623,0,0.000000,66,0,0,0
66,1980.0,G03,6,7,276.1103,64,1,1,0,2.035069,0,0.000000,66,0,0,0
66,1980.0,G04,7,66,61.7894,66,0,1,0,2.453472,0,0.000000,66,0,0,0
66,1980.0,G16,9,7,291.2041,64,1,1,0,2.071513,0,0.000000,66,0,0,0
66,1980.0,G26,10,66,64.0244,66,0,1,0,2.820329,0,0.000000,66,0,0,0
66,1980.0,G27,11,66,69.9902,66,0,1,0,2.682672,0,0.000000,66,0,0,0
66,1980.0,G07,13,30,20000.0002,0,0,1,0,nan,0,0.000000,-1,66,0,0
66,1980.0,G09,14,6,20000.0000,0,0,1,0,nan,0,0.000000,-1,66,0,0
67,2010.0,G01,5,67,78.5407,67,0,1,0,3.474739,0,0.000000,67,0,0,0
67,2010.0,G03,6,8,230.2152,65,1,1,0,2.034963,0,0.000000,67,0,0,0
67,2010.0,G04,7,67,60.8001,67,0,1,0,2.448888,0,0.000000,67,0,0,0
67,2010.0,G16,9,8,242.6434,65,1,1,0,2.072714,0,0.000000,67,0,0,0
67,2010.0,G26,10,67,63.3613,67,0,1,0,2.832883,0,0.000000,67,0,0,0
67,2010.0,G27,11,67,69.2485,67,0,1,0,2.677504,0,0.000000,67,0,0,0
67,2010.0,G07,13,31,20000.0002,0,0,1,0,nan,0,0.000000,-1,67,0,0
67,2010.0,G09,14,7,20000.0001,0,0,1,0,nan,0,0.000000,-1,67,0,0
68,2040.0,G01,5,68,77.8278,68,0,1,0,3.486961,0,0.000000,68,0,0,0
68,2040.0,G03,6,9,196.3187,66,1,1,0,2.034871,0,0.000000,68,0,0,0
68,2040.0,G04,7,68,59.8509,68,0,1,0,2.444343,0,0.000000,68,0,0,0
68,2040.0,G16,9,9,206.6795,66,1,1,0,2.073935,0,0.000000,68,0,0,0
68,2040.0,G26,10,68,62.7191,68,0,1,0,2.845664,0,0.000000,68,0,0,0
68,2040.0,G27,11,68,68.5303,68,0,1,0,2.672391,0,0.000000,68,0,0,0
68,2040.0,G07,13,32,20000.0002,0,0,1,0,nan,0,0.000000,-1,68,0,0
68,2040.0,G09,14,8,20000.0001,0,0,1,0,nan,0,0.000000,-1,68,0,0
69,2070.0,G01,5,69,77.1371,69,0,1,0,3.499290,0,0.000000,69,0,0,0
69,2070.0,G03,6,10,170.4988,67,1,1,0,2.034793,0,0.000000,69,0,0,0
69,2070.0,G04,7,69,58.9371,69,0,1,0,2.439835,0,0.000000,69,0,0,0
69,2070.0,G16,9,10,179.1988,67,1,1,0,2.075177,0,0.000000,69,0,0,0
69,2070.0,G26,10,69,62.0963,69,0,1,0,2.858675,0,0.000000,69,0,0,0
69,2070.0,G27,11,69,67.8340,69,0,1,0,2.667332,0,0.000000,69,0,0,0
69,2070.0,G07,13,33,20000.0002,0,0,1,0,nan,0,0.000000,-1,69,0,0
69,2070.0,G09,14,9,20000.0001,0,0,1,0,nan,0,0.000000,-1,69,0,0
70,2100.0,G01,5,70,76.4671,70,0,1,0,3.511727,0,0.000000,70,0,0,0
70,2100.0,G03,6,11,150.3388,68,1,1,0,2.034728,0,0.000000,70,0,0,0
70,2100.0,G04,7,70,58.0559,70,0,1,0,2.435366,0,0.000000,70,0,0,0
70,2100.0,G16,9,11,157.6668,68,1,1,0,2.076440,0,0.000000,70,0,0,0
70,2100.0,G26,10,70,61.4916,70,0,1,0,2.871923,0,0.000000,70,0,0,0
70,2100.0,G27,11,70,67.1579,70,0,1,0,2.662327,0,0.000000,70,0,0,0
70,2100.0,G07,13,34,20000.0003,0,0,1,0,nan,0,0.000000,-1,70,0,0
70,2100.0,G09,14,10,20000.0001,0,0,1,0,nan,0,0.000000,-1,70,0,0
71,2130.0,G01,5,71,75.8164,71,0,1,0,3.524272,0,0.000000,71,0,0,0
71,2130.0,G03,6,12,134.2754,69,1,1,0,2.034677,0,0.000000,71,0,0,0
71,2130.0,G04,7,71,57.2050,71,0,1,0,2.430935,0,0.000000,71,0,0,0
71,2130.0,G16,9,12,140.4445,69,1,1,0,2.077725,0,0.000000,71,0,0,0
71,2130.0,G26,10,71,60.9043,71,0,1,0,2.885413,0,0.000000,71,0,0,0
71,2130.0,G27,11,71,66.5008,71,0,1,0,2.657375,0,0.000000,71,0,0,0
71,2130.0,G07,13,35,20000.0003,0,0,1,0,nan,0,0.000000,-1,71,0,0
71,2130.0,G09,14,11,20000.0001,0,0,1,0,nan,0,0.000000,-1,71,0,0
72,2160.0,G01,5,72,75.1151,72,0,1,0,3.536925,0,0.000000,72,0,0,0
72,2160.0,G03,6,13,121.2575,70,1,1,0,2.034639,0,0.000000,72,0,0,0
72,2160.0,G04,7,72,56.3824,72,0,1,0,2.426540,0,0.000000,72,0,0,0
72,2160.0,G16,9,13,126.4295,70,1,1,0,2.079030,0,0.000000,72,0,0,0
72,2160.0,G26,10,72,60.3333,72,0,1,0,2.899149,0,0.000000,72,0,0,0
72,2160.0,G27,11,72,65.8271,72,0,1,0,2.652477,0,0.000000,72,0,0,0
72,2160.0,G02,12,36,28284.2716,2,0,1,0,4.197031,0,0.000000,18,54,0,0
72,2160.0,G07,13,36,20000.0003,0,0,1,0,nan,0,0.000000,-1,72,0,0
72,2160.0,G09,14,12,20000.0001,0,0,1,0,nan,0,0.000000,-1,72,0,0
73,2190.0,G01,5,73,74.4348,73,0,1,0,3.549688,0,0.000000,73,0,0,0
73,2190.0,G03,6,14,110.5554,71,1,1,0,2.034616,0,0.000000,73,0,0,0
73,2190.0,G04,7,73,55.5861,73,0,1,0,2.422183,0,0.000000,73,0,0,0
73,2190.0,G16,9,14,114.8565,71,1,1,0,2.080357,0,0.000000,73,0,0,0
73,2190.0,G26,10,73,59.7779,73,0,1,0,2.913139,0,0.000000,73,0,0,0
73,2190.0,G27,11,73,65.1720,73,0,1,0,2.647631,0,0.000000,73,0,0,0
73,2190.0,G02,12,37,28284.2716,2,0,1,0,4.197031,0,0.000000,18,55,0,0
73,2190.0,G07,13,37,20000.0003,0,0,1,0,nan,0,0.000000,-1,73,0,0
73,2190.0,G09,14,13,20000.0001,0,0,1,0,nan,0,0.000000,-1,73,0,0
74,2220.0,G01,5,74,73.8378,74,0,1,0,3.562561,0,0.000000,74,0,0,0
74,2220.0,G03,6,15,101.6481,72,1,1,0,2.034606,0,0.000000,74,0,0,0
74,2220.0,G04,7,74,54.8146,74,0,1,0,2.417863,0,0.000000,74,0,0,0
74,2220.0,G16,9,15,105.1799,72,1,1,0,2.081705,0,0.000000,74,0,0,0
74,2220.0,G26,10,74,59.2372,74,0,1,0,2.927388,0,0.000000,74,0,0,0
74,2220.0,G27,11,74,64.5662,74,0,1,0,2.642837,0,0.000000,74,0,0,0
74,2220.0,G02,12,38,28284.2716,2,0,1,0,4.197031,0,0.000000,18,56,0,0
74,2220.0,G07,13,38,20000.0003,0,0,1,0,nan,0,0.000000,-1,74,0,0
74,2220.0,G09,14,14,20000.0001,0,0,1,0,nan,0,0.000000,-1,74,0,0
75,2250.0,G01,5,75,73.0562,75,0,1,0,3.575544,0,0.000000,75,0,0,0
75,2250.0,G03,6,16,94.1482,73,1,1,0,2.034610,0,0.000000,75,0,0,0
75,2250.0,G04,7,75,54.0537,75,0,1,0,2.413579,0,0.000000,75,0,0,0
75,2250.0,G16,9,16,96.9963,73,1,1,0,2.083076,0,0.000000,75,0,0,0
75,2250.0,G26,10,75,58.7103,75,0,1,0,2.941902,0,0.000000,75,0,0,0
75,2250.0,G27,11,75,63.7449,75,0,1,0,2.638095,0,0.000000,75,0,0,0
75,2250.0,G02,12,39,28284.2716,2,0,1,0,4.197031,0,0.000000,18,57,0,0
75,2250.0,G07,13,39,20000.0003,0,0,1,0,nan,0,0.000000,-1,75,0,0
75,2250.0,G09,14,15,20000.0001,0,0,1,0,nan,0,0.000000,-1,75,0,0
76,2280.0,G01,5,76,72.2990,76,0,1,0,3.588637,0,0.000000,76,0,0,0
76,2280.0,G03,6,17,87.7772,74,1,1,0,2.034627,0,0.000000,76,0,0,0
76,2280.0,G04,7,76,53.3149,76,0,1,0,2.409331,0,0.000000,76,0,0,0
76,2280.0,G08,8,1,6462.2764,37,0,1,0,2.855840,0,0.000000,76,0,0,0
76,2280.0,G16,9,17,90.0110,74,1,1,0,2.084468,0,0.000000,76,0,0,0
76,2280.0,G26,10,76,58.1969,76,0,1,0,2.956687,0,0.000000,76,0,0,0
76,2280.0,G27,11,76,62.9500,76,0,1,0,2.633405,0,0.000000,76,0,0,0
76,2280.0,G02,12,40,28284.2716,2,0,1,0,4.197031,0,0.000000,18,58,0,0
76,2280.0,G07,13,40,20000.0003,0,0,1,0,nan,0,0.000000,-1,76,0,0
76,2280.0,G09,14,16,20000.0001,0,0,1,0,nan,0,0.000000,-1,76,0,0
77,2310.0,G01,5,77,71.5817,77,0,1,0,3.601843,0,0.000000,77,0,0,0
77,2310.0,G03,6,18,84.0151,75,1,1,0,2.034658,0,0.000000,77,0,0,0
77,2310.0,G04,7,77,52.6814,77,0,1,0,2.405120,0,0.000000,77,0,0,0
77,2310.0,G08,8,2,3007.0129,38,0,1,0,2.846354,0,0.000000,77,0,0,0
77,2310.0,G16,9,18,86.1822,75,1,1,0,2.085883,0,0.000000,77,0,0,0
77,2310.0,G26,10,77,57.7027,77,0,1,0,2.971750,0,0.000000,77,0,0,0
77,2310.0,G27,11,77,62.2571,77,0,1,0,2.628766,0,0.000000,77,0,0,0
77,2310.0,G02,12,41,28284.2716,2,0,1,0,4.197031,0,0.000000,18,59,0,0
77,2310.0,G07,13,41,20000.0003,0,0,1,0,nan,0,0.000000,-1,77,0,0
77,2310.0,G09,14,17,20000.0001,0,0,1,0,nan,0,0.000000,-1,77,0,0
78,2340.0,G01,5,78,70.9200,78,0,1,0,3.615160,0,0.000000,78,0,0,0
78,2340.0,G03,6,19,79.2403,76,1,1,0,2.034703,0,0.000000,78,0,0,0
78,2340.0,G04,7,78,51.9753,78,0,1,0,2.400944,0,0.000000,78,0,0,0
78,2340.0,G08,8,3,1803.6831,39,0,1,0,2.836976,0,0.000000,78,0,0,0
78,2340.0,G16,9,19,80.4891,76,1,1,0,2.087321,0,0.000000,78,0,0,0
78,2340.0,G26,10,78,57.2134,78,0,1,0,2.987097,0,0.000000,78,0,0,0
78,2340.0,G27,11,78,61.5300,78,0,1,0,2.624177,0,0.000000,78,0,0,0
78,2340.0,G07,13,42,20000.0003,0,0,1,0,nan,0,0.000000,-1,78,0,0
78,2340.0,G09,14,18,20000.0001,0,0,1,0,nan,0,0.000000,-1,78,0,0
79,2370.0,G01,5,79,70.2760,79,0,1,0,3.628589,0,0.000000,79,0,0,0
79,2370.0,G03,6,20,74.7902,77,1,1,0,2.034762,0,0.000000,79,0,0,0
79,2370.0,G04,7,79,51.2901,79,0,1,0,2.396803,0,0.000000,79,0,0,0
79,2370.0,G08,8,4,1230.7821,40,0,1,0,2.827705,0,0.000000,79,0,0,0
79,2370.0,G16,9,20,75.5789,77,1,1,0,2.088781,0,0.000000,79,0,0,0
79,2370.0,G26,10,79,56.7358,79,0,1,0,3.002735,0,0.000000,79,0,0,0
79,2370.0,G27,11,79,60.8241,79,0,1,0,2.619639,0,0.000000,79,0,0,0
79,2370.0,G07,13,43,20000.0003,0,0,1,0,nan,0,0.000000,-1,79,0,0
79,2370.0,G09,14,19,20000.0001,0,0,1,0,nan,0,0.000000,-1,79,0,0
80,2400.0,G01,5,80,69.7132,80,0,1,0,3.642132,0,0.000000,80,0,0,0
80,2400.0,G03,6,21,73.6635,78,1,1,0,2.034834,0,0.000000,80,0,0,0
80,2400.0,G04,7,80,50.8031,80,0,1,0,2.392698,0,0.000000,80,0,0,0
80,2400.0,G08,8,5,907.4301,41,0,1,0,2.818539,0,0.000000,80,0,0,0
80,2400.0,G16,9,21,74.4894,78,1,1,0,2.090265,0,0.000000,80,0,0,0
80,2400.0,G26,10,80,56.2889,80,0,1,0,3.018671,0,0.000000,80,0,0,0
80,2400.0,G27,11,80,60.2752,80,0,1,0,2.615150,0,0.000000,80,0,0,0
80,2400.0,G07,13,44,20000.0003,0,0,1,0,nan,0,0.000000,-1,80,0,0
80,2400.0,G09,14,20,20000.0002,0,0,1,0,nan,0,0.000000,-1,80,0,0
81,2430.0,G01,5,81,69.0934,81,0,1,0,3.655788,0,0.000000,81,0,0,0
81,2430.0,G03,6,22,69.7223,79,1,1,0,2.034919,0,0.000000,81,0,0,0
81,2430.0,G04,7,81,50.1356,81,0,1,0,2.388627,0,0.000000,81,0,0,0
81,2430.0,G08,8,6,703.9139,42,0,1,0,2.809477,0,0.000000,81,0,0,0
81,2430.0,G16,9,22,70.0905,79,1,1,0,2.091772,0,0.000000,81,0,0,0
81,2430.0,G26,10,81,55.8303,81,0,1,0,3.034912,0,0.000000,81,0,0,0
81,2430.0,G27,11,81,59.5946,81,0,1,0,2.610711,0,0.000000,81,0,0,0
81,2430.0,G07,13,45,20000.0003,0,0,1,0,nan,0,0.000000,-1,81,0,0
81,2430.0,G09,14,21,20000.0002,0,0,1,0,nan,0,0.000000,-1,81,0,0
82,2460.0,G01,5,82,68.4914,82,0,1,0,3.669558,0,0.000000,82,0,0,0
82,2460.0,G03,6,23,66.3445,80,1,1,0,2.035019,0,0.000000,82,0,0,0
82,2460.0,G04,7,82,49.4902,82,0,1,0,2.384591,0,0.000000,82,0,0,0
82,2460.0,G08,8,7,566.4747,43,0,1,0,2.800518,0,0.000000,82,0,0,0
82,2460.0,G16,9,23,66.2961,80,1,1,0,2.093302,0,0.000000,82,0,0,0
82,2460.0,G26,10,82,55.3834,82,0,1,0,3.051467,0,0.000000,82,0,0,0
82,2460.0,G27,11,82,58.9355,82,0,1,0,2.606321,0,0.000000,82,0,0,0
82,2460.0,G07,13,46,20000.0003,0,0,1,0,nan,0,0.000000,-1,82,0,0
82,2460.0,G09,14,22,533.3424,1,0,1,0,4.202178,0,0.000000,82,0,0,0
83,2490.0,G01,5,83,67.9038,83,0,1,0,3.683442,0,0.000000,83,0,0,0
83,2490.0,G03,6,24,63.4117,81,1,1,0,2.035132,0,0.000000,83,0,0,0
83,2490.0,G04,7,83,48.8620,83,0,1,0,2.380590,0,0.000000,83,0,0,0
83,2490.0,G08,8,8,468.6366,44,0,1,0,2.791660,0,0.000000,83,0,0,0
83,2490.0,G16,9,24,62.9852,81,1,1,0,2.094856,0,0.000000,83,0,0,0
83,2490.0,G26,10,83,54.9466,83,0,1,0,3.068341,0,0.000000,83,0,0,0
83,2490.0,G27,11,83,58.2935,83,0,1,0,2.601980,0,0.000000,83,0,0,0
83,2490.0,G07,13,47,20000.0004,0,0,1,0,nan,0,0.000000,-1,83,0,0
83,2490.0,G09,14,23,371.0573,2,0,1,0,4.168644,0,0.000000,83,0,0,0
84,2520.0,G01,5,84,67.3296,84,0,1,0,3.697441,0,0.000000,84,0,0,0
84,2520.0,G03,6,25,60.8419,82,1,1,0,2.035259,0,0.000000,84,0,0,0
84,2520.0,G04,7,84,48.2498,84,0,1,0,2.376622,0,0.000000,84,0,0,0
84,2520.0,G08,8,9,396.1589,45,0,1,0,2.782903,0,0.000000,84,0,0,0
84,2520.0,G16,9,25,60.0718,82,1,1,0,2.096434,0,0.000000,84,0,0,0
84,2520.0,G26,10,84,54.5194,84,0,1,0,3.085545,0,0.000000,84,0,0,0
84,2520.0,G27,11,84,57.6679,84,0,1,0,2.597687,0,0.000000,84,0,0,0
84,2520.0,G07,13,48,257.0272,1,0,1,0,4.200163,0,0.000000,84,0,0,0
84,2520.0,G09,14,24,298.1261,3,0,1,0,4.135727,0,0.000000,84,0,0,0
85,2550.0,G01,5,85,66.7685,85,0,1,0,3.711556,0,0.000000,85,0,0,0
85,2550.0,G03,6,26,58.5723,83,1,1,0,2.035399,0,0.000000,85,0,0,0
85,2550.0,G04,7,85,47.6529,85,0,1,0,2.372689,0,0.000000,85,0,0,0
85,2550.0,G08,8,10,340.7666,46,0,1,0,2.774246,0,0.000000,85,0,0,0
85,2550.0,G16,9,26,57.4896,83,1,1,0,2.098037,0,0.000000,85,0,0,0
85,2550.0,G26,10,85,54.1013,85,0,1,0,3.103084,0,0.000000,85,0,0,0
85,2550.0,G27,11,85,57.0578,85,0,1,0,2.593442,0,0.000000,85,0,0,0
85,2550.0,G07,13,49,188.0713,2,0,1,0,4.187285,0,0.000000,85,0,0,0
85,2550.0,G09,14,25,254.1595,4,0,1,0,4.103411,0,0.000000,85,0,0,0
86,2580.0,G01,5,86,66.2197,86,0,1,0,3.725786,0,0.000000,86,0,0,0
86,2580.0,G03,6,27,56.5539,84,1,1,0,2.035554,0,0.000000,86,0,0,0
86,2580.0,G04,7,86,47.0704,86,0,1,0,2.368789,0,0.000000,86,0,0,0
86,2580.0,G08,8,11,297.3575,47,0,1,0,2.765686,0,0.000000,86,0,0,0
86,2580.0,G16,9,27,55.1864,84,1,1,0,2.099664,0,0.000000,86,0,0,0
86,2580.0,G26,10,86,53.6919,86,0,1,0,3.120969,0,0.000000,86,0,0,0
86,2580.0,G27,11,86,56.4626,86,0,1,0,2.589245,0,0.000000,86,0,0,0
86,2580.0,G07,13,50,158.1378,3,0,1,0,4.174564,0,0.000000,86,0,0,0
87,2610.0,G01,5,87,65.6837,87,0,1,0,3.740133,0,0.000000,87,0,0,0
87,2610.0,G03,6,28,55.1306,85,1,1,0,2.035722,0,0.000000,87,0,0,0
87,2610.0,G04,7,87,46.5018,87,0,1,0,2.364922,0,0.000000,87,0,0,0
87,2610.0,G08,8,12,262.6365,48,0,1,0,2.757224,0,0.000000,87,0,0,0
87,2610.0,G16,9,28,53.1554,85,1,1,0,2.101317,0,0.000000,87,0,0,0
87,2610.0,G26,10,87,53.2914,87,0,1,0,3.139208,0,0.000000,87,0,0,0
87,2610.0,G27,11,87,55.8819,87,0,1,0,2.585095,0,0.000000,87,0,0,0
87,2610.0,G07,13,51,140.5589,4,0,1,0,4.161998,0,0.000000,87,0,0,0
87,2610.0,G09,14,1,9657.7637,5,0,1,0,4.040528,0,0.000000,87,0,0,0
88,2640.0,G01,5,88,65.1576,88,0,1,0,3.754596,0,0.000000,88,0,0,0
88,2640.0,G03,6,29,53.4387,86,1,1,0,2.035903,0,0.000000,88,0,0,0
88,2640.0,G04,7,88,45.9462,88,0,1,0,2.361089,0,0.000000,88,0,0,0
88,2640.0,G08,8,13,234.3740,49,0,1,0,2.748858,0,0.000000,88,0,0,0
88,2640.0,G16,9,29,51.2870,86,1,1,0,2.102994,0,0.000000,88,0,0,0
88,2640.0,G26,10,88,52.8983,88,0,1,0,3.157809,0,0.000000,88,0,0,0
88,2640.0,G27,11,88,55.3143,88,0,1,0,2.580991,0,0.000000,88,0,0,0
88,2640.0,G07,13,52,128.6715,5,0,1,0,4.149585,0,0.000000,88,0,0,0
88,2640.0,G09,14,2,4755.0904,6,0,1,0,4.009934,0,0.000000,88,0,0,0
89,2670.0,G01,5,89,64.6422,89,0,1,0,3.769176,0,0.000000,89,0,0,0
89,2670.0,G03,6,30,51.9174,87,1,1,0,2.036099,0,0.000000,89,0,0,0
89,2670.0,G04,7,89,45.4032,89,0,1,0,2.357288,0,0.000000,89,0,0,0
89,2670.0,G08,8,14,211.0359,50,0,1,0,2.740586,0,0.000000,89,0,0,0
89,2670.0,G16,9,30,49.5952,87,1,1,0,2.104697,0,0.000000,89,0,0,0
89,2670.0,G26,10,89,52.5129,89,0,1,0,3.176783,0,0.000000,89,0,0,0
89,2670.0,G27,11,89,54.7597,89,0,1,0,2.576935,0,0.000000,89,0,0,0
89,2670.0,G07,13,53,119.9495,6,0,1,0,4.137321,0,0.000000,89,0,0,0
90,2700.0,G01,5,90,64.2037,90,0,1,0,3.783874,0,0.000000,90,0,0,0
90,2700.0,G03,6,31,51.3883,88,1,1,0,2.036308,0,0.000000,90,0,0,0
90,2700.0,G08,8,15,193.8038,51,0,1,0,2.732408,0,0.000000,90,0,0,0
90,2700.0,G16,9,31,49.1361,88,1,1,0,2.106425,0,0.000000,90,0,0,0
90,2700.0,G26,10,90,52.1630,90,0,1,0,3.196138,0,0.000000,90,0,0,0
90,2700.0,G27,11,90,54.3316,90,0,1,0,2.572924,0,0.000000,90,0,0,0
90,2700.0,G07,13,54,114.7284,7,0,1,0,4.125204,0,0.000000,90,0,0,0
90,2700.0,G09,14,1,9449.9153,7,0,1,0,3.950374,0,0.000000,90,0,0,0
91,2730.0,G01,5,91,63.7638,91,0,1,0,3.798689,0,0.000000,91,0,0,0
91,2730.0,G03,6,32,50.7990,89,1,1,0,2.036531,0,0.000000,91,0,0,0
91,2730.0,G08,8,16,176.9482,52,0,1,0,2.724323,0,0.000000,91,0,0,0
91,2730.0,G16,9,32,48.4921,89,1,1,0,2.108180,0,0.000000,91,0,0,0
91,2730.0,G26,10,91,51.8231,91,0,1,0,3.215885,0,0.000000,91,0,0,0
91,2730.0,G27,11,91,53.8638,91,0,1,0,2.568960,0,0.000000,91,0,0,0
91,2730.0,G07,13,55,109.4779,8,0,1,0,4.113230,0,0.000000,91,0,0,0
91,2730.0,G09,14,2,4630.8978,8,0,1,0,3.921384,0,0.000000,91,0,0,0
92,2760.0,G01,5,92,63.2895,92,0,1,0,3.813623,0,0.000000,92,0,0,0
92,2760.0,G03,6,33,49.5458,90,1,1,0,2.036767,0,0.000000,92,0,0,0
92,2760.0,G04,7,1,4623.0620,90,1,1,0,2.346080,0,0.000000,92,0,0,0
92,2760.0,G08,8,17,162.4456,53,0,1,0,2.716329,0,0.000000,92,0,0,0
92,2760.0,G16,9,33,47.0498,90,1,1,0,2.109961,0,0.000000,92,0,0,0
92,2760.0,G26,10,92,51.4786,92,0,1,0,3.236034,0,0.000000,92,0,0,0
92,2760.0,G27,11,92,53.3397,92,0,1,0,2.565041,0,0.000000,92,0,0,0
92,2760.0,G07,13,56,104.5901,9,0,1,0,4.101398,0,0.000000,92,0,0,0
92,2760.0,G09,14,3,2797.4046,9,0,1,0,3.892904,0,0.000000,92,0,0,0
93,2790.0,G01,5,93,62.8481,93,0,1,0,3.828675,0,0.000000,93,0,0,0
93,2790.0,G03,6,34,48.6289,91,1,1,0,2.037018,0,0.000000,93,0,0,0
93,2790.0,G04,7,2,2107.9493,91,1,1,0,2.342409,0,0.000000,93,0,0,0
93,2790.0,G08,8,18,150.0728,54,0,1,0,2.708426,0,0.000000,93,0,0,0
93,2790.0,G16,9,34,46.1752,91,1,1,0,2.111768,0,0.000000,93,0,0,0
93,2790.0,G26,10,93,51.1448,93,0,1,0,3.256595,0,0.000000,93,0,0,0
93,2790.0,G27,11,93,52.8834,93,0,1,0,2.561167,0,0.000000,93,0,0,0
93,2790.0,G07,13,57,100.5126,10,0,1,0,4.089705,0,0.000000,93,0,0,0
93,2790.0,G09,14,4,1908.4639,10,0,1,0,3.864923,0,0.000000,93,0,0,0
94,2820.0,G01,5,94,62.4294,94,0,1,0,3.843845,0,0.000000,94,0,0,0
94,2820.0,G03,6,35,48.0090,92,1,1,0,2.037282,0,0.000000,94,0,0,0
94,2820.0,G04,7,3,1261.6625,92,1,1,0,2.338768,0,0.000000,94,0,0,0
94,2820.0,G08,8,19,139.7089,55,0,1,0,2.700613,0,0.000000,94,0,0,0
94,2820.0,G16,9,35,45.5961,92,1,1,0,2.113603,0,0.000000,94,0,0,0
94,2820.0,G26,10,94,50.8220,94,0,1,0,3.277579,0,0.000000,94,0,0,0
94,2820.0,G27,11,94,52.4678,94,0,1,0,2.557337,0,0.000000,94,0,0,0
94,2820.0,G07,13,58,97.0280,11,0,1,0,4.078148,0,0.000000,94,0,0,0
94,2820.0,G09,14,5,1403.5253,11,0,1,0,3.837430,0,0.000000,94,0,0,0
95,2850.0,G01,5,95,61.9838,95,0,1,0,3.859135,0,0.000000,95,0,0,0
95,2850.0,G03,6,36,47.3600,93,1,1,0,2.037561,0,0.000000,95,0,0,0
95,2850.0,G04,7,4,861.1972,93,1,1,0,2.335160,0,0.000000,95,0,0,0
95,2850.0,G08,8,20,130.3507,56,0,1,0,2.692888,0,0.000000,95,0,0,0
95,2850.0,G16,9,36,44.7505,93,1,1,0,2.115465,0,0.000000,95,0,0,0
95,2850.0,G26,10,95,50.5043,95,0,1,0,3.298999,0,0.000000,95,0,0,0
95,2850.0,G27,11,95,51.9712,95,0,1,0,2.553553,0,0.000000,95,0,0,0
95,2850.0,G07,13,59,94.0278,12,0,1,0,4.066725,0,0.000000,95,0,0,0
95,2850.0,G09,14,6,1085.5659,12,0,1,0,3.810413,0,0.000000,95,0,0,0
96,2880.0,G01,5,96,61.5403,96,0,1,0,3.874545,0,0.000000,96,0,0,0
96,2880.0,G03,6,37,46.3760,94,1,1,0,2.037853,0,0.000000,96,0,0,0
96,2880.0,G04,7,5,635.2701,94,1,1,0,2.331582,0,0.000000,96,0,0,0
96,2880.0,G08,8,21,122.1096,57,0,1,0,2.685250,0,0.000000,96,0,0,0
96,2880.0,G16,9,37,43.5825,94,1,1,0,2.117354,0,0.000000,96,0,0,0
96,2880.0,G26,10,96,50.1837,96,0,1,0,3.320865,0,0.000000,96,0,0,0
96,2880.0,G27,11,96,51.4841,96,0,1,0,2.549812,0,0.000000,96,0,0,0
96,2880.0,G07,13,60,91.3398,13,0,1,0,4.055433,0,0.000000,96,0,0,0
96,2880.0,G09,14,7,870.5549,13,0,1,0,3.783863,0,0.000000,96,0,0,0
97,2910.0,G01,5,97,61.1342,97,0,1,0,3.890074,0,0.000000,97,0,0,0
97,2910.0,G03,6,38,45.8447,95,1,1,0,2.038159,0,0.000000,97,0,0,0
97,2910.0,G04,7,6,493.5411,95,1,1,0,2.328035,0,0.000000,97,0,0,0
97,2910.0,G08,8,22,115.2600,58,0,1,0,2.677699,0,0.000000,97,0,0,0
97,2910.0,G16,9,38,42.9508,95,1,1,0,2.119271,0,0.000000,97,0,0,0
97,2910.0,G27,11,97,51.0206,97,0,1,0,2.546116,0,0.000000,97,0,0,0
97,2910.0,G07,13,61,89.1817,14,0,1,0,4.044270,0,0.000000,97,0,0,0
97,2910.0,G09,14,8,717.5187,14,0,1,0,3.757769,0,0.000000,97,0,0,0
98,2940.0,G01,5,98,60.7460,98,0,1,0,3.905723,0,0.000000,98,0,0,0
98,2940.0,G03,6,39,45.0463,96,1,1,0,2.038479,0,0.000000,98,0,0,0
98,2940.0,G04,7,7,397.7354,96,1,1,0,2.324519,0,0.000000,98,0,0,0
98,2940.0,G08,8,23,108.8190,59,0,1,0,2.670233,0,0.000000,98,0,0,0
98,2940.0,G16,9,39,42.1821,96,1,1,0,2.121217,0,0.000000,98,0,0,0
98,2940.0,G26,10,1,7974.0665,97,0,1,0,3.365985,0,0.000000,98,0,0,0
98,2940.0,G27,11,98,50.6005,98,0,1,0,2.542462,0,0.000000,98,0,0,0
98,2940.0,G07,13,62,87.2710,15,0,1,0,4.033234,0,0.000000,98,0,0,0
98,2940.0,G09,14,9,604.1099,15,0,1,0,3.732121,0,0.000000,98,0,0,0
99,2970.0,G01,5,99,60.3452,99,0,1,0,3.921493,0,0.000000,99,0,0,0
99,2970.0,G03,6,40,44.2509,97,1,1,0,2.038813,0,0.000000,99,0,0,0
99,2970.0,G04,7,8,329.4127,97,1,1,0,2.321034,0,0.000000,99,0,0,0
99,2970.0,G08,8,24,103.0754,60,0,1,0,2.662852,0,0.000000,99,0,0,0
99,2970.0,G16,9,40,41.2183,97,1,1,0,2.123191,0,0.000000,99,0,0,0
99,2970.0,G26,10,2,3845.2925,98,0,1,0,3.389264,0,0.000000,99,0,0,0
99,2970.0,G27,11,99,50.1429,99,0,1,0,2.538853,0,0.000000,99,0,0,0
99,2970.0,G07,13,63,85.5544,16,0,1,0,4.022322,0,0.000000,99,0,0,0
99,2970.0,G09,14,10,517.3823,16,0,1,0,3.706910,0,0.000000,99,0,0,0
100,3000.0,G01,5,100,59.9528,100,0,1,0,3.937382,0,0.000000,100,0,0,0
100,3000.0,G03,6,41,43.5263,98,1,1,0,2.039161,0,0.000000,100,0,0,0
100,3000.0,G04,7,9,278.7834,98,1,1,0,2.317579,0,0.000000,100,0,0,0
100,3000.0,G08,8,25,97.9503,61,0,1,0,2.655554,0,0.000000,100,0,0,0
100,3000.0,G16,9,41,40.3501,98,1,1,0,2.125194,0,0.000000,100,0,0,0
100,3000.0,G26,10,3,2343.1658,99,0,1,0,3.413042,0,0.000000,100,0,0,0
100,3000.0,G27,11,100,49.7060,100,0,1,0,2.535286,0,0.000000,100,0,0,0
100,3000.0,G07,13,64,84.0119,17,0,1,0,4.011532,0,0.000000,100,0,0,0
100,3000.0,G09,14,11,449.4138,17,0,1,0,3.682125,0,0.000000,100,0,0,0
101,3030.0,G01,5,101,59.5675,101,0,1,0,3.953393,0,0.000000,101,0,0,0
101,3030.0,G03,6,42,42.8503,99,1,1,0,2.039523,0,0.000000,101,0,0,0
101,3030.0,G04,7,10,240.0589,99,1,1,0,2.314153,0,0.000000,101,0,0,0
101,3030.0,G08,8,26,93.3531,62,0,1,0,2.648339,0,0.000000,101,0,0,0
101,3030.0,G16,9,42,39.5378,99,1,1,0,2.127227,0,0.000000,101,0,0,0
101,3030.0,G26,10,4,1618.8158,100,0,1,0,3.437331,0,0.000000,101,0,0,0
101,3030.0,G27,11,101,49.2679,101,0,1,0,2.531761,0,0.000000,101,0,0,0
101,3030.0,G07,13,65,82.5998,18,0,1,0,4.000862,0,0.000000,101,0,0,0
101,3030.0,G09,14,12,395.0194,18,0,1,0,3.657758,0,0.000000,101,0,0,0
102,3060.0,G01,5,102,59.2690,102,0,1,0,3.969524,0,0.000000,102,0,0,0
102,3060.0,G03,6,43,42.2313,100,1,1,0,2.039899,0,0.000000,102,0,0,0
102,3060.0,G04,7,11,209.6991,100,1,1,0,2.310758,0,0.000000,102,0,0,0
102,3060.0,G08,8,27,89.2400,63,0,1,0,2.641206,0,0.000000,102,0,0,0
102,3060.0,G16,9,43,38.7909,100,1,1,0,2.129289,0,0.000000,102,0,0,0
102,3060.0,G26,10,5,1206.7291,101,0,1,0,3.462146,0,0.000000,102,0,0,0
102,3060.0,G27,11,102,48.8489,102,0,1,0,2.528279,0,0.000000,102,0,0,0
102,3060.0,G09,14,13,350.7556,19,0,1,0,3.633800,0,0.000000,102,0,0,0
103,3090.0,G01,5,103,58.8962,103,0,1,0,3.985776,0,0.000000,103,0,0,0
103,3090.0,G03,6,44,41.6528,101,1,1,0,2.040290,0,0.000000,103,0,0,0
103,3090.0,G04,7,12,185.3981,101,1,1,0,2.307392,0,0.000000,103,0,0,0
103,3090.0,G08,8,28,85.4983,64,0,1,0,2.634153,0,0.000000,103,0,0,0
103,3090.0,G16,9,44,38.1072,101,1,1,0,2.131381,0,0.000000,103,0,0,0
103,3090.0,G26,10,6,946.3957,102,0,1,0,3.487501,0,0.000000,103,0,0,0
103,3090.0,G27,11,103,48.4376,103,0,1,0,2.524839,0,0.000000,103,0,0,0
103,3090.0,G07,13,1,9518.4203,19,0,1,0,3.979874,0,0.000000,103,0,0,0
103,3090.0,G09,14,14,314.1971,20,0,1,0,3.610241,0,0.000000,103,0,0,0
104,3120.0,G01,5,104,58.5298,104,0,1,0,4.002149,0,0.000000,104,0,0,0
104,3120.0,G03,6,45,41.1112,102,1,1,0,2.040694,0,0.000000,104,0,0,0
104,3120.0,G04,7,13,165.6021,102,1,1,0,2.304055,0,0.000000,104,0,0,0
104,3120.0,G08,8,29,82.1016,65,0,1,0,2.627180,0,0.000000,104,0,0,0
104,3120.0,G16,9,45,37.4699,102,1,1,0,2.133503,0,0.000000,104,0,0,0
104,3120.0,G26,10,7,769.6673,103,0,1,0,3.513414,0,0.000000,104,0,0,0
104,3120.0,G27,11,104,48.0343,104,0,1,0,2.521440,0,0.000000,104,0,0,0
104,3120.0,G07,13,2,4693.1526,20,0,1,0,3.969551,0,0.000000,104,0,0,0
104,3120.0,G09,14,15,283.6167,21,0,1,0,3.587075,0,0.000000,104,0,0,0
105,3150.0,G01,5,105,58.1695,105,0,1,0,4.018644,0,0.000000,105,0,0,0
105,3150.0,G03,6,46,40.6024,103,1,1,0,2.041113,0,0.000000,105,0,0,0
105,3150.0,G04,7,14,149.2380,103,1,1,0,2.300747,0,0.000000,105,0,0,0
105,3150.0,G08,8,30,79.0071,66,0,1,0,2.620286,0,0.000000,105,0,0,0
105,3150.0,G16,9,46,36.8740,103,1,1,0,2.135657,0,0.000000,105,0,0,0
105,3150.0,G26,10,8,643.2506,104,0,1,0,3.539899,0,0.000000,105,0,0,0
105,3150.0,G27,11,105,47.6387,105,0,1,0,2.518083,0,0.000000,105,0,0,0
105,3150.0,G07,13,3,2849.3158,21,0,1,0,3.959340,0,0.000000,105,0,0,0
105,3150.0,G09,14,16,257.7567,22,0,1,0,3.564292,0,0.000000,105,0,0,0
106,3180.0,G01,5,106,57.8147,106,0,1,0,4.035260,0,0.000000,106,0,0,0
106,3180.0,G03,6,47,40.1155,104,1,1,0,2.041546,0,0.000000,106,0,0,0
106,3180.0,G04,7,15,135.5301,104,1,1,0,2.297468,0,0.000000,106,0,0,0
106,3180.0,G08,8,31,76.1771,67,0,1,0,2.613469,0,0.000000,106,0,0,0
106,3180.0,G16,9,47,36.3030,104,1,1,0,2.137841,0,0.000000,106,0,0,0
106,3180.0,G26,10,9,549.1436,105,0,1,0,3.566973,0,0.000000,106,0,0,0
106,3180.0,G27,11,106,47.2412,106,0,1,0,2.514767,0,0.000000,106,0,0,0
106,3180.0,G07,13,4,1953.0275,22,0,1,0,3.949239,0,0.000000,106,0,0,0
106,3180.0,G09,14,17,235.6649,23,0,1,0,3.541885,0,0.000000,106,0,0,0
107,3210.0,G01,5,107,57.4655,107,0,1,0,4.051997,0,0.000000,107,0,0,0
107,3210.0,G03,6,48,39.6548,105,1,1,0,2.041994,0,0.000000,107,0,0,0
107,3210.0,G04,7,16,123.9275,105,1,1,0,2.294218,0,0.000000,107,0,0,0
107,3210.0,G08,8,32,73.5818,68,0,1,0,2.606730,0,0.000000,107,0,0,0
107,3210.0,G16,9,48,35.7657,105,1,1,0,2.140057,0,0.000000,107,0,0,0
107,3210.0,G26,10,10,476.8744,106,0,1,0,3.594654,0,0.000000,107,0,0,0
107,3210.0,G27,11,107,46.8510,107,0,1,0,2.511492,0,0.000000,107,0,0,0
107,3210.0,G07,13,5,1442.8423,23,0,1,0,3.939246,0,0.000000,107,0,0,0
107,3210.0,G09,14,18,216.6421,24,0,1,0,3.519845,0,0.000000,107,0,0,0
108,3240.0,G01,5,108,57.1216,108,0,1,0,4.068856,0,0.000000,108,0,0,0
108,3240.0,G03,6,49,39.2250,106,1,1,0,2.042456,0,0.000000,108,0,0,0
108,3240.0,G04,7,17,114.0217,106,1,1,0,2.290997,0,0.000000,108,0,0,0
108,3240.0,G08,8,33,71.1958,69,0,1,0,2.600067,0,0.000000,108,0,0,0
108,3240.0,G16,9,49,35.2701,106,1,1,0,2.142305,0,0.000000,108,0,0,0
108,3240.0,G26,10,11,419.9785,107,0,1,0,3.622960,0,0.000000,108,0,0,0
108,3240.0,G27,11,108,46.4766,108,0,1,0,2.508257,0,0.000000,108,0,0,0
108,3240.0,G07,13,6,1121.0281,24,0,1,0,3.929358,0,0.000000,108,0,0,0
108,3240.0,G09,14,19,200.1535,25,0,1,0,3.498165,0,0.000000,108,0,0,0
109,3270.0,G01,5,109,56.7827,109,0,1,0,4.085836,0,0.000000,109,0,0,0
109,3270.0,G03,6,50,38.8166,107,1,1,0,2.042932,0,0.000000,109,0,0,0
109,3270.0,G04,7,18,105.4856,107,1,1,0,2.287803,0,0.000000,109,0,0,0
109,3270.0,G08,8,34,68.9946,70,0,1,0,2.593479,0,0.000000,109,0,0,0
109,3270.0,G16,9,50,34.8017,107,1,1,0,2.144585,0,0.000000,109,0,0,0
109,3270.0,G26,10,12,374.2431,108,0,1,0,3.651908,0,0.000000,109,0,0,0
109,3270.0,G27,11,109,46.1087,109,0,1,0,2.505063,0,0.000000,109,0,0,0
109,3270.0,G07,13,7,903.0585,25,0,1,0,3.919574,0,0.000000,109,0,0,0
109,3270.0,G09,14,20,185.7547,26,0,1,0,3.476838,0,0.000000,109,0,0,0
110,3300.0,G01,5,110,56.4486,110,0,1,0,4.102938,0,0.000000,110,0,0,0
110,3300.0,G03,6,51,38.4277,108,1,1,0,2.043423,0,0.000000,110,0,0,0
110,3300.0,G04,7,19,98.0737,108,1,1,0,2.284638,0,0.000000,110,0,0,0
110,3300.0,G08,8,35,66.9583,71,0,1,0,2.586966,0,0.000000,110,0,0,0
110,3300.0,G16,9,51,34.3580,108,1,1,0,2.146898,0,0.000000,110,0,0,0
110,3300.0,G26,10,13,336.8390,109,0,1,0,3.681520,0,0.000000,110,0,0,0
110,3300.0,G27,11,110,45.7472,110,0,1,0,2.501908,0,0.000000,110,0,0,0
110,3300.0,G07,13,8,747.5398,26,0,1,0,3.909893,0,0.000000,110,0,0,0
110,3300.0,G09,14,21,173.1044,27,0,1,0,3.455857,0,0.000000,110,0,0,0
111,3330.0,G03,6,52,38.0492,109,1,1,0,2.043928,0,0.000000,111,0,0,0
111,3330.0,G04,7,20,91.5898,109,1,1,0,2.281500,0,0.000000,111,0,0,0
111,3330.0,G08,8,36,65.1193,72,0,1,0,2.580527,0,0.000000,111,0,0,0
111,3330.0,G16,9,52,33.9271,109,1,1,0,2.149245,0,0.000000,111,0,0,0
111,3330.0,G26,10,14,305.8202,110,0,1,0,3.711815,0,0.000000,111,0,0,0
111,3330.0,G27,11,111,45.4008,111,0,1,0,2.498794,0,0.000000,111,0,0,0
111,3330.0,G07,13,9,632.1311,27,0,1,0,3.900312,0,0.000000,111,0,0,0
111,3330.0,G09,14,22,161.9516,28,0,1,0,3.435214,0,0.000000,111,0,0,0
112,3360.0,G01,5,1,9876.0374,111,0,1,0,4.137505,0,0.000000,112,0,0,0
112,3360.0,G03,6,53,37.6868,110,1,1,0,2.044448,0,0.000000,112,0,0,0
112,3360.0,G04,7,21,85.8845,110,1,1,0,2.278390,0,0.000000,112,0,0,0
112,3360.0,G08,8,37,63.4131,73,0,1,0,2.574160,0,0.000000,112,0,0,0
112,3360.0,G16,9,53,33.5170,110,1,1,0,2.151625,0,0.000000,112,0,0,0
112,3360.0,G26,10,15,279.7573,111,0,1,0,3.742813,0,0.000000,112,0,0,0
112,3360.0,G27,11,112,45.0610,112,0,1,0,2.495718,0,0.000000,112,0,0,0
112,3360.0,G07,13,10,543.7609,28,0,1,0,3.890830,0,0.000000,112,0,0,0
112,3360.0,G09,14,23,152.0515,29,0,1,0,3.414903,0,0.000000,112,0,0,0
113,3390.0,G03,6,54,37.3448,111,1,1,0,2.044983,0,0.000000,113,0,0,0
113,3390.0,G04,7,22,80.8361,111,1,1,0,2.275307,0,0.000000,113,0,0,0
113,3390.0,G08,8,38,61.8495,74,0,1,0,2.567865,0,0.000000,113,0,0,0
113,3390.0,G16,9,54,33.1284,111,1,1,0,2.154039,0,0.000000,113,0,0,0
113,3390.0,G26,10,16,257.6201,112,0,1,0,3.774538,0,0.000000,113,0,0,0
113,3390.0,G27,11,113,44.7348,113,0,1,0,2.492682,0,0.000000,113,0,0,0
113,3390.0,G07,13,11,474.3873,29,0,1,0,3.881444,0,0.000000,113,0,0,0
113,3390.0,G09,14,24,143.2311,30,0,1,0,3.394916,0,0.000000,113,0,0,0
114,3420.0,G03,6,55,37.0162,112,1,1,0,2.045532,0,0.000000,114,0,0,0
114,3420.0,G04,7,23,76.3456,112,1,1,0,2.272252,0,0.000000,114,0,0,0
114,3420.0,G08,8,39,60.3921,75,0,1,0,2.561641,0,0.000000,114,0,0,0
114,3420.0,G16,9,55,32.7575,112,1,1,0,2.156487,0,0.000000,114,0,0,0
114,3420.0,G26,10,17,238.6367,113,0,1,0,3.807010,0,0.000000,114,0,0,0
114,3420.0,G27,11,114,44.4141,114,0,1,0,2.489685,0,0.000000,114,0,0,0
114,3420.0,G07,13,12,418.7872,30,0,1,0,3.872154,0,0.000000,114,0,0,0
114,3420.0,G09,14,25,135.3319,31,0,1,0,3.375249,0,0.000000,114,0,0,0
115,3450.0,G03,6,56,36.7000,113,1,1,0,2.046096,0,0.000000,115,0,0,0
115,3450.0,G04,7,24,72.3325,113,1,1,0,2.269223,0,0.000000,115,0,0,0
115,3450.0,G08,8,40,59.0300,76,0,1,0,2.555488,0,0.000000,115,0,0,0
115,3450.0,G16,9,56,32.4028,113,1,1,0,2.158971,0,0.000000,115,0,0,0
115,3450.0,G26,10,18,222.2204,114,0,1,0,3.840255,0,0.000000,115,0,0,0
115,3450.0,G27,11,115,44.0989,115,0,1,0,2.486727,0,0.000000,115,0,0,0
115,3450.0,G07,13,13,373.4517,31,0,1,0,3.862957,0,0.000000,115,0,0,0
115,3450.0,G09,14,26,128.2294,32,0,1,0,3.355893,0,0.000000,115,0,0,0
116,3480.0,G03,6,57,36.3952,114,1,1,0,2.046675,0,0.000000,116,0,0,0
116,3480.0,G04,7,25,68.7301,114,1,1,0,2.266222,0,0.000000,116,0,0,0
116,3480.0,G08,8,41,57.7537,77,0,1,0,2.549404,0,0.000000,116,0,0,0
116,3480.0,G16,9,57,32.0631,114,1,1,0,2.161490,0,0.000000,116,0,0,0
116,3480.0,G26,10,19,207.9179,115,0,1,0,3.874297,0,0.000000,116,0,0,0
116,3480.0,G27,11,116,43.7887,116,0,1,0,2.483806,0,0.000000,116,0,0,0
116,3480.0,G07,13,14,335.9421,32,0,1,0,3.853853,0,0.000000,116,0,0,0
116,3480.0,G09,14,27,121.8192,33,0,1,0,3.336844,0,0.000000,116,0,0,0
117,3510.0,G03,6,58,36.1527,115,1,1,0,2.047269,0,0.000000,117,0,0,0
117,3510.0,G04,7,26,67.3273,115,1,1,0,2.263247,0,0.000000,117,0,0,0
117,3510.0,G08,8,42,57.1436,78,0,1,0,2.543389,0,0.000000,117,0,0,0
117,3510.0,G16,9,58,31.8671,115,1,1,0,2.164045,0,0.000000,117,0,0,0
117,3510.0,G26,10,20,195.4500,116,0,1,0,3.909161,0,0.000000,117,0,0,0
117,3510.0,G27,11,117,43.5382,117,0,1,0,2.480924,0,0.000000,117,0,0,0
117,3510.0,G07,13,15,304.6032,33,0,1,0,3.844838,0,0.000000,117,0,0,0
117,3510.0,G09,14,28,116.4054,34,0,1,0,3.318095,0,0.000000,117,0,0,0
118,3540.0,G03,6,59,35.8631,116,1,1,0,2.047878,0,0.000000,118,0,0,0
118,3540.0,G04,7,27,64.0723,116,1,1,0,2.260298,0,0.000000,118,0,0,0
118,3540.0,G08,8,43,55.9378,79,0,1,0,2.537442,0,0.000000,118,0,0,0
118,3540.0,G16,9,59,31.5428,116,1,1,0,2.166636,0,0.000000,118,0,0,0
118,3540.0,G26,10,21,184.3632,117,0,1,0,3.944874,0,0.000000,118,0,0,0
118,3540.0,G27,11,118,43.2333,118,0,1,0,2.478080,0,0.000000,118,0,0,0
118,3540.0,G07,13,16,277.9570,34,0,1,0,3.835913,0,0.000000,118,0,0,0
118,3540.0,G09,14,29,111.0575,35,0,1,0,3.299640,0,0.000000,118,0,0,0
119,3570.0,G03,6,60,35.5852,117,1,1,0,2.048501,0,0.000000,119,0,0,0
119,3570.0,G04,7,28,61.1505,117,1,1,0,2.257375,0,0.000000,119,0,0,0
119,3570.0,G08,8,44,54.8083,80,0,1,0,2.531563,0,0.000000,119,0,0,0
119,3570.0,G16,9,60,31.2327,117,1,1,0,2.169264,0,0.000000,119,0,0,0
119,3570.0,G26,10,22,174.5345,118,0,1,0,3.981464,0,0.000000,119,0,0,0
119,3570.0,G27,11,119,42.9339,119,0,1,0,2.475274,0,0.000000,119,0,0,0
119,3570.0,G07,13,17,255.1838,35,0,1,0,3.827075,0,0.000000,119,0,0,0
119,3570.0,G09,14,30,106.1954,36,0,1,0,3.281473,0,0.000000,119,0,0,0
120,3600.0,G03,6,61,35.3143,118,1,1,0,2.049140,0,0.000000,120,0,0,0
120,3600.0,G04,7,29,58.5203,118,1,1,0,2.254479,0,0.000000,120,0,0,0
120,3600.0,G08,8,45,53.7436,81,0,1,0,2.525749,0,0.000000,120,0,0,0
120,3600.0,G16,9,61,30.9391,118,1,1,0,2.171930,0,0.000000,120,0,0,0
120,3600.0,G26,10,23,165.7754,119,0,1,0,4.018960,0,0.000000,120,0,0,0
120,3600.0,G27,11,120,42.6426,120,0,1,0,2.472505,0,0.000000,120,0,0,0
120,3600.0,G07,13,18,235.5516,36,0,1,0,3.818322,0,0.000000,120,0,0,0
120,3600.0,G09,14,31,101.7583,37,0,1,0,3.263589,0,0.000000,120,0,0,0
121,3630.0,G04,7,30,58.0365,119,1,1,0,2.251608,0,0.000000,121,0,0,0
121,3630.0,G08,8,46,53.3927,82,0,1,0,2.520002,0,0.000000,121,0,0,0
121,3630.0,G26,10,24,161.2477,120,0,1,0,4.057393,0,0.000000,121,0,0,0
121,3630.0,G07,13,19,221.6656,37,0,1,0,3.809654,0,0.000000,121,0,0,0
121,3630.0,G09,14,32,100.1401,38,0,1,0,3.245983,0,0.000000,121,0,0,0
122,3660.0,G04,7,31,57.2431,120,1,1,0,2.248763,0,0.000000,122,0,0,0
122,3660.0,G08,8,47,52.9421,83,0,1,0,2.514319,0,0.000000,122,0,0,0
122,3660.0,G26,10,25,153.9366,121,0,1,0,4.096793,0,0.000000,122,0,0,0
122,3660.0,G07,13,20,206.5539,38,0,1,0,3.801069,0,0.000000,122,0,0,0
122,3660.0,G09,14,33,97.9680,39,0,1,0,3.228649,0,0.000000,122,0,0,0
123,3690.0,G03,6,1,3253.4509,119,2,1,0,2.051149,0,0.000000,123,0,0,0
123,3690.0,G04,7,32,55.1794,121,1,1,0,2.245943,0,0.000000,123,0,0,0
123,3690.0,G08,8,48,52.0935,84,0,1,0,2.508701,0,0.000000,123,0,0,0
123,3690.0,G16,9,1,3898.2140,119,2,1,0,2.180157,0,0.000000,123,0,0,0
123,3690.0,G26,10,26,147.3007,122,0,1,0,4.137194,0,0.000000,123,0,0,0
123,3690.0,G27,11,1,5092.5115,121,1,1,0,2.464420,0,0.000000,123,0,0,0
123,3690.0,G07,13,21,193.0580,39,0,1,0,3.792565,0,0.000000,123,0,0,0
123,3690.0,G09,14,34,94.2022,40,0,1,0,3.211582,0,0.000000,123,0,0,0
124,3720.0,G03,6,2,1473.0716,120,2,1,0,2.051849,0,0.000000,124,0,0,0
124,3720.0,G04,7,33,53.3888,122,1,1,0,2.243148,0,0.000000,124,0,0,0
124,3720.0,G08,8,49,51.3319,85,0,1,0,2.503146,0,0.000000,124,0,0,0
124,3720.0,G16,9,2,1776.1481,120,2,1,0,2.182977,0,0.000000,124,0,0,0
124,3720.0,G26,10,27,141.3318,123,0,1,0,4.178631,0,0.000000,124,0,0,0
124,3720.0,G27,11,2,2335.7151,122,1,1,0,2.461798,0,0.000000,124,0,0,0
124,3720.0,G07,13,22,181.1926,40,0,1,0,3.784141,0,0.000000,124,0,0,0
124,3720.0,G09,14,35,90.7976,41,0,1,0,3.194777,0,0.000000,124,0,0,0
125,3750.0,G03,6,3,883.8458,121,2,1,0,2.052565,0,0.000000,125,0,0,0
125,3750.0,G04,7,34,51.7757,123,1,1,0,2.240379,0,0.000000,125,0,0,0
125,3750.0,G08,8,50,50.6187,86,0,1,0,2.497654,0,0.000000,125,0,0,0
125,3750.0,G16,9,3,1067.8841,121,2,1,0,2.185838,0,0.000000,125,0,0,0
125,3750.0,G26,10,28,141.0801,123,0,1,0,4.178631,0,0.000000,124,1,0,0
125,3750.0,G27,11,3,1400.5745,123,1,1,0,2.459213,0,0.000000,125,0,0,0
125,3750.0,G07,13,23,170.7051,41,0,1,0,3.775795,0,0.000000,125,0,0,0
125,3750.0,G09,14,36,87.7054,42,0,1,0,3.178229,0,0.000000,125,0,0,0
126,3780.0,G03,6,4,605.8581,122,2,1,0,2.053297,0,0.000000,126,0,0,0
126,3780.0,G04,7,35,50.3153,124,1,1,0,2.237634,0,0.000000,126,0,0,0
126,3780.0,G08,8,51,49.9448,87,0,1,0,2.492225,0,0.000000,126,0,0,0
126,3780.0,G16,9,4,732.8883,122,2,1,0,2.188739,0,0.000000,126,0,0,0
126,3780.0,G26,10,29,140.9153,123,0,1,0,4.178631,0,0.000000,124,2,0,0
126,3780.0,G27,11,4,957.3778,124,1,1,0,2.456664,0,0.000000,126,0,0,0
126,3780.0,G07,13,24,161.3905,42,0,1,0,3.767527,0,0.000000,126,0,0,0
126,3780.0,G09,14,37,84.9018,43,0,1,0,3.161933,0,0.000000,126,0,0,0
127,3810.0,G03,6,5,449.1851,123,2,1,0,2.054044,0,0.000000,127,0,0,0
127,3810.0,G04,7,36,48.9730,125,1,1,0,2.234914,0,0.000000,127,0,0,0
127,3810.0,G08,8,52,49.3018,88,0,1,0,2.486857,0,0.000000,127,0,0,0
127,3810.0,G16,9,5,543.7561,123,2,1,0,2.191681,0,0.000000,127,0,0,0
127,3810.0,G27,11,5,707.2272,125,1,1,0,2.454150,0,0.000000,127,0,0,0
127,3810.0,G07,13,25,153.0697,43,0,1,0,3.759335,0,0.000000,127,0,0,0
127,3810.0,G09,14,38,82.3277,44,0,1,0,3.145884,0,0.000000,127,0,0,0
128,3840.0,G03,6,6,350.8006,124,2,1,0,2.054807,0,0.000000,128,0,0,0
128,3840.0,G04,7,37,47.7336,126,1,1,0,2.232218,0,0.000000,128,0,0,0
128,3840.0,G08,8,53,48.6863,89,0,1,0,2.481549,0,0.000000,128,0,0,0
128,3840.0,G16,9,6,424.7863,124,2,1,0,2.194665,0,0.000000,128,0,0,0
128,3840.0,G27,11,6,550.0193,126,1,1,0,2.451672,0,0.000000,128,0,0,0
128,3840.0,G07,13,26,145.6051,44,0,1,0,3.751218,0,0.000000,128,0,0,0
128,3840.0,G09,14,39,79.9560,45,0,1,0,3.130078,0,0.000000,128,0,0,0
129,3870.0,G03,6,7,284.3620,125,2,1,0,2.055586,0,0.000000,129,0,0,0
129,3870.0,G04,7,38,46.6533,127,1,1,0,2.229547,0,0.000000,129,0,0,0
129,3870.0,G08,8,54,48.0989,90,0,1,0,2.476302,0,0.000000,129,0,0,0
129,3870.0,G16,9,7,344.2884,125,2,1,0,2.197692,0,0.000000,129,0,0,0
129,3870.0,G27,11,7,443.7641,127,1,1,0,2.449230,0,0.000000,129,0,0,0
129,3870.0,G07,13,27,138.8847,45,0,1,0,3.743173,0,0.000000,129,0,0,0
129,3870.0,G09,14,40,77.7660,46,0,1,0,3.114511,0,0.000000,129,0,0,0
130,3900.0,G03,6,8,237.0375,126,2,1,0,2.056381,0,0.000000,130,0,0,0
130,3900.0,G04,7,39,45.5752,128,1,1,0,2.226899,0,0.000000,130,0,0,0
130,3900.0,G08,8,55,47.5304,91,0,1,0,2.471114,0,0.000000,130,0,0,0
130,3900.0,G16,9,8,286.8376,126,2,1,0,2.200761,0,0.000000,130,0,0,0
130,3900.0,G27,11,8,368.0367,128,1,1,0,2.446823,0,0.000000,130,0,0,0
130,3900.0,G07,13,28,132.8083,46,0,1,0,3.735201,0,0.000000,130,0,0,0
130,3900.0,G09,14,41,75.7329,47,0,1,0,3.099178,0,0.000000,130,0,0,0
131,3930.0,G03,6,9,201.9795,127,2,1,0,2.057191,0,0.000000,131,0,0,0
131,3930.0,G04,7,40,44.5703,129,1,1,0,2.224276,0,0.000000,131,0,0,0
131,3930.0,G08,8,56,46.9826,92,0,1,0,2.465985,0,0.000000,131,0,0,0
131,3930.0,G16,9,9,244.1767,127,2,1,0,2.203874,0,0.000000,131,0,0,0
131,3930.0,G27,11,9,311.8799,129,1,1,0,2.444450,0,0.000000,131,0,0,0
131,3930.0,G07,13,29,127.2983,47,0,1,0,3.727300,0,0.000000,131,0,0,0
131,3930.0,G09,14,42,73.8425,48,0,1,0,3.084074,0,0.000000,131,0,0,0
132,3960.0,G03,6,10,175.4645,128,2,1,0,2.058018,0,0.000000,132,0,0,0
132,3960.0,G04,7,41,43.9484,130,1,1,0,2.221676,0,0.000000,132,0,0,0
132,3960.0,G08,8,57,46.5655,93,0,1,0,2.460914,0,0.000000,132,0,0,0
132,3960.0,G16,9,10,211.7186,128,2,1,0,2.207032,0,0.000000,132,0,0,0
132,3960.0,G27,11,10,269.0984,130,1,1,0,2.442113,0,0.000000,132,0,0,0
132,3960.0,G07,13,30,122.3284,48,0,1,0,3.719469,0,0.000000,132,0,0,0
132,3960.0,G09,14,43,72.4267,49,0,1,0,3.069196,0,0.000000,132,0,0,0
133,3990.0,G03,6,11,154.3817,129,2,1,0,2.058862,0,0.000000,133,0,0,0
133,3990.0,G04,7,42,43.0229,131,1,1,0,2.219100,0,0.000000,133,0,0,0
133,3990.0,G08,8,58,46.0408,94,0,1,0,2.455900,0,0.000000,133,0,0,0
133,3990.0,G16,9,11,185.9586,129,2,1,0,2.210234,0,0.000000,133,0,0,0
133,3990.0,G27,11,11,235.3249,131,1,1,0,2.439810,0,0.000000,133,0,0,0
133,3990.0,G07,13,31,117.7474,49,0,1,0,3.711706,0,0.000000,133,0,0,0
133,3990.0,G09,14,44,70.7329,50,0,1,0,3.054539,0,0.000000,133,0,0,0
134,4020.0,G03,6,12,137.5458,130,2,1,0,2.059722,0,0.000000,134,0,0,0
134,4020.0,G04,7,43,42.1588,132,1,1,0,2.216548,0,0.000000,134,0,0,0
134,4020.0,G08,8,59,45.5358,95,0,1,0,2.450943,0,0.000000,134,0,0,0
134,4020.0,G16,9,12,165.3136,130,2,1,0,2.213481,0,0.000000,134,0,0,0
134,4020.0,G27,11,12,208.2897,132,1,1,0,2.437542,0,0.000000,134,0,0,0
134,4020.0,G07,13,32,113.5598,50,0,1,0,3.704010,0,0.000000,134,0,0,0
134,4020.0,G09,14,45,69.1504,51,0,1,0,3.040099,0,0.000000,134,0,0,0
135,4050.0,G03,6,13,123.8652,131,2,1,0,2.060598,0,0.000000,135,0,0,0
135,4050.0,G04,7,44,41.3471,133,1,1,0,2.214018,0,0.000000,135,0,0,0
135,4050.0,G08,8,60,45.0475,96,0,1,0,2.446043,0,0.000000,135,0,0,0
135,4050.0,G16,9,13,148.4749,131,2,1,0,2.216775,0,0.000000,135,0,0,0
135,4050.0,G27,11,13,186.2692,133,1,1,0,2.435308,0,0.000000,135,0,0,0
135,4050.0,G07,13,33,109.7207,51,0,1,0,3.696381,0,0.000000,135,0,0,0
135,4050.0,G09,14,46,67.6682,52,0,1,0,3.025873,0,0.000000,135,0,0,0
136,4080.0,G03,6,14,112.5916,132,2,1,0,2.061491,0,0.000000,136,0,0,0
136,4080.0,G04,7,45,40.5850,134,1,1,0,2.211512,0,0.000000,136,0,0,0
136,4080.0,G08,8,61,44.5792,97,0,1,0,2.441198,0,0.000000,136,0,0,0
136,4080.0,G16,9,14,134.5424,132,2,1,0,2.220115,0,0.000000,136,0,0,0
136,4080.0,G27,11,14,168.0729,134,1,1,0,2.433108,0,0.000000,136,0,0,0
136,4080.0,G07,13,34,106.1935,52,0,1,0,3.688816,0,0.000000,136,0,0,0
136,4080.0,G09,14,47,66.2780,53,0,1,0,3.011857,0,0.000000,136,0,0,0
137,4110.0,G03,6,15,103.1845,133,2,1,0,2.062400,0,0.000000,137,0,0,0
137,4110.0,G04,7,46,39.8670,135,1,1,0,2.209028,0,0.000000,137,0,0,0
137,4110.0,G08,8,62,44.1290,98,0,1,0,2.436408,0,0.000000,137,0,0,0
137,4110.0,G16,9,15,122.8681,133,2,1,0,2.223503,0,0.000000,137,0,0,0
137,4110.0,G27,11,15,152.8466,135,1,1,0,2.430942,0,0.000000,137,0,0,0
137,4110.0,G07,13,35,102.9453,53,0,1,0,3.681316,0,0.000000,137,0,0,0
137,4110.0,G09,14,48,64.9707,54,0,1,0,2.998046,0,0.000000,137,0,0,0
138,4140.0,G03,6,16,96.1691,134,2,1,0,2.063327,0,0.000000,138,0,0,0
138,4140.0,G04,7,47,39.2757,136,1,1,0,2.206568,0,0.000000,138,0,0,0
138,4140.0,G08,8,63,43.6993,99,0,1,0,2.431673,0,0.000000,138,0,0,0
138,4140.0,G16,9,16,112.9985,134,2,1,0,2.226940,0,0.000000,138,0,0,0
138,4140.0,G27,11,16,139.9850,136,1,1,0,2.428809,0,0.000000,138,0,0,0
138,4140.0,G07,13,36,99.9493,54,0,1,0,3.673878,0,0.000000,138,0,0,0
138,4140.0,G09,14,49,63.7408,55,0,1,0,2.984438,0,0.000000,138,0,0,0
139,4170.0,G03,6,17,89.1913,135,2,1,0,2.064270,0,0.000000,139,0,0,0
139,4170.0,G04,7,48,38.6224,137,1,1,0,2.204129,0,0.000000,139,0,0,0
139,4170.0,G08,8,64,43.2793,100,0,1,0,2.426991,0,0.000000,139,0,0,0
139,4170.0,G16,9,17,104.5348,135,2,1,0,2.230425,0,0.000000,139,0,0,0
139,4170.0,G27,11,17,128.9796,137,1,1,0,2.426711,0,0.000000,139,0,0,0
139,4170.0,G07,13,37,97.1756,55,0,1,0,3.666502,0,0.000000,139,0,0,0
139,4170.0,G09,14,50,62.5765,56,0,1,0,2.971028,0,0.000000,139,0,0,0
140,4200.0,G03,6,18,83.2292,136,2,1,0,2.065230,0,0.000000,140,0,0,0
140,4200.0,G04,7,49,38.0040,138,1,1,0,2.201714,0,0.000000,140,0,0,0
140,4200.0,G08,8,65,42.8727,101,0,1,0,2.422363,0,0.000000,140,0,0,0
140,4200.0,G16,9,18,97.2352,136,2,1,0,2.233960,0,0.000000,140,0,0,0
140,4200.0,G27,11,18,119.5017,138,1,1,0,2.424645,0,0.000000,140,0,0,0
140,4200.0,G07,13,38,94.6046,56,0,1,0,3.659187,0,0.000000,140,0,0,0
140,4200.0,G09,14,51,61.4743,57,0,1,0,2.957814,0,0.000000,140,0,0,0
141,4230.0,G03,6,19,78.0910,137,2,1,0,2.066208,0,0.000000,141,0,0,0
141,4230.0,G04,7,50,37.4163,139,1,1,0,2.199320,0,0.000000,141,0,0,0
141,4230.0,G08,8,66,42.4786,102,0,1,0,2.417787,0,0.000000,141,0,0,0
141,4230.0,G16,9,19,90.8925,137,2,1,0,2.237545,0,0.000000,141,0,0,0
141,4230.0,G27,11,19,111.2784,139,1,1,0,2.422613,0,0.000000,141,0,0,0
141,4230.0,G07,13,39,92.2169,57,0,1,0,3.651931,0,0.000000,141,0,0,0
141,4230.0,G09,14,52,60.4288,58,0,1,0,2.944791,0,0.000000,141,0,0,0
142,4260.0,G03,6,20,73.6341,138,2,1,0,2.067202,0,0.000000,142,0,0,0
142,4260.0,G04,7,51,36.8699,140,1,1,0,2.196948,0,0.000000,142,0,0,0
142,4260.0,G08,8,67,42.0964,103,0,1,0,2.413263,0,0.000000,142,0,0,0
142,4260.0,G16,9,20,85.3473,138,2,1,0,2.241182,0,0.000000,142,0,0,0
142,4260.0,G27,11,20,104.0988,140,1,1,0,2.420614,0,0.000000,142,0,0,0
142,4260.0,G07,13,40,89.9952,58,0,1,0,3.644734,0,0.000000,142,0,0,0
142,4260.0,G09,14,53,59.4355,59,0,1,0,2.931957,0,0.000000,142,0,0,0
143,4290.0,G03,6,21,69.7333,139,2,1,0,2.068215,0,0.000000,143,0,0,0
143,4290.0,G04,7,52,36.3340,141,1,1,0,2.194599,0,0.000000,143,0,0,0
143,4290.0,G08,8,68,41.7240,104,0,1,0,2.408791,0,0.000000,143,0,0,0
143,4290.0,G16,9,21,80.4642,139,2,1,0,2.244870,0,0.000000,143,0,0,0
143,4290.0,G27,11,21,97.7862,141,1,1,0,2.418647,0,0.000000,143,0,0,0
143,4290.0,G07,13,41,87.9237,59,0,1,0,3.637595,0,0.000000,143,0,0,0
143,4290.0,G09,14,54,58.4894,60,0,1,0,2.919307,0,0.000000,143,0,0,0
144,4320.0,G03,6,22,66.3030,140,2,1,0,2.069244,0,0.000000,144,0,0,0
144,4320.0,G04,7,53,35.8217,142,1,1,0,2.192271,0,0.000000,144,0,0,0
144,4320.0,G08,8,69,41.3614,105,0,1,0,2.404370,0,0.000000,144,0,0,0
144,4320.0,G16,9,22,76.1435,140,2,1,0,2.248611,0,0.000000,144,0,0,0
144,4320.0,G27,11,22,92.2086,142,1,1,0,2.416714,0,0.000000,144,0,0,0
144,4320.0,G07,13,42,85.9890,60,0,1,0,3.630512,0,0.000000,144,0,0,0
144,4320.0,G09,14,55,57.5869,61,0,1,0,2.906840,0,0.000000,144,0,0,0
145,4350.0,G03,6,23,63.5138,141,2,1,0,2.070292,0,0.000000,145,0,0,0
145,4350.0,G04,7,54,35.3432,143,1,1,0,2.189964,0,0.000000,145,0,0,0
145,4350.0,G08,8,70,41.0085,106,0,1,0,2.399999,0,0.000000,145,0,0,0
145,4350.0,G16,9,23,72.3043,141,2,1,0,2.252406,0,0.000000,145,0,0,0
145,4350.0,G27,11,23,87.2587,143,1,1,0,2.414812,0,0.000000,145,0,0,0
145,4350.0,G07,13,43,84.1790,61,0,1,0,3.623486,0,0.000000,145,0,0,0
145,4350.0,G09,14,56,56.7249,62,0,1,0,2.894551,0,0.000000,145,0,0,0
146,4380.0,G03,6,24,60.7738,142,2,1,0,2.071357,0,0.000000,146,0,0,0
146,4380.0,G04,7,55,34.8713,144,1,1,0,2.187679,0,0.000000,146,0,0,0
146,4380.0,G08,8,71,40.6633,107,0,1,0,2.395678,0,0.000000,146,0,0,0
146,4380.0,G16,9,24,68.8719,142,2,1,0,2.256255,0,0.000000,146,0,0,0
146,4380.0,G27,11,24,82.8395,144,1,1,0,2.412944,0,0.000000,146,0,0,0
146,4380.0,G07,13,44,82.4823,62,0,1,0,3.616514,0,0.000000,146,0,0,0
146,4380.0,G09,14,57,55.8996,63,0,1,0,2.882438,0,0.000000,146,0,0,0
147,4410.0,G03,6,25,58.3323,143,2,1,0,2.072440,0,0.000000,147,0,0,0
147,4410.0,G04,7,56,34.4181,145,1,1,0,2.185416,0,0.000000,147,0,0,0
147,4410.0,G08,8,72,40.3261,108,0,1,0,2.391406,0,0.000000,147,0,0,0
147,4410.0,G16,9,25,65.7934,143,2,1,0,2.260160,0,0.000000,147,0,0,0
147,4410.0,G27,11,25,78.8804,145,1,1,0,2.411107,0,0.000000,147,0,0,0
147,4410.0,G07,13,45,80.8892,63,0,1,0,3.609595,0,0.000000,147,0,0,0
147,4410.0,G09,14,58,55.1085,64,0,1,0,2.870498,0,0.000000,147,0,0,0
148,4440.0,G03,6,26,57.2398,144,2,1,0,2.073541,0,0.000000,148,0,0,0
148,4440.0,G04,7,57,34.1030,146,1,1,0,2.183173,0,0.000000,148,0,0,0
148,4440.0,G08,8,73,40.0466,109,0,1,0,2.387183,0,0.000000,148,0,0,0
148,4440.0,G16,9,26,64.1299,144,2,1,0,2.264120,0,0.000000,148,0,0,0
148,4440.0,G27,11,26,76.3736,146,1,1,0,2.409303,0,0.000000,148,0,0,0
148,4440.0,G07,13,46,79.4030,64,0,1,0,3.602730,0,0.000000,148,0,0,0
148,4440.0,G09,14,59,54.4511,65,0,1,0,2.858727,0,0.000000,148,0,0,0
149,4470.0,G03,6,27,55.0875,145,2,1,0,2.074661,0,0.000000,149,0,0,0
149,4470.0,G04,7,58,33.6700,147,1,1,0,2.180951,0,0.000000,149,0,0,0
149,4470.0,G08,8,74,39.7200,110,0,1,0,2.383008,0,0.000000,149,0,0,0
149,4470.0,G16,9,27,61.4514,145,2,1,0,2.268137,0,0.000000,149,0,0,0
149,4470.0,G27,11,27,72.9810,147,1,1,0,2.407531,0,0.000000,149,0,0,0
149,4470.0,G07,13,47,77.9895,65,0,1,0,3.595916,0,0.000000,149,0,0,0
149,4470.0,G09,14,60,53.7096,66,0,1,0,2.847124,0,0.000000,149,0,0,0
150,4500.0,G03,6,28,53.1662,146,2,1,0,2.075799,0,0.000000,150,0,0,0
150,4500.0,G04,7,59,33.2552,148,1,1,0,2.178750,0,0.000000,150,0,0,0
150,4500.0,G08,8,75,39.4006,111,0,1,0,2.378882,0,0.000000,150,0,0,0
150,4500.0,G16,9,28,59.0399,146,2,1,0,2.272213,0,0.000000,150,0,0,0
150,4500.0,G27,11,28,69.9257,148,1,1,0,2.405790,0,0.000000,150,0,0,0
150,4500.0,G07,13,48,76.6564,66,0,1,0,3.589154,0,0.000000,150,0,0,0
150,4500.0,G09,14,61,53.0088,67,0,1,0,2.835684,0,0.000000,150,0,0,0
151,4530.0,G03,6,29,52.5888,147,2,1,0,2.076955,0,0.000000,151,0,0,0
151,4530.0,G04,7,60,33.0076,149,1,1,0,2.176570,0,0.000000,151,0,0,0
151,4530.0,G08,8,76,39.1616,112,0,1,0,2.374802,0,0.000000,151,0,0,0
151,4530.0,G16,9,29,58.2392,147,2,1,0,2.276347,0,0.000000,151,0,0,0
151,4530.0,G27,11,29,68.8041,149,1,1,0,2.404082,0,0.000000,151,0,0,0
151,4530.0,G07,13,49,75.5713,67,0,1,0,3.582442,0,0.000000,151,0,0,0
151,4530.0,G09,14,62,52.5644,68,0,1,0,2.824405,0,0.000000,151,0,0,0
152,4560.0,G03,6,30,50.8429,148,2,1,0,2.078130,0,0.000000,152,0,0,0
152,4560.0,G04,7,61,32.6096,150,1,1,0,2.174411,0,0.000000,152,0,0,0
152,4560.0,G08,8,77,38.8490,113,0,1,0,2.370769,0,0.000000,152,0,0,0
152,4560.0,G16,9,30,56.0561,148,2,1,0,2.280540,0,0.000000,152,0,0,0
152,4560.0,G27,11,30,66.0335,150,1,1,0,2.402404,0,0.000000,152,0,0,0
152,4560.0,G07,13,50,74.3591,68,0,1,0,3.575780,0,0.000000,152,0,0,0
152,4560.0,G09,14,63,51.9082,69,0,1,0,2.813285,0,0.000000,152,0,0,0
153,4590.0,G03,6,31,50.0616,149,2,1,0,2.079324,0,0.000000,153,0,0,0
153,4590.0,G04,7,62,32.3464,151,1,1,0,2.172271,0,0.000000,153,0,0,0
153,4590.0,G08,8,78,38.6056,114,0,1,0,2.366782,0,0.000000,153,0,0,0
153,4590.0,G16,9,31,55.0579,149,2,1,0,2.284794,0,0.000000,153,0,0,0
153,4590.0,G27,11,31,64.6804,151,1,1,0,2.400759,0,0.000000,153,0,0,0
153,4590.0,G07,13,51,73.3845,69,0,1,0,3.569166,0,0.000000,153,0,0,0
153,4590.0,G09,14,64,51.4357,70,0,1,0,2.802321,0,0.000000,153,0,0,0
154,4620.0,G03,6,32,48.5338,150,2,1,0,2.080536,0,0.000000,154,0,0,0
154,4620.0,G04,7,63,31.9752,152,1,1,0,2.170152,0,0.000000,154,0,0,0
154,4620.0,G08,8,79,38.3020,115,0,1,0,2.362841,0,0.000000,154,0,0,0
154,4620.0,G16,9,32,53.1357,150,2,1,0,2.289110,0,0.000000,154,0,0,0
154,4620.0,G27,11,32,62.2399,152,1,1,0,2.399144,0,0.000000,154,0,0,0
154,4620.0,G07,13,52,72.2779,70,0,1,0,3.562599,0,0.000000,154,0,0,0
154,4620.0,G09,14,65,50.8235,71,0,1,0,2.791511,0,0.000000,154,0,0,0
155,4650.0,G03,6,33,47.1648,151,2,1,0,2.081768,0,0.000000,155,0,0,0
155,4650.0,G04,7,64,31.6214,153,1,1,0,2.168053,0,0.000000,155,0,0,0
155,4650.0,G08,8,80,38.0050,116,0,1,0,2.358946,0,0.000000,155,0,0,0
155,4650.0,G16,9,33,51.4010,151,2,1,0,2.293488,0,0.000000,155,0,0,0
155,4650.0,G27,11,33,60.0387,153,1,1,0,2.397561,0,0.000000,155,0,0,0
155,4650.0,G07,13,53,71.2285,71,0,1,0,3.556080,0,0.000000,155,0,0,0
155,4650.0,G09,14,66,50.2374,72,0,1,0,2.780851,0,0.000000,155,0,0,0
156,4680.0,G03,6,34,46.0579,152,2,1,0,2.083019,0,0.000000,156,0,0,0
156,4680.0,G04,7,65,31.3159,154,1,1,0,2.165974,0,0.000000,156,0,0,0
156,4680.0,G08,8,81,37.7342,117,0,1,0,2.355095,0,0.000000,156,0,0,0
156,4680.0,G16,9,34,49.8441,152,2,1,0,2.297930,0,0.000000,156,0,0,0
156,4680.0,G27,11,34,58.0810,154,1,1,0,2.396009,0,0.000000,156,0,0,0
156,4680.0,G07,13,54,70.2332,72,0,1,0,3.549607,0,0.000000,156,0,0,0
156,4680.0,G09,14,67,49.6771,73,0,1,0,2.770339,0,0.000000,156,0,0,0
157,4710.0,G03,6,35,44.9191,153,2,1,0,2.084290,0,0.000000,157,0,0,0
157,4710.0,G04,7,66,30.9868,155,1,1,0,2.163914,0,0.000000,157,0,0,0
157,4710.0,G08,8,82,37.4469,118,0,1,0,2.351288,0,0.000000,157,0,0,0
157,4710.0,G16,9,35,48.4097,153,2,1,0,2.302436,0,0.000000,157,0,0,0
157,4710.0,G27,11,35,56.2588,155,1,1,0,2.394488,0,0.000000,157,0,0,0
157,4710.0,G07,13,55,69.2842,73,0,1,0,3.543179,0,0.000000,157,0,0,0
157,4710.0,G09,14,68,49.1347,74,0,1,0,2.759973,0,0.000000,157,0,0,0
158,4740.0,G03,6,36,43.9306,154,2,1,0,2.085580,0,0.000000,158,0,0,0
158,4740.0,G04,7,67,30.6701,156,1,1,0,2.161875,0,0.000000,158,0,0,0
158,4740.0,G08,8,83,37.1649,119,0,1,0,2.347526,0,0.000000,158,0,0,0
158,4740.0,G16,9,36,47.0994,154,2,1,0,2.307008,0,0.000000,158,0,0,0
158,4740.0,G27,11,36,54.5942,156,1,1,0,2.392998,0,0.000000,158,0,0,0
158,4740.0,G07,13,56,68.3799,74,0,1,0,3.536795,0,0.000000,158,0,0,0
158,4740.0,G09,14,69,48.6111,75,0,1,0,2.749751,0,0.000000,158,0,0,0
159,4770.0,G03,6,37,42.9775,155,2,1,0,2.086890,0,0.000000,159,0,0,0
159,4770.0,G04,7,68,30.3646,157,1,1,0,2.159854,0,0.000000,159,0,0,0
159,4770.0,G08,8,84,36.8876,120,0,1,0,2.343806,0,0.000000,159,0,0,0
159,4770.0,G16,9,37,45.8984,155,2,1,0,2.311646,0,0.000000,159,0,0,0
159,4770.0,G27,11,37,53.0673,157,1,1,0,2.391539,0,0.000000,159,0,0,0
159,4770.0,G07,13,57,67.5160,75,0,1,0,3.530455,0,0.000000,159,0,0,0
159,4770.0,G09,14,70,48.1044,76,0,1,0,2.739669,0,0.000000,159,0,0,0
160,4800.0,G03,6,38,42.1036,156,2,1,0,2.088220,0,0.000000,160,0,0,0
160,4800.0,G04,7,69,30.0695,158,1,1,0,2.157853,0,0.000000,160,0,0,0
160,4800.0,G08,8,85,36.6149,121,0,1,0,2.340130,0,0.000000,160,0,0,0
160,4800.0,G16,9,38,44.7943,156,2,1,0,2.316353,0,0.000000,160,0,0,0
160,4800.0,G27,11,38,51.6621,158,1,1,0,2.390110,0,0.000000,160,0,0,0
160,4800.0,G07,13,58,66.6897,76,0,1,0,3.524159,0,0.000000,160,0,0,0
160,4800.0,G09,14,71,47.6131,77,0,1,0,2.729727,0,0.000000,160,0,0,0
161,4830.0,G03,6,39,41.3778,157,2,1,0,2.089570,0,0.000000,161,0,0,0
161,4830.0,G04,7,70,29.7839,159,1,1,0,2.155872,0,0.000000,161,0,0,0
161,4830.0,G08,8,86,36.3469,122,0,1,0,2.336496,0,0.000000,161,0,0,0
161,4830.0,G16,9,39,43.7764,157,2,1,0,2.321128,0,0.000000,161,0,0,0
161,4830.0,G27,11,39,50.3656,159,1,1,0,2.388712,0,0.000000,161,0,0,0
161,4830.0,G07,13,59,65.8990,77,0,1,0,3.517904,0,0.000000,161,0,0,0
161,4830.0,G09,14,72,47.1361,78,0,1,0,2.719921,0,0.000000,161,0,0,0
162,4860.0,G03,6,40,40.6247,158,2,1,0,2.090940,0,0.000000,162,0,0,0
162,4860.0,G04,7,71,29.5071,160,1,1,0,2.153909,0,0.000000,162,0,0,0
162,4860.0,G08,8,87,36.0827,123,0,1,0,2.332904,0,0.000000,162,0,0,0
162,4860.0,G16,9,40,42.8355,158,2,1,0,2.325973,0,0.000000,162,0,0,0
162,4860.0,G27,11,40,49.1644,160,1,1,0,2.387344,0,0.000000,162,0,0,0
162,4860.0,G07,13,60,65.1393,78,0,1,0,3.511692,0,0.000000,162,0,0,0
162,4860.0,G09,14,73,46.6718,79,0,1,0,2.710249,0,0.000000,162,0,0,0
163,4890.0,G03,6,41,39.9280,159,2,1,0,2.092331,0,0.000000,163,0,0,0
163,4890.0,G04,7,72,29.2385,161,1,1,0,2.151966,0,0.000000,163,0,0,0
163,4890.0,G08,8,88,35.8224,124,0,1,0,2.329354,0,0.000000,163,0,0,0
163,4890.0,G16,9,41,41.9639,159,2,1,0,2.330889,0,0.000000,163,0,0,0
163,4890.0,G27,11,41,48.0492,161,1,1,0,2.386007,0,0.000000,163,0,0,0
163,4890.0,G07,13,61,64.4219,79,0,1,0,3.505520,0,0.000000,163,0,0,0
163,4890.0,G09,14,74,46.2195,80,0,1,0,2.700709,0,0.000000,163,0,0,0
164,4920.0,G03,6,42,39.3280,160,2,1,0,2.093742,0,0.000000,164,0,0,0
164,4920.0,G04,7,73,28.9992,162,1,1,0,2.150041,0,0.000000,164,0,0,0
164,4920.0,G08,8,89,35.5859,125,0,1,0,2.325845,0,0.000000,164,0,0,0
164,4920.0,G16,9,42,41.1642,160,2,1,0,2.335878,0,0.000000,164,0,0,0
164,4920.0,G27,11,42,47.0201,162,1,1,0,2.384700,0,0.000000,164,0,0,0
164,4920.0,G07,13,62,63.7425,80,0,1,0,3.499388,0,0.000000,164,0,0,0
164,4920.0,G09,14,75,45.7811,81,0,1,0,2.691299,0,0.000000,164,0,0,0
165,4950.0,G03,6,43,38.7199,161,2,1,0,2.095175,0,0.000000,165,0,0,0
165,4950.0,G04,7,74,28.7441,163,1,1,0,2.148135,0,0.000000,165,0,0,0
165,4950.0,G08,8,90,35.3318,126,0,1,0,2.322377,0,0.000000,165,0,0,0
165,4950.0,G16,9,43,40.4099,161,2,1,0,2.340940,0,0.000000,165,0,0,0
165,4950.0,G27,11,43,46.0502,163,1,1,0,2.383423,0,0.000000,165,0,0,0
165,4950.0,G07,13,63,63.0942,81,0,1,0,3.493295,0,0.000000,165,0,0,0
165,4950.0,G09,14,76,45.3497,82,0,1,0,2.682018,0,0.000000,165,0,0,0
166,4980.0,G03,6,44,38.1523,162,2,1,0,2.096628,0,0.000000,166,0,0,0
166,4980.0,G04,7,75,28.4959,164,1,1,0,2.146247,0,0.000000,166,0,0,0
166,4980.0,G08,8,91,35.0813,127,0,1,0,2.318949,0,0.000000,166,0,0,0
166,4980.0,G16,9,44,39.7068,162,2,1,0,2.346077,0,0.000000,166,0,0,0
166,4980.0,G27,11,44,45.1431,164,1,1,0,2.382177,0,0.000000,166,0,0,0
166,4980.0,G07,13,64,62.4746,82,0,1,0,3.487242,0,0.000000,166,0,0,0
166,4980.0,G09,14,77,44.9278,83,0,1,0,2.672862,0,0.000000,166,0,0,0
167,5010.0,G03,6,45,37.6212,163,2,1,0,2.098102,0,0.000000,167,0,0,0
167,5010.0,G04,7,76,28.2542,165,1,1,0,2.144378,0,0.000000,167,0,0,0
167,5010.0,G08,8,92,34.8341,128,0,1,0,2.315561,0,0.000000,167,0,0,0
167,5010.0,G16,9,45,39.0500,163,2,1,0,2.351290,0,0.000000,167,0,0,0
167,5010.0,G27,11,45,44.2929,165,1,1,0,2.380960,0,0.000000,167,0,0,0
167,5010.0,G07,13,65,61.8804,83,0,1,0,3.481226,0,0.000000,167,0,0,0
167,5010.0,G09,14,78,44.5146,84,0,1,0,2.663830,0,0.000000,167,0,0,0
168,5040.0,G03,6,46,37.3094,164,2,1,0,2.099598,0,0.000000,168,0,0,0
168,5040.0,G04,7,77,28.0659,166,1,1,0,2.142527,0,0.000000,168,0,0,0
168,5040.0,G08,8,93,34.6212,129,0,1,0,2.312212,0,0.000000,168,0,0,0
168,5040.0,G16,9,46,38.6426,164,2,1,0,2.356580,0,0.000000,168,0,0,0
168,5040.0,G27,11,46,43.7401,166,1,1,0,2.379774,0,0.000000,168,0,0,0
168,5040.0,G07,13,66,61.3233,84,0,1,0,3.475248,0,0.000000,168,0,0,0
168,5040.0,G09,14,79,44.1507,85,0,1,0,2.654920,0,0.000000,168,0,0,0
169,5070.0,G03,6,47,36.8200,165,2,1,0,2.101116,0,0.000000,169,0,0,0
169,5070.0,G04,7,78,27.8326,167,1,1,0,2.140695,0,0.000000,169,0,0,0
169,5070.0,G08,8,94,34.3784,130,0,1,0,2.308903,0,0.000000,169,0,0,0
169,5070.0,G16,9,47,38.0459,165,2,1,0,2.361948,0,0.000000,169,0,0,0
169,5070.0,G27,11,47,42.9606,167,1,1,0,2.378617,0,0.000000,169,0,0,0
169,5070.0,G07,13,67,60.7703,85,0,1,0,3.469307,0,0.000000,169,0,0,0
169,5070.0,G09,14,80,43.7501,86,0,1,0,2.646130,0,0.000000,169,0,0,0
170,5100.0,G03,6,48,36.3613,166,2,1,0,2.102655,0,0.000000,170,0,0,0
170,5100.0,G04,7,79,27.6054,168,1,1,0,2.138880,0,0.000000,170,0,0,0
170,5100.0,G08,8,95,34.1386,131,0,1,0,2.305633,0,0.000000,170,0,0,0
170,5100.0,G16,9,48,37.4873,166,2,1,0,2.367397,0,0.000000,170,0,0,0
170,5100.0,G27,11,48,42.2275,168,1,1,0,2.377490,0,0.000000,170,0,0,0
170,5100.0,G07,13,68,60.2358,86,0,1,0,3.463402,0,0.000000,170,0,0,0
170,5100.0,G09,14,81,43.3569,87,0,1,0,2.637458,0,0.000000,170,0,0,0
171,5130.0,G03,6,49,35.9294,167,2,1,0,2.104217,0,0.000000,171,0,0,0
171,5130.0,G04,7,80,27.3836,169,1,1,0,2.137083,0,0.000000,171,0,0,0
171,5130.0,G08,8,96,33.9017,132,0,1,0,2.302400,0,0.000000,171,0,0,0
171,5130.0,G16,9,49,36.9632,167,2,1,0,2.372927,0,0.000000,171,0,0,0
171,5130.0,G27,11,49,41.5366,169,1,1,0,2.376393,0,0.000000,171,0,0,0
171,5130.0,G07,13,69,59.7180,87,0,1,0,3.457532,0,0.000000,171,0,0,0
171,5130.0,G09,14,82,42.9706,88,0,1,0,2.628903,0,0.000000,171,0,0,0
172,5160.0,G03,6,50,35.5219,168,2,1,0,2.105800,0,0.000000,172,0,0,0
172,5160.0,G04,7,81,27.1668,170,1,1,0,2.135304,0,0.000000,172,0,0,0
172,5160.0,G08,8,97,33.6677,133,0,1,0,2.299206,0,0.000000,172,0,0,0
172,5160.0,G16,9,50,36.4705,168,2,1,0,2.378539,0,0.000000,172,0,0,0
172,5160.0,G27,11,50,40.8841,170,1,1,0,2.375326,0,0.000000,172,0,0,0
172,5160.0,G07,13,70,59.2153,88,0,1,0,3.451698,0,0.000000,172,0,0,0
172,5160.0,G09,14,83,42.5907,89,0,1,0,2.620462,0,0.000000,172,0,0,0
173,5190.0,G03,6,51,35.1366,169,2,1,0,2.107406,0,0.000000,173,0,0,0
173,5190.0,G04,7,82,26.9548,171,1,1,0,2.133543,0,0.000000,173,0,0,0
173,5190.0,G08,8,98,33.4364,134,0,1,0,2.296049,0,0.000000,173,0,0,0
173,5190.0,G16,9,51,36.0067,169,2,1,0,2.384236,0,0.000000,173,0,0,0
173,5190.0,G27,11,51,40.2668,171,1,1,0,2.374288,0,0.000000,173,0,0,0
173,5190.0,G07,13,71,58.7263,89,0,1,0,3.445898,0,0.000000,173,0,0,0
173,5190.0,G09,14,84,42.2170,90,0,1,0,2.612133,0,0.000000,173,0,0,0
174,5220.0,G03,6,52,34.7714,170,2,1,0,2.109035,0,0.000000,174,0,0,0
174,5220.0,G04,7,83,26.7474,172,1,1,0,2.131800,0,0.000000,174,0,0,0
174,5220.0,G08,8,99,33.2077,135,0,1,0,2.292930,0,0.000000,174,0,0,0
174,5220.0,G16,9,52,35.5694,170,2,1,0,2.390018,0,0.000000,174,0,0,0
174,5220.0,G27,11,52,39.6816,172,1,1,0,2.373280,0,0.000000,174,0,0,0
174,5220.0,G07,13,72,58.2497,90,0,1,0,3.440131,0,0.000000,174,0,0,0
174,5220.0,G09,14,85,41.8490,91,0,1,0,2.603916,0,0.000000,174,0,0,0
175,5250.0,G03,6,53,34.4248,171,2,1,0,2.110687,0,0.000000,175,0,0,0
175,5250.0,G04,7,84,26.5443,173,1,1,0,2.130073,0,0.000000,175,0,0,0
175,5250.0,G08,8,100,32.9816,136,0,1,0,2.289847,0,0.000000,175,0,0,0
175,5250.0,G16,9,53,35.1565,171,2,1,0,2.395887,0,0.000000,175,0,0,0
175,5250.0,G27,11,53,39.1260,173,1,1,0,2.372301,0,0.000000,175,0,0,0
175,5250.0,G07,13,73,57.7845,91,0,1,0,3.434398,0,0.000000,175,0,0,0
175,5250.0,G09,14,86,41.4864,92,0,1,0,2.595807,0,0.000000,175,0,0,0
176,5280.0,G03,6,54,34.0951,172,2,1,0,2.112362,0,0.000000,176,0,0,0
176,5280.0,G04,7,85,26.3453,174,1,1,0,2.128365,0,0.000000,176,0,0,0
176,5280.0,G08,8,101,32.7578,137,0,1,0,2.286800,0,0.000000,176,0,0,0
176,5280.0,G16,9,54,34.7661,172,2,1,0,2.401845,0,0.000000,176,0,0,0
176,5280.0,G27,11,54,38.5976,174,1,1,0,2.371352,0,0.000000,176,0,0,0
176,5280.0,G07,13,74,57.3296,92,0,1,0,3.428697,0,0.000000,176,0,0,0
176,5280.0,G09,14,87,41.1291,93,0,1,0,2.587806,0,0.000000,176,0,0,0
177,5310.0,G03,6,55,33.7811,173,2,1,0,2.114060,0,0.000000,177,0,0,0
177,5310.0,G04,7,86,26.1502,175,1,1,0,2.126673,0,0.000000,177,0,0,0
177,5310.0,G08,8,102,32.5363,138,0,1,0,2.283790,0,0.000000,177,0,0,0
177,5310.0,G16,9,55,34.3964,173,2,1,0,2.407893,0,0.000000,177,0,0,0
177,5310.0,G27,11,55,38.0942,175,1,1,0,2.370433,0,0.000000,177,0,0,0
177,5310.0,G07,13,75,56.8843,93,0,1,0,3.423028,0,0.000000,177,0,0,0
177,5310.0,G09,14,88,40.7766,94,0,1,0,2.579911,0,0.000000,177,0,0,0
178,5340.0,G03,6,56,33.4814,174,2,1,0,2.115782,0,0.000000,178,0,0,0
178,5340.0,G04,7,87,25.9588,176,1,1,0,2.124998,0,0.000000,178,0,0,0
178,5340.0,G08,8,103,32.3171,139,0,1,0,2.280816,0,0.000000,178,0,0,0
178,5340.0,G16,9,56,34.0458,174,2,1,0,2.414032,0,0.000000,178,0,0,0
178,5340.0,G27,11,56,37.6140,176,1,1,0,2.369543,0,0.000000,178,0,0,0
178,5340.0,G07,13,76,56.4477,94,0,1,0,3.417391,0,0.000000,178,0,0,0
178,5340.0,G09,14,89,40.4288,95,0,1,0,2.572121,0,0.000000,178,0,0,0
179,5370.0,G03,6,57,33.2840,175,2,1,0,2.117527,0,0.000000,179,0,0,0
179,5370.0,G04,7,88,25.8193,177,1,1,0,2.123341,0,0.000000,179,0,0,0
179,5370.0,G08,8,104,32.1558,140,0,1,0,2.277877,0,0.000000,179,0,0,0
179,5370.0,G16,9,57,33.8214,175,2,1,0,2.420265,0,0.000000,179,0,0,0
179,5370.0,G27,11,57,37.3465,177,1,1,0,2.368682,0,0.000000,179,0,0,0
179,5370.0,G07,13,77,56.0931,95,0,1,0,3.411785,0,0.000000,179,0,0,0
179,5370.0,G09,14,90,40.1762,96,0,1,0,2.564433,0,0.000000,179,0,0,0
180,5400.0,G03,6,58,33.0017,176,2,1,0,2.119297,0,0.000000,180,0,0,0
180,5400.0,G04,7,89,25.6317,178,1,1,0,2.121700,0,0.000000,180,0,0,0
180,5400.0,G08,8,105,31.9373,141,0,1,0,2.274972,0,0.000000,180,0,0,0
180,5400.0,G16,9,58,33.4962,176,2,1,0,2.426593,0,0.000000,180,0,0,0
180,5400.0,G27,11,58,36.8891,178,1,1,0,2.367850,0,0.000000,180,0,0,0
180,5400.0,G07,13,78,55.6664,96,0,1,0,3.406209,0,0.000000,180,0,0,0
180,5400.0,G09,14,91,39.8308,97,0,1,0,2.556846,0,0.000000,180,0,0,0
181,5430.0,G03,6,59,32.7320,177,2,1,0,2.121091,0,0.000000,181,0,0,0
181,5430.0,G04,7,90,25.4481,179,1,1,0,2.120076,0,0.000000,181,0,0,0
181,5430.0,G08,8,106,31.7214,142,0,1,0,2.272103,0,0.000000,181,0,0,0
181,5430.0,G16,9,59,33.1874,177,2,1,0,2.433017,0,0.000000,181,0,0,0
181,5430.0,G27,11,59,36.4524,179,1,1,0,2.367048,0,0.000000,181,0,0,0
181,5430.0,G07,13,79,55.2470,97,0,1,0,3.400662,0,0.000000,181,0,0,0
181,5430.0,G09,14,92,39.4902,98,0,1,0,2.549358,0,0.000000,181,0,0,0
182,5460.0,G03,6,60,32.5599,178,2,1,0,2.122909,0,0.000000,182,0,0,0
182,5460.0,G04,7,91,25.3218,180,1,1,0,2.118469,0,0.000000,182,0,0,0
182,5460.0,G08,8,107,31.5725,143,0,1,0,2.269268,0,0.000000,182,0,0,0
182,5460.0,G16,9,60,33.0013,178,2,1,0,2.439539,0,0.000000,182,0,0,0
182,5460.0,G27,11,60,36.2313,180,1,1,0,2.366275,0,0.000000,182,0,0,0
182,5460.0,G07,13,80,54.9405,98,0,1,0,3.395146,0,0.000000,182,0,0,0
182,5460.0,G09,14,93,39.2673,99,0,1,0,2.541969,0,0.000000,182,0,0,0
183,5490.0,G03,6,61,32.3072,179,2,1,0,2.124753,0,0.000000,183,0,0,0
183,5490.0,G04,7,92,25.1410,181,1,1,0,2.116878,0,0.000000,183,0,0,0
183,5490.0,G08,8,108,31.3569,144,0,1,0,2.266467,0,0.000000,183,0,0,0
183,5490.0,G16,9,61,32.7175,179,2,1,0,2.446162,0,0.000000,183,0,0,0
183,5490.0,G27,11,61,35.8208,181,1,1,0,2.365532,0,0.000000,183,0,0,0
183,5490.0,G07,13,81,54.5276,99,0,1,0,3.389658,0,0.000000,183,0,0,0
183,5490.0,G09,14,94,38.9279,100,0,1,0,2.534676,0,0.000000,183,0,0,0
184,5520.0,G03,6,62,32.0841,180,2,1,0,2.126621,0,0.000000,184,0,0,0
184,5520.0,G04,7,93,24.9647,182,1,1,0,2.115304,0,0.000000,184,0,0,0
184,5520.0,G08,8,109,31.1461,145,0,1,0,2.263700,0,0.000000,184,0,0,0
184,5520.0,G16,9,62,32.4512,180,2,1,0,2.452887,0,0.000000,184,0,0,0
184,5520.0,G27,11,62,35.4365,182,1,1,0,2.364817,0,0.000000,184,0,0,0
184,5520.0,G07,13,82,54.1261,100,0,1,0,3.384198,0,0.000000,184,0,0,0
184,5520.0,G09,14,95,38.5951,101,0,1,0,2.527478,0,0.000000,184,0,0,0
185,5550.0,G03,6,63,31.8546,181,2,1,0,2.128515,0,0.000000,185,0,0,0
185,5550.0,G04,7,94,24.7910,183,1,1,0,2.113746,0,0.000000,185,0,0,0
185,5550.0,G08,8,110,30.9358,146,0,1,0,2.260966,0,0.000000,185,0,0,0
185,5550.0,G16,9,63,32.2001,181,2,1,0,2.459715,0,0.000000,185,0,0,0
185,5550.0,G27,11,63,35.0727,183,1,1,0,2.364132,0,0.000000,185,0,0,0
185,5550.0,G07,13,83,53.7279,101,0,1,0,3.378766,0,0.000000,185,0,0,0
185,5550.0,G09,14,96,38.2667,102,0,1,0,2.520374,0,0.000000,185,0,0,0
186,5580.0,G03,6,64,31.6355,182,2,1,0,2.130434,0,0.000000,186,0,0,0
186,5580.0,G04,7,95,24.6204,184,1,1,0,2.112204,0,0.000000,186,0,0,0
186,5580.0,G08,8,111,30.7279,147,0,1,0,2.258265,0,0.000000,186,0,0,0
186,5580.0,G16,9,64,31.9626,182,2,1,0,2.466649,0,0.000000,186,0,0,0
186,5580.0,G27,11,64,34.7283,184,1,1,0,2.363476,0,0.000000,186,0,0,0
186,5580.0,G07,13,84,53.3365,102,0,1,0,3.373361,0,0.000000,186,0,0,0
186,5580.0,G09,14,97,37.9431,103,0,1,0,2.513362,0,0.000000,186,0,0,0
187,5610.0,G03,6,65,31.4258,183,2,1,0,2.132379,0,0.000000,187,0,0,0
187,5610.0,G04,7,96,24.4527,185,1,1,0,2.110679,0,0.000000,187,0,0,0
187,5610.0,G08,8,112,30.5223,148,0,1,0,2.255596,0,0.000000,187,0,0,0
187,5610.0,G16,9,65,31.7372,183,2,1,0,2.473691,0,0.000000,187,0,0,0
187,5610.0,G27,11,65,34.4011,185,1,1,0,2.362850,0,0.000000,187,0,0,0
187,5610.0,G07,13,85,52.9513,103,0,1,0,3.367984,0,0.000000,187,0,0,0
187,5610.0,G09,14,98,37.6241,104,0,1,0,2.506441,0,0.000000,187,0,0,0
188,5640.0,G03,6,66,31.2244,184,2,1,0,2.134350,0,0.000000,188,0,0,0
188,5640.0,G04,7,97,24.2877,186,1,1,0,2.109169,0,0.000000,188,0,0,0
188,5640.0,G08,8,113,30.3189,149,0,1,0,2.252961,0,0.000000,188,0,0,0
188,5640.0,G16,9,66,31.5227,184,2,1,0,2.480842,0,0.000000,188,0,0,0
188,5640.0,G27,11,66,34.0892,186,1,1,0,2.362252,0,0.000000,188,0,0,0
188,5640.0,G07,13,86,52.5720,104,0,1,0,3.362632,0,0.000000,188,0,0,0
188,5640.0,G09,14,99,37.3097,105,0,1,0,2.499610,0,0.000000,188,0,0,0
189,5670.0,G03,6,67,31.0308,185,2,1,0,2.136348,0,0.000000,189,0,0,0
189,5670.0,G04,7,98,24.1253,187,1,1,0,2.107675,0,0.000000,189,0,0,0
189,5670.0,G08,8,114,30.1177,150,0,1,0,2.250357,0,0.000000,189,0,0,0
189,5670.0,G16,9,67,31.3180,185,2,1,0,2.488105,0,0.000000,189,0,0,0
189,5670.0,G27,11,67,33.7913,187,1,1,0,2.361684,0,0.000000,189,0,0,0
189,5670.0,G07,13,87,52.1982,105,0,1,0,3.357307,0,0.000000,189,0,0,0
189,5670.0,G09,14,100,36.9995,106,0,1,0,2.492866,0,0.000000,189,0,0,0
190,5700.0,G03,6,68,30.8572,186,2,1,0,2.138373,0,0.000000,190,0,0,0
190,5700.0,G04,7,99,23.9664,188,1,1,0,2.106197,0,0.000000,190,0,0,0
190,5700.0,G08,8,115,29.9211,151,0,1,0,2.247785,0,0.000000,190,0,0,0
190,5700.0,G16,9,68,31.1221,186,2,1,0,2.495482,0,0.000000,190,0,0,0
190,5700.0,G27,11,68,33.5071,188,1,1,0,2.361145,0,0.000000,190,0,0,0
190,5700.0,G07,13,88,51.8349,106,0,1,0,3.352007,0,0.000000,190,0,0,0
190,5700.0,G09,14,101,36.6945,107,0,1,0,2.486210,0,0.000000,190,0,0,0
191,5730.0,G03,6,69,30.7292,187,2,1,0,2.140424,0,0.000000,191,0,0,0
191,5730.0,G16,9,69,30.9966,187,2,1,0,2.502974,0,0.000000,191,0,0,0
191,5730.0,G27,11,69,33.3579,189,1,1,0,2.360635,0,0.000000,191,0,0,0
191,5730.0,G07,13,89,51.6012,107,0,1,0,3.346732,0,0.000000,191,0,0,0
192,5760.0,G07,13,90,51.3808,108,0,1,0,3.341482,0,0.000000,192,0,0,0
