SOD,sat,VTEC,mapping_factor,STEC,I_L1_init_m,fallback_used,initial_iono_sigma
0.0,E04,6.891,1.8921,13.039,2.1172,0,3.0
0.0,E09,7.505,1.4002,10.509,1.7063,0,3.0
0.0,E16,8.107,1.1108,9.005,1.4622,0,3.0
0.0,G01,6.910,1.8446,12.747,2.0698,0,3.0
0.0,G03,8.079,1.1216,9.061,1.4712,0,3.0
0.0,G04,6.918,1.8389,12.722,2.0656,0,3.0
0.0,G08,6.922,2.2749,15.747,2.5568,0,3.0
0.0,G16,8.290,1.0514,8.717,1.4153,0,3.0
0.0,G26,7.461,1.4244,10.628,1.7257,0,3.0
0.0,G27,6.861,1.9978,13.708,2.2258,0,3.0
0.0,G31,6.891,1.8945,13.055,2.1197,0,3.0
30.0,E05,6.840,2.1099,14.432,2.3433,0,3.0
480.0,G02,7.144,2.3076,16.485,2.6767,0,3.0
990.0,G08,7.251,2.0862,15.126,2.4561,0,3.0
1080.0,G02,7.467,2.3920,17.861,2.9001,0,3.0
1080.0,G07,7.580,2.4630,18.670,3.0315,0,3.0
1290.0,G07,7.600,2.4401,18.544,3.0111,0,3.0
1470.0,E25,7.709,1.7873,13.779,2.2373,0,3.0
1800.0,G09,7.810,2.4691,19.285,3.1313,0,3.0
2160.0,G02,8.077,2.5174,20.334,3.3016,0,3.0
2250.0,G08,7.987,1.8436,14.725,2.3909,0,3.0
2370.0,G31,7.823,2.3227,18.171,2.9504,0,3.0
3030.0,E04,8.186,2.0118,16.469,2.6741,0,3.0
3150.0,E04,8.231,2.0193,16.620,2.6986,0,3.0
3270.0,G31,8.222,2.4643,20.262,3.2900,0,3.0
3330.0,G01,8.146,2.2996,18.733,3.0418,0,3.0
4230.0,E18,9.736,2.4572,23.922,3.8843,0,3.0
7650.0,G16,18.556,2.0828,38.648,6.2754,0,3.0
7830.0,G16,18.898,2.1361,40.367,6.5545,0,3.0
7920.0,G16,19.061,2.1629,41.227,6.6942,0,3.0
8100.0,G14,18.856,2.4729,46.628,7.5710,0,3.0
8100.0,G16,19.413,2.2170,43.037,6.9881,0,3.0
8190.0,G16,19.611,2.2440,44.008,7.1458,0,3.0
8250.0,E02,19.258,2.4589,47.353,7.6889,0,3.0
8490.0,G16,20.237,2.3338,47.230,7.6688,0,3.0
8910.0,E02,21.401,2.3297,49.858,8.0955,0,3.0
8970.0,E03,21.264,2.4269,51.607,8.3795,0,3.0
10140.0,G30,24.024,2.5488,61.233,9.9425,0,3.5
10380.0,G03,26.852,2.0044,53.823,8.7393,0,3.1
10530.0,G03,27.126,2.0408,55.360,8.9889,0,3.1
10740.0,G03,27.492,2.0922,57.518,9.3394,0,3.3
10920.0,G03,27.796,2.1365,59.385,9.6425,0,3.4
11010.0,G22,26.464,2.4772,65.556,10.6445,0,3.7
11040.0,G27,29.181,1.9302,56.326,9.1457,0,3.2
11190.0,G03,28.231,2.2029,62.188,10.0977,0,3.5
11340.0,G27,29.772,1.9985,59.501,9.6613,0,3.4
11430.0,G27,29.936,2.0200,60.471,9.8188,0,3.4
11490.0,G22,28.221,2.3795,67.152,10.9037,0,3.8
11850.0,G27,30.603,2.1258,65.057,10.5635,0,3.7
12060.0,G27,30.871,2.1818,67.355,10.9365,0,3.8
12690.0,G27,31.592,2.3582,74.500,12.0967,0,4.2
12750.0,G30,32.947,2.1721,71.565,11.6202,0,4.1
12810.0,G02,33.138,2.1700,71.907,11.6757,0,4.1
12810.0,G27,31.673,2.3923,75.772,12.3033,0,4.3
13110.0,G02,34.227,2.1405,73.263,11.8959,0,4.2
13560.0,G17,35.640,2.1289,75.875,12.3200,0,4.3
13740.0,G01,35.367,2.2362,79.087,12.8415,0,4.5
14100.0,G02,37.805,2.0555,77.708,12.6177,0,4.4
14400.0,G08,41.853,1.6005,66.985,10.8766,0,3.8
14490.0,G08,42.128,1.6178,68.156,11.0667,0,3.9
14580.0,G08,42.401,1.6356,69.352,11.2609,0,3.9
14640.0,G01,39.230,2.1186,83.111,13.4949,0,4.7
14730.0,G08,42.851,1.6663,71.401,11.5935,0,4.1
14820.0,G08,43.117,1.6853,72.664,11.7986,0,4.1
14910.0,G08,43.382,1.7047,73.953,12.0079,0,4.2
15030.0,G02,41.860,1.9979,83.633,13.5797,0,4.8
15030.0,G08,43.731,1.7313,75.711,12.2934,0,4.3
15120.0,G01,41.787,2.0561,85.918,13.9508,0,4.9
15270.0,G08,44.415,1.7869,79.367,12.8870,0,4.5
15360.0,G08,44.666,1.8086,80.785,13.1173,0,4.6
15450.0,G01,43.537,2.0142,87.692,14.2387,0,5.0
15450.0,G08,44.915,1.8308,82.230,13.3519,0,4.7
15690.0,G08,45.520,1.8920,86.125,13.9843,0,4.9
15840.0,G08,45.864,1.9319,88.602,14.3866,0,5.0
15930.0,G08,46.062,1.9563,90.110,14.6314,0,5.1
16080.0,G08,46.375,1.9979,92.653,15.0442,0,5.3
16170.0,G08,46.553,2.0234,94.194,15.2945,0,5.4
16290.0,G08,46.778,2.0579,96.263,15.6305,0,5.5
16290.0,G19,44.703,2.2795,101.902,16.5461,0,5.8
16440.0,G08,47.039,2.1018,98.866,16.0531,0,5.6
16530.0,G08,47.184,2.1285,100.432,16.3074,0,5.7
16710.0,G08,47.447,2.1827,103.560,16.8153,0,5.9
16800.0,G08,47.554,2.2100,105.095,17.0646,0,6.0
16890.0,G08,47.641,2.2375,106.596,17.3083,0,6.1
16980.0,G08,47.714,2.2650,108.072,17.5480,0,6.1
17130.0,G04,50.961,1.9894,101.383,16.4617,0,5.8
17460.0,G02,52.441,1.9824,103.958,16.8798,0,5.9
18720.0,G02,56.288,2.0666,116.323,18.8876,0,6.6
18810.0,G02,56.494,2.0753,117.240,19.0366,0,6.7
18930.0,G02,56.763,2.0875,118.491,19.2396,0,6.7
19140.0,G02,57.219,2.1104,120.753,19.6070,0,6.9
19290.0,G02,57.533,2.1280,122.428,19.8789,0,7.0
19440.0,G02,57.836,2.1466,124.150,20.1586,0,7.1
19560.0,G02,58.071,2.1622,125.562,20.3878,0,7.1
19650.0,G02,58.243,2.1744,126.640,20.5629,0,7.2
19890.0,G02,58.637,2.2085,129.498,21.0269,0,7.4
19920.0,G13,56.491,2.3673,133.730,21.7140,0,7.6
20100.0,G02,58.881,2.2404,131.915,21.4193,0,7.5
20250.0,G02,59.027,2.2642,133.651,21.7012,0,7.6
20430.0,G02,59.167,2.2941,135.732,22.0392,0,7.7
20580.0,G02,59.254,2.3198,137.457,22.3192,0,7.8
20760.0,G06,57.325,2.4667,141.405,22.9602,0,8.0
21780.0,G09,63.350,2.2747,144.099,23.3978,0,8.2
21810.0,E34,63.026,2.2983,144.851,23.5198,0,8.2
21870.0,G09,63.071,2.3003,145.082,23.5573,0,8.2
21960.0,G09,62.779,2.3258,146.011,23.7082,0,8.3
22020.0,G06,65.641,2.1034,138.071,22.4189,0,7.8
22140.0,G09,62.158,2.3760,147.691,23.9810,0,8.4
22290.0,G09,61.601,2.4170,148.891,24.1757,0,8.5
22470.0,G09,60.858,2.4648,150.002,24.3562,0,8.5
23820.0,G01,69.722,1.8996,132.442,21.5050,0,7.5
23910.0,G01,69.742,1.9130,133.417,21.6633,0,7.6
24000.0,G01,69.757,1.9269,134.414,21.8252,0,7.6
24090.0,G01,69.769,1.9412,135.433,21.9906,0,7.7
24180.0,G01,69.776,1.9559,136.473,22.1595,0,7.8
24270.0,G01,69.779,1.9710,137.535,22.3319,0,7.8
24360.0,G01,69.778,1.9865,138.617,22.5076,0,7.9
24450.0,G01,69.772,2.0025,139.720,22.6866,0,7.9
24540.0,G01,69.761,2.0189,140.842,22.8688,0,8.0
24660.0,G01,69.739,2.0414,142.367,23.1165,0,8.1
24750.0,G01,69.717,2.0588,143.532,23.3056,0,8.2
24900.0,G01,69.668,2.0886,145.510,23.6269,0,8.3
24990.0,G01,69.632,2.1071,146.718,23.8229,0,8.3
25080.0,G01,69.589,2.1259,147.939,24.0211,0,8.4
25230.0,G01,69.472,2.1581,149.927,24.3440,0,8.5
25320.0,G01,69.315,2.1779,150.960,24.5118,0,8.6
25500.0,G01,68.817,2.2185,152.672,24.7897,0,8.7
25590.0,G01,68.492,2.2393,153.377,24.9041,0,8.7
25680.0,G01,68.158,2.2604,154.063,25.0156,0,8.8
25770.0,G01,67.811,2.2817,154.727,25.1234,0,8.8
25860.0,G01,67.454,2.3033,155.366,25.2271,0,8.8
26100.0,G01,66.441,2.3617,156.914,25.4785,0,8.9
26220.0,G01,65.901,2.3912,157.584,25.5873,0,9.0
26580.0,G11,67.980,2.2852,155.351,25.2247,0,8.8
26700.0,G11,68.666,2.2469,154.284,25.0514,0,8.8
26850.0,G11,69.484,2.1990,152.793,24.8095,0,8.7
27000.0,G11,69.941,2.1514,150.473,24.4326,0,8.6
27090.0,G11,70.185,2.1231,149.011,24.1952,0,8.5
27180.0,G11,70.420,2.0950,147.532,23.9551,0,8.4
27270.0,G11,70.646,2.0672,146.040,23.7129,0,8.3
27420.0,G11,71.004,2.0215,143.537,23.3064,0,8.2
27750.0,G07,71.709,1.9254,138.072,22.4191,0,7.8
27780.0,G11,71.775,1.9160,137.518,22.3292,0,7.8
28080.0,E30,66.155,2.4091,159.375,25.8782,0,9.1
28200.0,G07,70.863,2.0611,146.055,23.7154,0,8.3
29070.0,E14,70.143,1.1956,83.861,13.6167,0,4.8
29520.0,G24,67.698,2.3878,161.649,26.2474,0,9.2
29550.0,E03,72.408,1.9682,142.513,23.1402,0,8.1
30210.0,E03,72.513,2.0781,150.692,24.4683,0,8.6
30750.0,G21,67.602,2.4662,166.722,27.0710,0,9.5
31140.0,G21,69.735,2.3867,166.438,27.0250,0,9.5
31140.0,G24,74.116,1.9810,146.821,23.8397,0,8.3
31380.0,G21,70.968,2.3350,165.709,26.9066,0,9.4
31380.0,G30,74.864,1.8008,134.818,21.8907,0,7.7
31590.0,G30,75.210,1.8573,139.688,22.6815,0,7.9
31770.0,G21,72.904,2.2476,163.856,26.6057,0,9.3
31920.0,G30,75.134,1.9505,146.553,23.7961,0,8.3
32130.0,G21,74.324,2.1646,160.880,26.1225,0,9.1
33540.0,G13,70.860,2.3765,168.397,27.3430,0,9.6
33810.0,G12,67.254,2.5097,168.786,27.4062,0,9.6
34170.0,G17,74.200,2.1473,159.332,25.8712,0,9.1
34290.0,G05,69.223,2.4331,168.425,27.3476,0,9.6
34380.0,G17,73.966,2.1711,160.584,26.0744,0,9.1
34440.0,G05,70.024,2.3924,167.525,27.2015,0,9.5
34560.0,G05,70.654,2.3591,166.682,27.0645,0,9.5
34980.0,G05,72.772,2.2397,162.986,26.4645,0,9.3
34980.0,G12,73.480,2.2004,161.686,26.2533,0,9.2
35070.0,G05,73.208,2.2138,162.066,26.3151,0,9.2
35070.0,G12,73.702,2.1755,160.342,26.0351,0,9.1
35280.0,G12,74.097,2.1177,156.917,25.4791,0,8.9
35400.0,G12,74.323,2.0849,154.957,25.1608,0,8.8
35400.0,G17,71.822,2.2803,163.779,26.5933,0,9.3
35490.0,G05,74.237,2.0930,155.380,25.2294,0,8.8
35490.0,G12,74.493,2.0604,153.489,24.9223,0,8.7
35580.0,G05,74.419,2.0674,153.854,24.9816,0,8.7
35580.0,G12,74.664,2.0361,152.024,24.6844,0,8.6
35670.0,G05,74.600,2.0420,152.330,24.7343,0,8.7
35730.0,G12,74.947,1.9960,149.594,24.2899,0,8.5
35760.0,G05,74.782,2.0167,150.811,24.4876,0,8.6
35970.0,G05,75.203,1.9586,147.293,23.9163,0,8.4
36060.0,G12,75.550,1.9099,144.290,23.4287,0,8.2
36090.0,G05,75.412,1.9260,145.244,23.5837,0,8.3
36180.0,G05,75.561,1.9019,143.710,23.3345,0,8.2
36180.0,G12,75.735,1.8794,142.337,23.1115,0,8.1
36270.0,G12,75.876,1.8569,140.891,22.8768,0,8.0
36360.0,G05,75.860,1.8546,140.690,22.8442,0,8.0
36540.0,G12,75.817,1.7911,135.795,22.0493,0,7.7
37080.0,G14,73.656,2.0684,152.351,24.7376,0,8.7
37170.0,G14,73.385,2.0904,153.403,24.9084,0,8.7
37230.0,G12,75.690,1.6363,123.851,20.1100,0,7.0
37260.0,G14,73.102,2.1127,154.444,25.0774,0,8.8
37350.0,G06,75.694,1.6035,121.373,19.7077,0,6.9
37350.0,G12,75.689,1.6114,121.966,19.8039,0,6.9
37440.0,G12,75.692,1.5931,120.588,19.5802,0,6.9
37560.0,G06,75.638,1.6447,124.403,20.1997,0,7.1
37680.0,G06,75.597,1.6690,126.171,20.4866,0,7.2
37800.0,G06,75.550,1.6937,127.962,20.7775,0,7.3
37890.0,G06,75.510,1.7126,129.320,20.9981,0,7.3
38010.0,G06,75.450,1.7382,131.150,21.2952,0,7.5
38100.0,G06,75.401,1.7577,132.535,21.5201,0,7.5
38190.0,G06,75.348,1.7775,133.931,21.7467,0,7.6
38310.0,G06,75.270,1.8042,135.805,22.0510,0,7.7
38370.0,E13,64.117,2.4813,159.094,25.8325,0,9.0
38400.0,G06,75.207,1.8246,137.220,22.2807,0,7.8
38490.0,G06,75.139,1.8451,138.642,22.5116,0,7.9
38730.0,G06,74.509,1.9011,141.646,22.9994,0,8.0
38820.0,G06,74.241,1.9224,142.721,23.1739,0,8.1
38910.0,G06,73.964,1.9439,143.781,23.3461,0,8.2
39030.0,G06,73.582,1.9729,145.169,23.5714,0,8.2
39150.0,G06,73.182,2.0021,146.521,23.7910,0,8.3
39240.0,G06,72.872,2.0242,147.510,23.9515,0,8.4
39330.0,G06,72.552,2.0464,148.473,24.1079,0,8.4
39420.0,G06,72.221,2.0688,149.409,24.2599,0,8.5
39570.0,G25,62.164,2.4976,155.258,25.2097,0,8.8
39660.0,G06,71.280,2.1286,151.726,24.6362,0,8.6
39780.0,G06,70.769,2.1586,152.765,24.8048,0,8.7
39780.0,G22,73.044,1.9816,144.745,23.5026,0,8.2
39900.0,G22,72.572,2.0119,146.011,23.7082,0,8.3
39930.0,G06,70.104,2.1962,153.959,24.9987,0,8.7
40140.0,G06,68.716,2.2485,154.506,25.0875,0,8.8
40140.0,G22,71.573,2.0748,148.501,24.1125,0,8.4
40320.0,G22,70.772,2.1238,150.302,24.4049,0,8.5
40500.0,G25,69.214,2.2130,153.174,24.8712,0,8.7
40590.0,G25,69.681,2.1854,152.282,24.7263,0,8.7
40770.0,G25,70.286,2.1308,149.763,24.3175,0,8.5
41040.0,G25,71.119,2.0510,145.863,23.6841,0,8.3
41250.0,G19,68.914,2.1969,151.394,24.5823,0,8.6
41250.0,G25,71.709,1.9911,142.783,23.1840,0,8.1
41340.0,G25,71.948,1.9662,141.461,22.9694,0,8.0
41460.0,G19,68.298,2.2156,151.318,24.5698,0,8.6
41550.0,G25,72.475,1.9095,138.393,22.4713,0,7.9
41730.0,G15,59.022,2.5223,148.874,24.1730,0,8.5
41760.0,G25,72.960,1.8554,135.369,21.9803,0,7.7
41850.0,G25,73.019,1.8329,133.839,21.7318,0,7.6
41940.0,G25,73.037,1.8110,132.268,21.4766,0,7.5
42150.0,G25,73.075,1.7616,128.727,20.9016,0,7.3
42330.0,G25,73.105,1.7213,125.833,20.4318,0,7.2
42420.0,G25,73.118,1.7018,124.435,20.2048,0,7.1
42480.0,G19,64.956,2.3141,150.315,24.4071,0,8.5
42570.0,G25,73.139,1.6705,122.177,19.8382,0,6.9
42660.0,G25,73.151,1.6523,120.866,19.6253,0,6.9
42690.0,G15,63.857,2.3481,149.946,24.3471,0,8.5
42750.0,G25,73.161,1.6346,119.586,19.4175,0,6.8
42840.0,G25,73.172,1.6173,118.338,19.2149,0,6.7
42960.0,G25,73.184,1.5949,116.723,18.9527,0,6.6
43140.0,G25,73.200,1.5629,114.404,18.5760,0,6.5
43380.0,G29,58.312,2.4912,145.270,23.5878,0,8.3
43470.0,G15,66.565,2.1860,145.513,23.6273,0,8.3
43590.0,G15,66.599,2.1602,143.870,23.3606,0,8.2
43590.0,G29,59.073,2.4548,145.014,23.5463,0,8.2
43890.0,G29,59.856,2.4002,143.666,23.3273,0,8.2
44250.0,G29,60.729,2.3311,141.566,22.9864,0,8.0
44550.0,G13,64.238,2.1296,136.801,22.2127,0,7.8
44550.0,G15,66.689,1.9533,130.265,21.1515,0,7.4
44610.0,G29,61.526,2.2591,138.991,22.5683,0,7.9
44700.0,G13,64.128,2.1072,135.128,21.9410,0,7.7
44760.0,G15,66.664,1.9090,127.260,20.6636,0,7.2
44850.0,G15,66.648,1.8902,125.977,20.4553,0,7.2
44850.0,G29,62.013,2.2099,137.040,22.2516,0,7.8
44940.0,G13,63.943,2.0713,132.446,21.5056,0,7.5
44940.0,G15,66.629,1.8715,124.699,20.2476,0,7.1
45030.0,G13,63.871,2.0579,131.441,21.3424,0,7.5
45060.0,G15,66.573,1.8469,122.951,19.9639,0,7.0
45120.0,G29,62.206,2.1538,133.977,21.7541,0,7.6
45180.0,G15,66.350,1.8225,120.923,19.6345,0,6.9
45210.0,G13,63.723,2.0312,129.435,21.0166,0,7.4
45210.0,G29,62.226,2.1349,132.849,21.5709,0,7.5
45270.0,G15,66.182,1.8044,119.420,19.3905,0,6.8
45330.0,G13,63.620,2.0135,128.102,20.8002,0,7.3
45330.0,G29,62.248,2.1098,131.331,21.3246,0,7.5
45420.0,G15,65.900,1.7747,116.951,18.9897,0,6.6
45450.0,G29,62.265,2.0846,129.801,21.0761,0,7.4
45570.0,G15,65.617,1.7455,114.530,18.5966,0,6.5
45660.0,G15,65.445,1.7282,113.101,18.3645,0,6.4
45660.0,G18,50.177,2.5227,126.583,20.5536,0,7.2
45780.0,G15,65.215,1.7055,111.224,18.0597,0,6.3
45870.0,G15,65.042,1.6887,109.837,17.8346,0,6.2
45870.0,G24,52.825,2.4374,128.756,20.9064,0,7.3
45900.0,G13,63.086,1.9316,121.855,19.7858,0,6.9
45960.0,G15,64.868,1.6722,108.469,17.6124,0,6.2
46020.0,G13,62.963,1.9148,120.564,19.5763,0,6.9
46050.0,G15,64.693,1.6558,107.120,17.3934,0,6.1
46110.0,G13,62.869,1.9024,119.604,19.4204,0,6.8
46170.0,G29,62.266,1.9347,120.466,19.5603,0,6.8
46200.0,G13,62.772,1.8902,118.650,19.2656,0,6.7
46230.0,G15,64.342,1.6238,104.479,16.9645,0,5.9
46320.0,G15,64.165,1.6082,103.187,16.7547,0,5.9
46320.0,G29,62.244,1.9040,118.514,19.2434,0,6.7
46350.0,G18,50.591,2.4617,124.542,20.2222,0,7.1
46380.0,E03,61.776,1.9261,118.989,19.3206,0,6.8
46470.0,G23,51.319,2.4284,124.623,20.2353,0,7.1
46500.0,G24,49.371,2.4815,122.513,19.8927,0,7.0
46560.0,G29,62.194,1.8555,115.404,18.7384,0,6.6
46590.0,G23,52.004,2.3941,124.503,20.2158,0,7.1
46650.0,G29,62.071,1.8376,114.060,18.5203,0,6.5
46740.0,G13,61.907,1.8197,112.652,18.2916,0,6.4
46740.0,G29,61.907,1.8198,112.655,18.2921,0,6.4
46770.0,G23,52.951,2.3423,124.028,20.1387,0,7.0
46950.0,G23,53.685,2.2907,122.975,19.9677,0,7.0
47040.0,G13,60.935,1.7831,108.655,17.6426,0,6.2
47040.0,G23,54.001,2.2650,122.313,19.8602,0,7.0
47130.0,G23,54.291,2.2395,121.586,19.7422,0,6.9
47160.0,G13,60.509,1.7691,107.045,17.3812,0,6.1
47220.0,G23,54.557,2.2142,120.801,19.6147,0,6.9
47250.0,G13,60.187,1.7588,105.855,17.1879,0,6.0
47310.0,G23,54.756,2.1891,119.870,19.4636,0,6.8
47400.0,G23,54.793,2.1644,118.592,19.2561,0,6.7
47430.0,G13,59.537,1.7387,103.518,16.8085,0,5.9
47460.0,G18,49.667,2.3697,117.695,19.1105,0,6.7
47490.0,G23,54.814,2.1399,117.296,19.0456,0,6.7
47550.0,G29,59.374,1.6665,98.946,16.0660,0,5.6
47580.0,G13,58.989,1.7226,101.616,16.4997,0,5.8
47580.0,G18,49.491,2.3601,116.805,18.9659,0,6.6
47610.0,G23,54.818,2.1078,115.544,18.7611,0,6.6
47670.0,G29,58.968,1.6450,97.002,15.7505,0,5.5
47700.0,G23,54.805,2.0841,114.217,18.5457,0,6.5
47790.0,G23,54.777,2.0608,112.883,18.3290,0,6.4
47790.0,G29,58.558,1.6238,95.089,15.4399,0,5.4
47820.0,G18,49.116,2.3413,114.992,18.6715,0,6.5
47880.0,G23,54.736,2.0378,111.544,18.1116,0,6.3
47880.0,G29,58.247,1.6082,93.674,15.2101,0,5.3
47970.0,G29,57.934,1.5928,92.277,14.9832,0,5.2
48030.0,G18,48.765,2.3249,113.375,18.4090,0,6.4
48090.0,G29,57.513,1.5725,90.440,14.6850,0,5.1
48150.0,G18,48.557,2.3156,112.440,18.2571,0,6.4
48150.0,G23,54.539,1.9715,107.524,17.4590,0,6.1
48180.0,G29,57.194,1.5576,89.084,14.4647,0,5.1
48240.0,G18,48.396,2.3087,111.733,18.1424,0,6.3
48270.0,G29,56.872,1.5428,87.744,14.2473,0,5.0
48390.0,G18,48.122,2.2972,110.547,17.9498,0,6.3
48420.0,G29,56.332,1.5187,85.552,13.8913,0,4.9
48480.0,G23,54.160,1.8957,102.670,16.6708,0,5.8
48510.0,G29,56.005,1.5045,84.260,13.6816,0,4.8
48540.0,G18,47.840,2.2858,109.351,17.7556,0,6.2
48600.0,G11,46.328,2.3374,108.286,17.5826,0,6.2
48600.0,G23,53.988,1.8696,100.935,16.3890,0,5.7
48600.0,G29,55.675,1.4905,82.987,13.4747,0,4.7
48660.0,G18,47.609,2.2766,108.388,17.5992,0,6.2
48690.0,G23,53.848,1.8505,99.646,16.1798,0,5.7
48780.0,G18,47.373,2.2675,107.419,17.4420,0,6.1
48870.0,G23,53.261,1.8137,96.600,15.6852,0,5.5
48930.0,G18,47.073,2.2561,106.202,17.2442,0,6.0
48960.0,G23,52.962,1.7959,95.116,15.4443,0,5.4
49050.0,G23,52.658,1.7786,93.659,15.2076,0,5.3
49110.0,G18,46.703,2.2425,104.731,17.0055,0,6.0
49170.0,G23,52.247,1.7562,91.756,14.8987,0,5.2
49290.0,G18,46.326,2.2288,103.252,16.7653,0,5.9
49380.0,G18,46.134,2.2220,102.509,16.6446,0,5.8
49560.0,G18,45.746,2.2083,101.018,16.4025,0,5.7
49680.0,G11,39.073,2.4587,96.067,15.5987,0,5.5
49680.0,G18,45.483,2.1991,100.020,16.2404,0,5.7
49800.0,G18,45.180,2.1899,98.938,16.0648,0,5.6
49890.0,G18,44.928,2.1829,98.075,15.9246,0,5.6
50130.0,G11,35.871,2.5040,89.822,14.5847,0,5.1
50370.0,E07,36.768,2.4530,90.192,14.6447,0,5.1
50580.0,G18,43.468,2.1289,92.537,15.0255,0,5.3
50610.0,E07,37.809,2.4032,90.862,14.7535,0,5.2
51630.0,E07,41.768,2.1754,90.864,14.7538,0,5.2
52230.0,G10,32.087,2.5356,81.358,13.2103,0,4.6
52890.0,G10,35.581,2.4030,85.503,13.8834,0,4.9
52980.0,G10,35.937,2.3851,85.714,13.9176,0,4.9
53070.0,G12,40.314,2.1705,87.503,14.2080,0,5.0
53130.0,G10,36.495,2.3556,85.968,13.9588,0,4.9
53280.0,G12,39.164,2.2257,87.169,14.1538,0,5.0
53580.0,G12,37.215,2.3038,85.735,13.9210,0,4.9
53970.0,G12,34.549,2.4020,82.988,13.4749,0,4.7
54360.0,G24,38.892,2.1793,84.758,13.7623,0,4.8
54780.0,G24,39.199,2.1278,83.406,13.5428,0,4.7
55440.0,G24,39.740,2.0462,81.316,13.2035,0,4.6
55770.0,G25,40.340,1.9823,79.964,12.9840,0,4.5
55950.0,E03,37.704,2.1612,81.488,13.2314,0,4.6
56460.0,G13,37.081,2.1719,80.535,13.0766,0,4.6
56850.0,G25,36.647,2.1768,79.771,12.9527,0,4.5
56970.0,G32,32.127,2.3688,76.100,12.3566,0,4.3
59400.0,E26,27.313,2.3824,65.071,10.5658,0,3.7
59820.0,E29,31.354,2.1508,67.438,10.9500,0,3.8
60720.0,G10,35.410,1.7041,60.342,9.7978,0,3.4
60810.0,G10,35.228,1.7027,59.982,9.7394,0,3.4
61140.0,G15,25.683,2.2912,58.844,9.5547,0,3.3
61410.0,G27,21.243,2.4591,52.239,8.4822,0,3.0
61560.0,G27,21.836,2.4231,52.911,8.5913,0,3.0
61710.0,G27,22.353,2.3871,53.359,8.6641,0,3.0
62160.0,G27,23.487,2.2815,53.585,8.7007,0,3.0
62910.0,E18,23.147,2.1934,50.771,8.2438,0,3.0
62970.0,G10,29.383,1.6732,49.164,7.9828,0,3.0
63060.0,G10,29.126,1.6719,48.696,7.9068,0,3.0
63180.0,G27,24.214,2.0702,50.128,8.1394,0,3.0
63270.0,G28,17.462,2.4688,43.109,6.9998,0,3.0
63300.0,G27,24.180,2.0486,49.535,8.0431,0,3.0
63390.0,G27,24.141,2.0330,49.077,7.9688,0,3.0
63390.0,G28,17.846,2.4370,43.491,7.0617,0,3.0
63480.0,G27,24.091,2.0177,48.609,7.8928,0,3.0
63780.0,G27,23.855,1.9699,46.993,7.6304,0,3.0
63780.0,G28,18.922,2.3291,44.072,7.1562,0,3.0
63870.0,G27,23.764,1.9565,46.496,7.5496,0,3.0
63870.0,G28,19.117,2.3035,44.037,7.1504,0,3.0
63960.0,G28,19.294,2.2777,43.946,7.1356,0,3.0
64350.0,G29,18.191,2.2905,41.668,6.7657,0,3.0
67890.0,G31,14.597,2.3275,33.976,5.5167,0,3.0
68310.0,G31,15.685,2.1980,34.476,5.5979,0,3.0
68640.0,G31,16.475,2.0970,34.546,5.6094,0,3.0
68850.0,G31,16.926,2.0340,34.428,5.5901,0,3.0
69030.0,G08,12.760,2.4319,31.031,5.0385,0,3.0
69480.0,G08,12.754,2.4180,30.839,5.0075,0,3.0
69720.0,G08,12.712,2.4135,30.681,4.9817,0,3.0
69900.0,G02,11.461,2.5256,28.947,4.7002,0,3.0
70050.0,G08,12.617,2.4103,30.410,4.9378,0,3.0
70380.0,E33,15.348,2.1078,32.350,5.2527,0,3.0
70590.0,G26,11.338,2.5179,28.549,4.6356,0,3.0
70620.0,G08,12.361,2.4129,29.825,4.8428,0,3.0
71010.0,G26,11.783,2.4520,28.893,4.6914,0,3.0
71190.0,G26,12.045,2.4215,29.166,4.7358,0,3.0
71820.0,G08,11.536,2.4474,28.232,4.5842,0,3.0
72210.0,G26,13.297,2.2296,29.646,4.8137,0,3.0
72330.0,G25,12.744,2.2947,29.243,4.7483,0,3.0
72840.0,G26,13.964,2.1011,29.340,4.7639,0,3.0
73380.0,G26,14.374,1.9897,28.599,4.6438,0,3.0
73500.0,G23,14.629,1.9338,28.290,4.5936,0,3.0
74280.0,G25,11.922,2.3098,27.537,4.4713,0,3.0
74970.0,G01,10.933,2.4392,26.669,4.3303,0,3.0
75270.0,G23,12.150,2.1850,26.548,4.3107,0,3.0
75450.0,G16,10.536,2.5087,26.431,4.2917,0,3.0
75480.0,G25,11.084,2.3918,26.511,4.3047,0,3.0
75870.0,G25,10.644,2.4306,25.872,4.2009,0,3.0
76050.0,E07,11.671,2.1534,25.133,4.0809,0,3.0
77220.0,G16,10.612,2.1084,22.375,3.6331,0,3.0
77970.0,G16,10.271,1.9299,19.822,3.2185,0,3.0
79350.0,G03,8.071,2.4208,19.539,3.1726,0,3.0
80850.0,G04,7.581,2.5487,19.322,3.1373,0,3.0
81420.0,G04,7.309,2.4925,18.218,2.9581,0,3.0
81990.0,G32,6.932,2.2301,15.459,2.5101,0,3.0
82350.0,G04,6.862,2.3881,16.388,2.6610,0,3.0
82440.0,G27,6.919,2.4783,17.146,2.7841,0,3.0
82530.0,G32,6.697,2.2739,15.229,2.4727,0,3.0
83100.0,G32,6.614,2.3230,15.365,2.4949,0,3.0
83250.0,E26,6.559,2.0431,13.401,2.1760,0,3.0
83370.0,E23,6.684,1.7552,11.731,1.9048,0,3.0
83460.0,G32,6.644,2.3557,15.651,2.5413,0,3.0
83790.0,G27,6.625,2.3334,15.458,2.5100,0,3.0
83970.0,G27,6.606,2.3106,15.265,2.4786,0,3.0
84270.0,G32,6.710,2.4345,16.335,2.6523,0,3.0
84810.0,G08,6.786,2.4945,16.928,2.7486,0,3.0
85170.0,G27,6.561,2.1435,14.063,2.2835,0,3.0
85320.0,G27,6.573,2.1215,13.944,2.2641,0,3.0
85710.0,G27,6.605,2.0636,13.631,2.2132,0,3.0
86010.0,G08,6.608,2.3011,15.207,2.4691,0,3.0
86010.0,G27,6.631,2.0191,13.388,2.1739,0,3.0
