epoch,sod,dx,dy,dz,receiver_clock_mm,zwd_mm,pos_update_norm_mm,clk_update_mm,zwd_update_mm,condP,pos_sigma_mm,clk_sigma_mm,zwd_sigma_mm,gps_amb_sigma_mean_mm,gps_amb_sigma_min_mm,gps_amb_sigma_max_mm,gps_phase_rms_mm,gps_code_rms_mm
0,0.0,-0.110800,2.944369,-1.836521,-1906.2302,179.4124,3471.9434,3000.0000,20.5876,6.6918e+04,9592.2205,5302.6320,38.4107,20000.00,20000.00,20000.00,nan,nan
1,30.0,-0.939435,1.112121,-0.969824,-2225.4966,170.7833,2189.7335,319.2664,8.6291,4.5561e+04,6691.9892,3695.6961,32.5804,6268.30,3672.84,9562.09,1441.0936,2882.8774
2,60.0,-0.568277,1.350930,0.810606,-851.9912,166.4434,1834.3168,1373.5053,4.3399,3.8964e+04,5487.0567,3033.8902,28.9402,3363.76,2130.64,4730.96,1188.5229,3087.2366
3,90.0,-0.323397,1.669409,2.122193,311.2812,164.0025,1371.7340,1163.2725,2.4409,3.5233e+04,4762.8788,2636.2613,26.4396,4793.03,1622.20,20000.00,842.3517,689.5046
4,120.0,-0.149148,2.643661,3.009113,1691.4788,162.6276,1328.9686,1380.1975,1.3749,3.2602e+04,4265.4654,2363.2800,24.6221,2953.30,1498.56,9396.40,678.6191,3719.2658
5,150.0,-0.273073,2.829151,2.916133,1800.3363,160.7071,241.6798,108.8575,1.9205,3.0510e+04,3896.8437,2161.3379,23.2520,2088.08,1407.61,4620.90,234.3636,2138.6118
6,180.0,-0.318535,2.496690,2.784707,1510.1323,159.0070,360.3750,290.2039,1.7001,2.8717e+04,3609.2909,2004.0523,22.1929,1704.27,1195.93,2812.25,281.6426,1175.7511
7,210.0,-0.272799,2.598538,2.838694,1659.9110,158.0641,124.0140,149.7787,0.9429,2.7116e+04,3376.8359,1877.1017,21.3595,1493.22,1049.24,1938.88,196.8770,1692.9119
8,240.0,-0.446885,2.647112,2.787557,1627.9183,156.9796,187.8299,31.9927,1.0845,2.5648e+04,3183.8059,1771.9241,20.6956,1369.61,1010.73,1800.90,91.8913,2246.1340
9,270.0,-0.670877,2.580869,2.538734,1294.0854,155.1914,341.2820,333.8329,1.7882,2.4291e+04,3020.0924,1682.9068,20.1612,1279.53,978.63,1722.36,260.7482,2267.6334
10,300.0,-0.865269,2.476459,2.451451,1143.3748,154.2510,237.2931,150.7106,0.9404,2.3029e+04,2878.8835,1606.2872,19.7277,1209.14,929.14,1654.57,153.8136,1166.3055
11,330.0,-0.860092,2.311851,2.465464,1047.9923,153.8041,165.2850,95.3825,0.4469,2.1765e+04,2756.3410,1540.9227,19.3765,1213.70,931.41,1595.39,137.2328,898.5354
12,360.0,-0.874471,2.413269,2.431316,1124.4961,153.4175,107.9747,76.5039,0.3866,2.0610e+04,2648.0029,1483.3358,19.0890,1175.00,913.58,1542.72,184.1784,1175.1114
13,390.0,-0.864722,2.344305,2.415403,1102.7172,153.0835,71.4445,21.7790,0.3340,1.9549e+04,2551.2859,1432.0820,18.8527,1139.07,897.27,1495.19,88.1098,1075.6776
14,420.0,-0.924239,2.249675,2.420964,1044.8321,152.7719,111.9283,57.8850,0.3116,1.8569e+04,2464.2193,1386.0576,18.6580,1105.45,882.11,1451.77,110.9644,925.8967
15,450.0,-0.911537,2.160164,2.437045,974.1736,152.4708,91.8271,70.6586,0.3012,1.7662e+04,2385.2706,1344.4037,18.4971,1073.82,867.80,1411.66,90.3141,1440.6557
16,480.0,-2.378085,2.848280,2.708837,1590.6251,154.6345,1642.6010,616.4515,2.1637,1.6833e+04,2283.2700,1298.4792,18.3565,3738.30,847.38,20000.00,870.6447,2306.1469
17,510.0,-1.851922,2.723950,2.605669,1452.7150,153.4204,550.4087,137.9101,1.2141,1.6058e+04,2200.4768,1257.9730,18.2416,2273.55,831.46,9968.46,562.6040,1886.6173
18,540.0,-1.177156,2.404181,2.484145,1137.9747,151.7919,756.5243,314.7403,1.6285,1.5330e+04,2129.5131,1221.4030,18.1469,1538.70,817.75,5015.38,395.6597,2451.6803
19,570.0,-0.460627,1.936456,2.348551,665.4086,149.7301,866.3520,472.5661,2.0618,1.4645e+04,2066.7357,1187.9277,18.0684,1514.01,789.24,5013.11,464.6366,2566.2472
20,600.0,-0.893295,2.173689,1.776814,638.1129,146.7572,755.2247,27.2956,2.9730,2.6222e+03,883.6872,513.8301,17.9840,1064.70,292.20,5006.84,406.8914,2779.9654
21,630.0,-1.304007,1.753018,1.765636,290.5338,146.2090,588.0253,347.5791,0.5481,1.5184e+03,667.2954,397.2622,17.9280,978.30,213.77,5005.30,402.1692,1135.4124
22,660.0,-1.419595,2.505281,1.775504,718.3120,146.8451,761.1556,427.7781,0.6361,1.0944e+03,562.8247,342.2346,17.8850,257.63,176.07,318.37,478.9426,1016.0559
23,690.0,-1.268206,2.746194,1.715531,827.8056,147.2118,290.7825,109.4936,0.3667,8.6697e+02,497.5164,307.4004,17.8477,226.38,152.77,275.95,132.6696,1131.9162
24,720.0,-1.239991,2.147978,1.669842,331.4971,146.4424,600.6211,496.3085,0.7694,7.2369e+02,451.5063,282.4774,17.8150,204.24,136.54,251.07,344.2422,1580.8604
25,750.0,-1.195957,1.648254,1.572950,43.7539,146.1847,510.9314,287.7432,0.2578,6.2448e+02,416.7083,263.3592,17.7859,187.44,124.40,233.36,378.7784,1280.5881
26,780.0,-1.108180,1.514318,1.644864,-8.6507,146.5144,175.5428,52.4047,0.3297,5.5136e+02,389.1234,248.0121,17.7594,174.10,114.87,219.05,116.5258,1191.5481
27,810.0,-1.129058,1.230481,1.634703,-347.1355,145.2144,284.7853,338.4847,1.3000,4.9436e+02,366.5250,235.6328,17.7349,163.26,107.41,207.15,93.7447,1361.3793
28,840.0,-1.162955,1.130224,1.623720,-313.1933,145.9387,106.4008,33.9421,0.7243,4.5029e+02,347.5159,224.4933,17.7117,154.05,100.90,197.01,73.8543,943.3789
29,870.0,-1.275679,0.889862,1.726870,-535.3783,145.7804,284.8164,222.1850,0.1582,4.1374e+02,331.2276,215.1354,17.6891,146.17,95.39,188.25,121.5429,1265.5435
30,900.0,-1.305292,0.805292,1.798994,-546.1464,146.5319,115.0254,10.7681,0.7514,3.8335e+02,317.0515,206.9273,17.6667,139.32,90.64,180.58,108.9774,753.2217
31,930.0,-1.229426,0.625566,1.867770,-944.7444,144.9677,206.8511,398.5980,1.5641,3.5604e+02,304.5904,200.4088,17.6451,133.41,86.71,173.78,100.6366,1547.6075
32,960.0,-1.181458,0.694885,1.778343,-1059.8305,144.6261,122.8953,115.0861,0.3417,3.3574e+02,293.4447,193.0986,17.6227,128.04,83.00,167.70,65.5459,1399.3857
33,990.0,-1.112993,0.601641,1.853961,-889.7079,146.9867,138.2026,170.1226,2.3606,3.0380e+02,282.8496,192.2518,17.6165,2963.29,80.51,20000.00,386.5737,856.9915
34,1020.0,-1.088449,0.922360,1.919050,-486.5729,150.5216,328.1757,403.1350,3.5349,2.9795e+02,273.0849,180.3791,17.5823,1243.01,77.36,7987.30,182.2869,1298.3061
35,1050.0,-1.052768,1.023416,1.805635,-378.8334,149.8860,156.0399,107.7394,0.6356,2.8279e+02,264.2382,174.8211,17.5507,642.19,74.58,3807.72,102.5866,2003.8960
36,1080.0,-1.047826,1.035337,1.751500,-255.0893,149.4989,55.6517,123.7441,0.3870,2.6817e+02,255.2495,168.9027,17.5045,4772.87,71.95,20000.00,59.8351,1197.5248
37,1110.0,-1.012432,1.107773,1.720278,-347.9226,149.1570,86.4552,92.8333,0.3419,2.5508e+02,247.0969,163.6950,17.4630,4689.60,69.57,20000.00,80.6925,728.0711
38,1140.0,-0.975714,0.963270,1.688142,-536.0898,145.8494,152.5182,188.1672,3.3076,2.4339e+02,239.6499,158.9691,17.4242,4641.59,67.39,20000.00,102.9519,1596.3796
39,1170.0,-1.008183,0.802493,1.613594,-557.7597,142.7274,180.1699,21.6699,3.1220,2.3288e+02,232.8056,154.6325,17.3871,4610.74,65.39,20000.00,153.5085,1753.9832
40,1200.0,-1.044898,0.654946,1.608131,-765.2288,139.9110,152.1438,207.4692,2.8163,2.2338e+02,226.4811,150.6264,17.3508,4589.38,63.54,20000.00,101.2483,1488.0554
41,1230.0,-1.094845,0.574897,1.604948,-933.8783,138.3844,94.4074,168.6495,1.5267,2.1477e+02,220.6089,146.9061,17.3148,4573.77,61.83,20000.00,76.1061,1546.6330
42,1260.0,-1.112999,0.488639,1.636857,-867.5139,139.9362,93.7452,66.3644,1.5518,2.0692e+02,215.1331,143.4358,17.2785,4561.87,60.24,20000.00,100.6442,1296.1084
43,1290.0,-1.083422,0.444998,1.653992,-1078.5912,139.7155,55.4347,211.0772,0.2207,1.9928e+02,210.0221,140.3080,17.2428,4552.50,58.76,20000.00,39.5485,970.2652
44,1320.0,-1.128183,0.417346,1.635699,-1125.4789,140.1215,55.7026,46.8877,0.4061,1.9316e+02,205.2035,137.1313,17.2050,4544.92,57.37,20000.00,29.3026,1271.3223
45,1350.0,-1.109756,0.407429,1.594995,-932.5634,141.8030,45.7677,192.9155,1.6814,1.8643e+02,200.6949,134.8105,17.1691,4538.67,56.15,20000.00,59.5646,1157.1448
46,1380.0,-1.061735,0.412648,1.575753,-1050.2554,141.8208,51.9953,117.6919,0.0178,1.8155e+02,196.3963,131.5676,17.1286,4533.39,54.91,20000.00,61.9732,1484.3163
47,1410.0,-0.990009,0.424210,1.564347,-857.8175,143.9639,73.5421,192.4378,2.1431,1.7513e+02,192.3845,129.8811,17.0927,4528.91,53.86,20000.00,75.5011,1735.6948
48,1440.0,-0.918332,0.410385,1.593755,-775.3884,144.3623,78.6987,82.4291,0.3984,1.7158e+02,188.5031,126.5616,17.0485,4525.00,52.74,20000.00,60.9067,1722.7241
49,1470.0,-0.900479,0.497586,1.582482,-1081.8857,142.3595,89.7212,306.4973,2.0028,1.5264e+02,185.1443,130.3637,17.0778,4521.77,51.90,20000.00,164.2728,1795.3421
50,1500.0,-0.843113,0.551555,1.538188,-778.4114,145.4265,90.3631,303.4743,3.0670,1.4853e+02,182.1442,128.8699,17.0938,4518.97,51.17,20000.00,162.3114,2533.9108
51,1530.0,-0.808835,0.495779,1.492491,-876.3651,143.7890,79.8379,97.9537,1.6375,1.5859e+02,178.7334,120.3765,17.0117,4516.25,50.16,20000.00,67.4806,2077.2354
52,1560.0,-0.812242,0.521957,1.481085,-840.1877,145.0932,28.7573,36.1774,1.3042,1.5518e+02,175.3889,118.1771,16.9287,4513.77,49.21,20000.00,34.0733,614.5426
53,1590.0,-0.810502,0.542904,1.459074,-1009.0514,144.3600,30.4352,168.8637,0.7332,1.5151e+02,172.2126,116.2622,16.8568,4511.53,48.32,20000.00,43.0707,1496.4106
54,1620.0,-0.856900,0.501267,1.425096,-962.8019,144.4816,70.9995,46.2495,0.1217,1.4878e+02,169.1531,114.2279,16.7885,4509.49,47.47,20000.00,65.1855,1800.4708
55,1650.0,-0.875473,0.476301,1.406986,-1129.1783,143.2050,36.0036,166.3764,1.2767,1.4578e+02,166.2203,112.3773,16.7244,4507.62,46.66,20000.00,30.8281,1873.6335
56,1680.0,-0.878971,0.418134,1.391476,-1149.1429,142.1619,60.3008,19.9645,1.0430,1.4291e+02,163.4038,110.5975,16.6633,4505.91,45.88,20000.00,62.1147,1590.2007
57,1710.0,-0.916722,0.425536,1.376847,-969.3382,144.6988,41.1575,179.8046,2.5368,1.3951e+02,160.8737,109.5991,16.6119,4504.41,45.19,20000.00,37.9260,3117.5399
58,1740.0,-0.938830,0.478197,1.383233,-1135.8833,141.8666,57.4701,166.5450,2.8322,1.1778e+02,158.7984,121.8893,16.7194,8615.17,70.17,20000.00,366.5696,1839.0405
59,1770.0,-0.926135,0.528842,1.382282,-815.6959,145.0269,52.2206,320.1873,3.1604,1.2741e+02,156.6999,113.9755,16.7793,11144.66,69.32,20000.00,43.8638,1515.8180
60,1800.0,-0.872086,0.561887,1.385324,-883.5143,143.8695,63.4228,67.8184,1.1574,1.2618e+02,154.5182,112.5099,16.8350,7378.09,68.30,20000.00,70.2992,2428.7530
61,1830.0,-0.861913,0.536502,1.414735,-1093.4015,139.4636,40.1612,209.8871,4.4059,1.2022e+02,152.3744,112.7236,16.8887,6650.91,67.15,20000.00,87.8552,1884.3262
62,1860.0,-0.878162,0.485711,1.388616,-1110.0950,137.3464,59.3790,16.6935,2.1173,1.2011e+02,150.2908,110.3308,16.9304,8205.24,65.93,20000.00,64.9249,2101.0049
63,1890.0,-0.886616,0.426154,1.370753,-1066.4432,135.2423,62.7508,43.6518,2.1041,1.1755e+02,148.2331,109.1973,16.9553,6837.64,64.77,20000.00,72.3152,1871.6930
64,1920.0,-0.920436,0.390160,1.373727,-939.1071,136.2280,49.4796,127.3361,0.9857,1.1492e+02,146.3549,108.3868,16.9739,6797.42,63.67,20000.00,66.9327,1196.6358
65,1950.0,-0.921072,0.367440,1.373216,-839.6717,136.4043,22.7347,99.4354,0.1762,1.1241e+02,144.5863,107.5438,16.9939,5122.15,62.62,20000.00,46.3209,829.0747
66,1980.0,-0.921567,0.371402,1.357297,-1138.1745,134.7532,16.4121,298.5027,1.6511,1.0266e+02,143.0077,110.9731,17.0327,5105.30,61.79,20000.00,112.5141,1435.6227
67,2010.0,-0.918375,0.357033,1.350652,-1098.9910,136.4646,16.1497,39.1834,1.7115,1.0769e+02,141.3329,106.0146,17.0322,5093.10,60.80,20000.00,65.9185,1374.0900
68,2040.0,-0.944247,0.313797,1.344771,-954.5190,134.1486,50.7280,144.4720,2.3161,1.0611e+02,139.7099,105.0186,17.0301,5083.99,59.85,20000.00,46.9408,1840.5734
69,2070.0,-0.958866,0.338950,1.352290,-1074.2539,135.3615,30.0484,119.7350,1.2129,1.0426e+02,138.1353,104.1804,17.0250,5076.96,58.94,20000.00,86.2916,1664.2837
70,2100.0,-0.939081,0.370413,1.351936,-1012.9157,135.9651,37.1685,61.3382,0.6036,1.0250e+02,136.6066,103.3584,17.0171,5071.40,58.06,20000.00,63.3080,1384.9252
71,2130.0,-0.942782,0.393883,1.328273,-1125.8912,134.5968,33.5329,112.9755,1.3682,1.0083e+02,135.1211,102.5485,17.0065,5066.89,57.21,20000.00,84.5176,1536.1386
72,2160.0,-0.959775,0.393524,1.313386,-1171.5171,133.6559,22.5943,45.6259,0.9409,9.9376e+01,133.6405,101.7107,16.9855,7643.29,56.38,28284.27,37.9912,1230.2393
73,2190.0,-0.980543,0.397224,1.316332,-1359.4182,131.6012,21.2996,187.9012,2.0548,9.7905e+01,132.2011,100.9068,16.9639,7640.52,55.59,28284.27,70.6382,1565.1459
74,2220.0,-0.965894,0.426143,1.321768,-1283.4137,136.9424,32.8698,76.0046,5.3412,9.6330e+01,130.8337,100.1516,16.9496,7638.17,54.81,28284.27,51.1296,1858.7028
75,2250.0,-0.961926,0.411020,1.309645,-1151.8941,136.8872,19.7837,131.5196,0.0551,9.5074e+01,129.3797,99.1568,16.9241,8872.50,54.05,28284.27,79.1032,1411.5198
76,2280.0,-1.002364,0.387695,1.284894,-1078.8921,132.2019,52.8384,73.0020,4.6854,9.3704e+01,127.9656,98.3043,16.8980,7517.11,53.31,28284.27,33.8287,2560.6926
77,2310.0,-1.022982,0.367434,1.274352,-875.6235,134.3109,30.7695,203.2687,2.1090,8.8285e+01,126.6443,99.9466,16.8786,7170.57,52.68,28284.27,115.3073,2044.8941
78,2340.0,-1.037564,0.349263,1.273634,-1134.8882,134.1358,23.3095,259.2647,0.1751,9.0815e+01,125.3235,96.7696,16.8592,4689.45,51.98,20000.00,38.6419,1496.0277
79,2370.0,-1.035693,0.307654,1.276375,-1325.8434,132.0373,41.7409,190.9552,2.0985,8.9590e+01,124.0375,95.9148,16.8344,4624.48,51.29,20000.00,38.0940,1862.5740
80,2400.0,-1.054018,0.306245,1.268606,-1005.8330,134.9637,19.9535,320.0104,2.9264,7.8179e+01,122.9696,105.1368,16.8749,4588.07,50.80,20000.00,225.7442,1592.4577
81,2430.0,-1.051360,0.285697,1.266066,-1009.4682,133.6988,20.8746,3.6352,1.2649,8.6428e+01,121.7259,94.6109,16.8276,4564.26,50.14,20000.00,41.9143,1050.8847
82,2460.0,-1.071506,0.273880,1.261335,-1000.2893,132.0105,23.8300,9.1789,1.6883,8.5838e+01,120.5140,93.6473,16.7830,2384.97,49.49,20000.00,36.9490,1509.6872
83,2490.0,-1.085906,0.238206,1.264155,-1045.9484,128.7166,38.5733,45.6591,3.2939,8.4883e+01,119.3313,92.8809,16.7403,2355.12,48.86,20000.00,35.3933,1224.7576
84,2520.0,-1.089308,0.201878,1.265583,-1015.3031,128.5322,36.5156,30.6453,0.1844,8.3950e+01,118.1759,92.1189,16.6987,144.44,48.25,396.16,54.2085,1334.8772
85,2550.0,-1.103688,0.184498,1.261655,-1057.6465,127.9913,22.8968,42.3434,0.5409,8.3289e+01,117.0470,91.2931,16.6568,124.96,47.65,340.77,39.1196,1497.3036
86,2580.0,-1.123149,0.136934,1.268082,-949.2327,123.8590,51.7917,108.4138,4.1323,8.2425e+01,115.9432,90.5458,16.6150,2310.08,47.07,20000.00,49.6186,2019.8898
87,2610.0,-1.144666,0.086747,1.272516,-1201.4937,120.2866,54.7840,252.2610,3.5724,8.1417e+01,114.8640,90.1281,16.5758,1154.51,46.50,9657.76,45.3547,1368.9168
88,2640.0,-1.150128,0.055783,1.285409,-1352.9796,120.1034,33.9835,151.4860,0.1832,8.0939e+01,113.8071,89.0622,16.5296,604.69,45.95,4755.09,46.1505,1907.7016
89,2670.0,-1.133082,0.065714,1.277878,-1495.7230,119.7557,21.1165,142.7433,0.3478,8.0192e+01,112.7723,88.3267,16.4812,2294.42,45.40,20000.00,69.4918,1195.2460
90,2700.0,-1.112836,0.068757,1.255396,-1180.3469,123.8859,30.4073,315.3761,4.1303,7.0215e+01,111.9595,98.7630,16.5247,1253.71,49.14,9449.92,179.2120,1828.5632
91,2730.0,-1.110080,0.040076,1.250059,-1493.9794,119.9363,29.3038,313.6325,3.9496,6.9555e+01,111.1594,96.5505,16.5643,2798.45,48.49,20000.00,146.5142,1984.1923
92,2760.0,-1.105158,0.037473,1.244299,-1464.5045,122.4526,8.0111,29.4749,2.5163,7.3698e+01,110.2880,88.4438,16.4747,883.58,47.05,4623.06,40.9088,1511.2794
93,2790.0,-1.117997,0.053642,1.215353,-1261.2174,125.0248,35.5545,203.2871,2.5722,7.1554e+01,109.4650,89.8601,16.4104,503.19,46.18,2107.95,77.7636,1801.8200
94,2820.0,-1.143042,0.031786,1.205008,-996.2051,126.0041,34.8135,265.0124,0.9793,7.0329e+01,108.6809,92.1381,16.3786,351.25,45.60,1403.53,118.1891,1768.6356
95,2850.0,-1.154447,0.022770,1.193644,-1291.1934,123.9462,18.4523,294.9883,2.0580,7.1424e+01,107.8835,89.0351,16.3447,269.75,44.75,1085.57,69.5314,1752.2039
96,2880.0,-1.141095,0.016628,1.195431,-1132.2685,123.0197,14.8052,158.9249,0.9265,7.2319e+01,107.0737,85.3696,16.2498,219.16,43.58,870.55,40.0706,2395.5144
97,2910.0,-1.135104,0.022965,1.199516,-1365.8576,123.7506,9.6300,233.5891,0.7310,6.7900e+01,106.3907,89.6256,16.2666,2401.83,42.95,20000.00,119.9315,1361.8967
98,2940.0,-1.140753,0.023963,1.185378,-1154.4029,127.3973,15.2574,211.4547,3.6467,6.6389e+01,105.7282,86.9965,16.2431,1041.18,42.18,7974.07,73.8120,1793.4224
99,2970.0,-1.129224,0.023004,1.171277,-1035.4433,129.5457,18.2393,118.9596,2.1484,6.7227e+01,105.0535,84.2068,16.2056,564.07,41.22,3845.29,45.6920,1333.7459
100,3000.0,-1.122645,0.027202,1.155121,-1058.4257,129.1792,17.9415,22.9824,0.3665,6.6764e+01,104.4532,83.5092,16.1698,382.98,40.35,2343.17,51.9149,2336.6634
101,3030.0,-1.116942,0.045490,1.141091,-1113.9734,130.0814,23.7460,55.5477,0.9022,6.6428e+01,103.8028,82.7408,16.1311,291.23,39.54,1618.82,62.9076,1129.1465
102,3060.0,-1.124731,0.063696,1.133870,-1097.5290,131.1501,21.0770,16.4444,1.0687,6.4019e+01,103.2015,82.3441,16.1592,2449.51,38.79,20000.00,40.0398,2962.5619
103,3090.0,-1.126639,0.066888,1.116207,-1204.6388,131.0374,18.0500,107.1098,0.1127,6.3228e+01,102.6299,81.6874,16.1720,1248.56,38.11,9518.42,36.1688,2786.8117
104,3120.0,-1.120414,0.097359,1.090794,-1267.8243,134.5243,40.1636,63.1855,3.4869,6.2671e+01,102.0664,81.0316,16.1762,686.59,37.47,4693.15,38.6717,3446.5214
105,3150.0,-1.109399,0.112080,1.078085,-1305.7690,136.5235,22.3508,37.9447,1.9993,6.2199e+01,101.5104,80.3872,16.1738,462.43,36.87,2849.32,35.6347,2570.2749
106,3180.0,-1.122736,0.116019,1.073875,-1269.9982,137.9941,14.5295,35.7707,1.4705,6.1819e+01,100.9085,79.6855,16.1622,347.89,36.30,1953.03,32.7761,874.1592
107,3210.0,-1.121073,0.140043,1.060491,-1190.5371,140.7633,27.5515,79.4611,2.7693,6.1434e+01,100.3154,79.0404,16.1472,279.29,35.77,1442.84,38.8773,953.2999
108,3240.0,-1.131085,0.155504,1.049791,-1266.1464,142.2092,21.3017,75.6092,1.4459,6.1038e+01,99.7803,78.4722,16.1339,233.83,35.27,1121.03,45.5843,2597.5961
109,3270.0,-1.135873,0.166223,1.039307,-1321.1428,142.8583,15.7393,54.9965,0.6491,6.0722e+01,99.2509,77.8753,16.1173,201.56,34.80,903.06,42.1170,2512.0868
110,3300.0,-1.151568,0.173974,1.046298,-1206.3540,145.2810,18.8488,114.7888,2.4227,6.0441e+01,98.7269,77.2845,16.0982,177.50,34.36,747.54,40.1199,2357.5101
111,3330.0,-1.158155,0.165513,1.039987,-1130.6408,145.6843,12.4412,75.7131,0.4033,5.7023e+01,98.1757,76.7857,16.2846,2374.89,33.93,20000.00,36.6619,1153.7311
112,3360.0,-1.143735,0.175983,1.028667,-1144.4301,146.9873,21.1118,13.7893,1.3030,5.5667e+01,97.6320,76.1870,16.4329,1235.24,33.52,9876.04,27.8975,1073.0288
113,3390.0,-1.137079,0.178972,1.012789,-1139.0940,147.3176,17.4742,5.3361,0.3303,5.4629e+01,97.1255,75.6478,16.5600,141.64,33.13,474.39,35.7215,1161.7652
114,3420.0,-1.135254,0.166987,1.008586,-1228.6501,146.3667,12.8306,89.5562,0.9509,5.3829e+01,96.6251,75.0931,16.6622,130.46,32.76,418.79,24.8854,737.4936
115,3450.0,-1.142329,0.161745,1.009985,-1170.3187,148.2413,8.9164,58.3315,1.8746,5.3176e+01,96.1303,74.5439,16.7438,121.06,32.40,373.45,24.0265,917.8411
116,3480.0,-1.139451,0.177609,1.004094,-1331.2355,150.9053,17.1654,160.9169,2.6640,5.2638e+01,95.6407,74.0026,16.8082,113.05,32.06,335.94,32.3156,932.7874
117,3510.0,-1.131423,0.189535,1.000879,-1015.8854,154.9127,14.7313,315.3501,4.0075,4.6503e+01,95.2284,82.3239,16.8930,106.56,31.87,304.60,101.3733,1232.5175
118,3540.0,-1.123979,0.182290,1.002974,-1184.8053,154.6374,10.5963,168.9199,0.2753,5.1630e+01,94.7396,73.1057,16.9220,100.50,31.54,277.96,43.1961,861.5812
119,3570.0,-1.119827,0.173612,0.998954,-1379.3025,153.4665,10.4260,194.4972,1.1709,5.1397e+01,94.2557,72.5443,16.9430,95.20,31.23,255.18,36.0399,1411.1216
120,3600.0,-1.116840,0.178943,1.001988,-1193.9593,156.4019,6.8223,185.3431,2.9354,5.0753e+01,93.7822,72.1787,16.9600,90.53,30.94,235.55,43.1081,839.8805
121,3630.0,-1.115701,0.180849,1.007756,-1322.4871,153.2020,6.1805,128.5278,3.1998,4.7154e+01,93.4320,98.2812,17.0360,118.90,53.39,221.67,495.3971,1206.0386
122,3660.0,-1.116791,0.167610,1.008570,-1057.5318,154.3207,13.3090,264.9553,1.1186,4.8810e+01,93.0852,101.8865,17.0882,7571.08,52.94,20000.00,263.3656,599.0511
123,3690.0,-1.118515,0.169074,1.003097,-1147.1903,152.2211,5.9220,89.6585,2.0996,4.6132e+01,92.7381,91.2516,17.1261,1598.25,52.09,5092.51,44.4805,1271.7558
124,3720.0,-1.122135,0.182432,0.994674,-1267.4133,151.1729,16.2016,120.2230,1.0482,4.5942e+01,92.3980,89.9879,17.1583,762.87,51.33,2335.72,90.0214,1412.9536
125,3750.0,-1.134662,0.170965,0.997761,-1245.5167,151.3102,17.2610,21.8966,0.1373,4.5492e+01,92.0645,89.5808,17.2011,481.77,50.62,1400.57,87.7041,1273.6368
126,3780.0,-1.140523,0.156133,0.997059,-1152.9959,151.1291,15.9642,92.5208,0.1811,4.5123e+01,91.7684,88.9653,17.2433,347.95,49.94,957.38,114.3772,2625.8789
127,3810.0,-1.145334,0.160298,0.990801,-1094.0275,151.1767,8.9244,58.9684,0.0475,4.4839e+01,91.4761,88.2214,17.2766,290.55,48.97,707.23,23.7508,912.4882
128,3840.0,-1.140896,0.176454,0.989989,-971.6528,153.2062,16.7744,122.3747,2.0295,4.4610e+01,91.1874,87.4528,17.3029,235.37,47.73,550.02,16.9816,961.7288
129,3870.0,-1.147323,0.190698,0.991980,-1159.8318,154.6779,15.7533,188.1790,1.4717,4.4449e+01,90.9022,87.0567,17.3235,197.69,46.65,443.76,73.4198,1424.5859
130,3900.0,-1.155965,0.196893,0.983429,-1356.6015,154.2226,13.6449,196.7698,0.4553,4.4285e+01,90.6202,85.9391,17.3390,170.51,45.58,368.04,31.2150,1218.2982
131,3930.0,-1.150646,0.200826,0.975367,-1293.8417,154.3912,10.4284,62.7598,0.1686,4.4169e+01,90.3415,85.1631,17.3500,150.10,44.57,311.88,50.9208,1971.2920
132,3960.0,-1.151365,0.188078,0.971551,-1055.6815,152.9141,13.3260,238.1602,1.4771,4.3970e+01,90.0676,89.8488,17.3629,134.51,43.95,269.10,118.3975,1400.6577
133,3990.0,-1.138849,0.178198,0.972685,-1120.8836,150.5559,15.9856,65.2021,2.3582,4.3981e+01,89.7945,83.9538,17.3653,121.89,43.02,235.32,33.9685,1563.5724
134,4020.0,-1.142280,0.172884,0.967033,-978.9512,150.6223,8.4828,141.9324,0.0665,4.4007e+01,89.5246,82.9878,17.3655,111.65,42.16,208.29,53.0204,811.2691
135,4050.0,-1.145277,0.178909,0.964162,-1080.9761,152.4831,7.3154,102.0249,1.8608,4.4016e+01,89.2575,82.2848,17.3636,103.20,41.35,186.27,29.1535,1367.2930
136,4080.0,-1.138958,0.179690,0.959241,-1122.4891,152.1655,8.0473,41.5130,0.3176,4.4001e+01,88.9931,81.7253,17.3598,96.12,40.58,168.07,19.7373,1186.5687
137,4110.0,-1.139583,0.173046,0.956097,-1116.0787,151.4308,7.3772,6.4104,0.7347,4.3999e+01,88.7313,81.1759,17.3543,90.12,39.87,152.85,23.7574,1396.9286
138,4140.0,-1.143043,0.160513,0.951563,-1317.3217,147.4654,13.7693,201.2429,3.9654,4.3863e+01,88.4724,81.5479,17.3486,85.12,39.28,139.99,73.0026,1295.6947
139,4170.0,-1.145057,0.159027,0.948353,-1261.8800,148.0841,4.0707,55.4417,0.6187,4.4047e+01,88.2152,80.1279,17.3402,80.62,38.62,128.98,23.6371,528.4230
140,4200.0,-1.136211,0.165168,0.937238,-1158.7026,149.6424,15.4755,103.1775,1.5583,4.4078e+01,87.9603,79.5659,17.3299,76.70,38.00,119.50,31.0689,1405.2443
141,4230.0,-1.130954,0.171463,0.927349,-1297.1687,149.6513,12.8473,138.4661,0.0089,4.4133e+01,87.7075,79.0433,17.3184,73.26,37.42,111.28,37.2668,962.4181
142,4260.0,-1.131940,0.173717,0.924582,-1094.5940,151.2320,3.7024,202.5746,1.5807,4.4151e+01,87.4566,78.6979,17.3061,70.21,36.87,104.10,40.4872,563.7590
143,4290.0,-1.137311,0.159494,0.927065,-1015.7100,150.9903,15.4051,78.8840,0.2417,4.4287e+01,87.2074,78.0296,17.2925,67.49,36.33,97.79,47.9970,836.3356
144,4320.0,-1.143175,0.158353,0.923833,-1153.0369,150.3853,6.7919,137.3269,0.6050,4.4380e+01,86.9597,77.5275,17.2779,65.06,35.82,92.21,28.7098,794.0854
145,4350.0,-1.145130,0.161347,0.920647,-1360.3830,150.0639,4.7888,207.3460,0.3214,4.4398e+01,86.7138,77.2856,17.2630,62.90,35.34,87.26,41.1215,1089.4877
146,4380.0,-1.130626,0.166988,0.925877,-1162.7310,151.0247,16.4174,197.6520,0.9608,4.4604e+01,86.4687,76.5670,17.2465,60.91,34.87,82.84,16.2416,1054.8430
147,4410.0,-1.116635,0.154892,0.934069,-1191.4472,148.5285,20.2281,28.7161,2.4962,4.4727e+01,86.2247,76.0912,17.2290,59.11,34.42,80.89,30.6100,1608.7941
148,4440.0,-1.109279,0.148984,0.922594,-1446.9661,144.3100,14.8558,255.5189,4.2185,4.2828e+01,85.9897,80.6573,17.2237,57.96,34.10,79.40,91.3211,1454.8402
149,4470.0,-1.101854,0.147537,0.912487,-1277.1185,146.0552,12.6245,169.8476,1.7452,4.4954e+01,85.7457,75.2800,17.2024,56.37,33.67,77.99,58.4037,954.6426
150,4500.0,-1.088308,0.145013,0.916919,-1116.0446,147.8390,14.4750,161.0740,1.7838,4.5074e+01,85.5025,74.7597,17.1803,54.92,33.26,76.66,38.7129,1205.7227
151,4530.0,-1.084867,0.145538,0.913143,-1399.6847,145.0353,5.1358,283.6401,2.8037,4.1828e+01,85.2781,84.2149,17.1940,54.28,33.01,75.57,171.9161,879.2255
152,4560.0,-1.079867,0.138473,0.910391,-1424.8703,143.8216,9.0819,25.1856,1.2137,4.5070e+01,85.0326,74.1752,17.1641,52.95,32.61,74.36,18.4934,1066.8891
153,4590.0,-1.078645,0.119774,0.904080,-1233.5530,145.1530,19.7733,191.3173,1.3314,4.1865e+01,84.8063,80.2644,17.1692,52.22,32.35,73.38,176.4495,1420.3386
154,4620.0,-1.078914,0.127334,0.900463,-1356.9489,148.0684,8.3854,123.3959,2.9154,4.5169e+01,84.5589,73.4936,17.1343,51.04,31.98,72.28,16.3320,1241.4295
155,4650.0,-1.079950,0.131005,0.896918,-1318.7273,149.2339,5.2075,38.2216,1.1655,4.5321e+01,84.3122,73.0777,17.1025,49.96,31.62,71.23,15.8643,831.5064
156,4680.0,-1.087062,0.133695,0.899111,-1094.6529,151.2977,7.9141,224.0744,2.0637,4.4510e+01,84.0701,73.8544,17.0778,48.99,31.32,70.23,39.2657,798.5330
157,4710.0,-1.092308,0.131718,0.898449,-1168.2471,151.3738,5.6445,73.5942,0.0761,4.5485e+01,83.8228,72.4618,17.0511,48.06,30.99,69.28,13.4623,843.7716
158,4740.0,-1.098358,0.136079,0.901366,-1358.8319,152.3642,8.0085,190.5848,0.9904,4.5540e+01,83.5758,72.1978,17.0260,47.21,30.67,68.38,29.1600,1566.2854
159,4770.0,-1.097798,0.147169,0.901542,-1174.3305,155.1343,11.1049,184.5014,2.7701,4.5649e+01,83.3275,71.8147,17.0018,46.40,30.36,67.52,17.6030,1845.8307
160,4800.0,-1.098094,0.162677,0.893055,-1077.1821,157.7191,17.6815,97.1484,2.5848,4.5723e+01,83.0783,71.5015,16.9784,45.65,30.07,66.69,17.3622,1627.7526
161,4830.0,-1.100064,0.173515,0.880834,-1257.6442,156.9891,16.4524,180.4621,0.7301,4.5720e+01,82.8297,71.3675,16.9567,44.96,29.78,65.90,39.2997,1091.6783
162,4860.0,-1.097289,0.167481,0.880096,-1262.1376,155.3335,6.6820,4.4934,1.6555,4.5874e+01,82.5777,70.8890,16.9342,44.29,29.51,65.14,14.2375,1143.7979
163,4890.0,-1.097608,0.157523,0.883866,-1306.8347,154.0969,10.6528,44.6971,1.2367,4.5888e+01,82.3242,70.5816,16.9143,43.66,29.24,64.42,17.8398,1613.2220
164,4920.0,-1.101863,0.146259,0.881683,-1119.6786,154.3869,12.2374,187.1562,0.2900,4.4928e+01,82.0759,71.1413,16.9005,43.09,29.00,63.74,64.0366,1571.7169
165,4950.0,-1.102632,0.133977,0.880035,-1139.9405,153.6688,12.4161,20.2619,0.7181,4.5896e+01,81.8177,69.9923,16.8834,42.53,28.74,63.09,29.3688,1039.3328
166,4980.0,-1.095662,0.122609,0.878788,-1070.7639,153.6367,13.3926,69.1766,0.0321,4.5900e+01,81.5573,69.6812,16.8668,42.00,28.50,62.47,34.4445,1151.7006
167,5010.0,-1.102509,0.110529,0.883808,-1127.8544,152.4783,14.7647,57.0905,1.1584,4.5897e+01,81.2944,69.3824,16.8509,41.49,28.25,61.88,17.9876,866.4664
168,5040.0,-1.107456,0.105793,0.891436,-1400.1237,151.4671,10.2521,272.2693,1.0113,4.2701e+01,81.0675,73.0239,16.8571,41.12,28.07,61.32,51.3213,993.1186
169,5070.0,-1.110865,0.097388,0.892344,-1230.8229,151.4061,9.1147,169.3007,0.0610,4.5885e+01,80.7944,68.8607,16.8389,40.65,27.83,60.77,29.7663,725.7430
170,5100.0,-1.105870,0.078630,0.887183,-1141.4096,150.7092,20.0866,89.4133,0.6969,4.5839e+01,80.5185,68.5050,16.8197,40.20,27.61,60.24,49.5475,1414.0358
171,5130.0,-1.096219,0.066510,0.881155,-1287.8979,148.8661,16.6249,146.4883,1.8432,4.5817e+01,80.2396,68.2034,16.8018,39.77,27.38,59.72,13.3834,1572.2779
172,5160.0,-1.095736,0.067118,0.873636,-1397.4640,148.6744,7.5594,109.5661,0.1917,4.5796e+01,79.9574,67.9039,16.7851,39.36,27.17,59.22,13.8145,983.7036
173,5190.0,-1.099023,0.060795,0.871278,-1405.6257,148.3838,7.5061,8.1617,0.2906,4.5769e+01,79.6717,67.6048,16.7692,38.96,26.95,58.73,16.4682,481.4848
174,5220.0,-1.096978,0.055163,0.864441,-1327.5465,148.1268,9.0905,78.0792,0.2570,4.5734e+01,79.3823,67.3061,16.7541,38.58,26.75,58.25,23.7901,973.4483
175,5250.0,-1.093347,0.045576,0.863885,-1254.3170,148.4696,10.2666,73.2295,0.3427,4.5692e+01,79.0891,67.0074,16.7395,38.21,26.54,57.78,29.0676,669.3852
176,5280.0,-1.093246,0.033930,0.861126,-1161.9358,148.1931,11.9694,92.3812,0.2764,4.5644e+01,78.7918,66.7088,16.7254,37.86,26.35,57.33,31.4511,793.7808
177,5310.0,-1.089996,0.025837,0.859043,-1307.2165,147.7605,8.9659,145.2808,0.4326,4.5589e+01,78.4902,66.4099,16.7115,37.52,26.15,56.88,16.0912,607.3426
178,5340.0,-1.099330,0.024079,0.859949,-1448.1686,147.3944,9.5420,140.9520,0.3661,4.5527e+01,78.1844,66.1108,16.6979,37.18,25.96,56.45,21.6797,660.6989
179,5370.0,-1.109616,0.016940,0.859533,-1164.7141,149.0293,12.5276,283.4545,1.6349,3.9141e+01,77.9679,72.0800,16.7499,36.96,25.82,56.09,100.7946,857.6683
180,5400.0,-1.106889,0.009937,0.858185,-1299.0394,149.5610,7.6353,134.3253,0.5317,4.5301e+01,77.6438,65.6145,16.7212,36.64,25.63,55.67,26.6670,988.2041
181,5430.0,-1.108689,0.017659,0.852676,-1439.6386,150.8647,9.6554,140.5992,1.3037,4.5283e+01,77.3157,65.2634,16.6949,36.33,25.45,55.25,29.0552,926.7467
182,5460.0,-1.107804,0.029380,0.852533,-1070.5576,154.9217,11.7554,369.0810,4.0569,3.7595e+01,77.1117,73.2533,16.7662,36.13,25.32,54.94,77.0918,1134.7073
183,5490.0,-1.104820,0.029463,0.847460,-1036.7888,155.2883,5.8863,33.7687,0.3667,4.4863e+01,76.7660,64.8785,16.7231,35.83,25.14,54.53,23.3017,691.9120
184,5520.0,-1.102888,0.034344,0.847463,-1207.4658,154.8752,5.2491,170.6770,0.4131,4.4525e+01,76.4296,64.9570,16.6895,35.54,24.96,54.13,41.8102,744.9929
185,5550.0,-1.105768,0.027295,0.846208,-1253.6723,154.5573,7.7170,46.2065,0.3178,4.4553e+01,76.0821,64.4151,16.6594,35.26,24.79,53.73,22.8951,659.2475
186,5580.0,-1.104646,0.019558,0.844816,-1303.0268,153.4439,7.9405,49.3545,1.1135,4.4310e+01,75.7336,64.1891,16.6341,34.99,24.62,53.34,22.5595,820.6255
187,5610.0,-1.111379,0.028142,0.848173,-1156.9831,156.5690,11.4141,146.0437,3.1251,4.4069e+01,75.3840,63.9743,16.6127,34.73,24.45,52.95,23.6542,1843.7983
188,5640.0,-1.121357,0.033528,0.847796,-1032.2297,157.1853,11.3453,124.7534,0.6164,4.3816e+01,75.0331,63.7619,16.5943,34.47,24.29,52.57,23.6713,1083.0834
189,5670.0,-1.127803,0.026468,0.845839,-1146.5702,155.3846,9.7583,114.3405,1.8008,4.3554e+01,74.6807,63.5509,16.5782,34.23,24.13,52.20,20.7343,967.6884
190,5700.0,-1.129581,0.025587,0.845547,-1351.6753,154.5595,2.0055,205.1050,0.8251,4.3006e+01,74.3416,63.8065,16.5665,33.99,23.97,51.83,25.9335,477.7930
191,5730.0,-1.123151,0.032318,0.842531,-1060.9246,157.2457,9.7856,290.7506,2.6862,3.5595e+01,74.1988,79.7681,16.6786,36.67,30.73,51.60,194.5114,851.6902
